# Phosphoserine, phosphothreonine and phosphotyrosine residues coordinated by
# Lys or Arg in human X-ray structures at 2.0 Å resolution or better.
# One row per phosphoresidue-to-Lys/Arg contact, and one row with n_contacts 0 for each
# phosphoresidue with no such contact. Written by find_coordinated_phosphoresidues.py.
#
# structures_searched  1236
# release_cutoff       2026-09-16
# retrieved            2026-09-21
#
# chain_length      residues in the polymer entity, or observed residues where unavailable
# acc, site         UniProt accession and position in its canonical sequence
# site_evidence     UniProt evidence for phosphorylation at that position
# mapping           how site was obtained: sifts, author_numbering, sifts_conflict or unmapped
# mapping_ok        the canonical sequence carries the expected Ser, Thr or Tyr at site
# single_segment    the chain maps to one contiguous UniProt segment
# phos_resnum       residue number as deposited, with phos_icode the insertion code
# asa_chain         accessible surface area (Å²) of the phosphoresidue, DSSP on the isolated chain
# relasa_chain      asa_chain over the reference maximum for that residue type
# buried            relasa_chain <= 0.25
# relasa_assembly   the same quantity for the deposited assembly, reported but not used
# n_contacts        distinct Lys or Arg side chains of this chain coordinating the phosphate;
#                   0 for a phosphoresidue with none, whose coordination fields are empty
# dist_charged      Å between the closest atoms of the two charged groups, cut-off 4.0
# dist_heavy        Å between the closest non-hydrogen atoms of the two residues
# is_peptide        chain shorter than 30 residues, i.e. a substrate phosphopeptide
# include           is_human and mapping_ok and not is_peptide
pdb_id	resolution	method	chain	chain_length	protein_name	acc	site	site_evidence	mapping	mapping_ok	single_segment	phos_res	phos_resnum	phos_icode	asa_chain	relasa_chain	buried	relasa_assembly	n_contacts	coord_res	coord_resnum	phos_atom	coord_atom	dist_charged	dist_heavy	is_human	is_peptide	include
6TW2	1.8	X-ray	E	339	Dual specificity protein kinase CLK1	P49759	341	not_annotated	sifts	True	True	SEP	341		0	0.0	True	0.0	1	ARG	343	O2P	NH1	3.03	2.84	True	False	True
6GLC	1.8	X-ray	A	389	E3 ubiquitin-protein ligase parkin	O60260	65	experimental	sifts	True	True	SEP	65		4	0.018	True	0.018	3	LYS	211	O2P	NZ	2.53	2.53	True	False	True
6GLC	1.8	X-ray	A	389	E3 ubiquitin-protein ligase parkin	O60260	65	experimental	sifts	True	True	SEP	65		4	0.018	True	0.018	3	ARG	163	O1P	NE	2.69	2.69	True	False	True
6GLC	1.8	X-ray	A	389	E3 ubiquitin-protein ligase parkin	O60260	65	experimental	sifts	True	True	SEP	65		4	0.018	True	0.018	3	LYS	161	O3P	NZ	2.77	2.77	True	False	True
6FHK	1.657	X-ray	B	381	Heat shock 70 kDa protein 1A	P0DMV8	66	mapping_conflict	sifts_conflict	False	True	SEP	66		5	0.022	True	0.022	1	ARG	261	O3P	NH2	2.86	2.86	True	False	False
6FHK	1.657	X-ray	A	381	Heat shock 70 kDa protein 1A	P0DMV8	66	mapping_conflict	sifts_conflict	False	True	SEP	66		5	0.022	True	0.022	1	ARG	261	O1P	NH2	2.9	2.9	True	False	False
5H0G	1.8	X-ray	A	454	Tyrosine-protein kinase HCK	P08631	522	experimental	sifts	True	True	PTR	527		9	0.027	True	0.027	2	ARG	156	O3P	NE	2.61	2.61	True	False	True
5H0G	1.8	X-ray	A	454	Tyrosine-protein kinase HCK	P08631	522	experimental	sifts	True	True	PTR	527		9	0.027	True	0.027	2	ARG	176	O2P	NH1	2.79	2.79	True	False	True
3TMP	1.91	X-ray	G	184	OTU domain-containing protein 5	Q96G74	177	experimental	author_numbering	True		SEP	177		7	0.031	True	0.0	2	LYS	273	O2P	NZ	2.67	2.67	True	False	True
3TMP	1.91	X-ray	G	184	OTU domain-containing protein 5	Q96G74	177	experimental	author_numbering	True		SEP	177		7	0.031	True	0.0	2	ARG	272	O3P	NH2	2.69	2.69	True	False	True
3TMP	1.91	X-ray	C	184	OTU domain-containing protein 5	Q96G74	177	experimental	sifts	True	True	SEP	177		7	0.031	True	0.0	2	LYS	273	O2P	NZ	2.76	2.76	True	False	True
3TMP	1.91	X-ray	C	184	OTU domain-containing protein 5	Q96G74	177	experimental	sifts	True	True	SEP	177		7	0.031	True	0.0	2	ARG	272	O3P	NH2	2.86	2.86	True	False	True
5H0B	1.651	X-ray	A	454	Tyrosine-protein kinase HCK	P08631	522	experimental	sifts	True	True	PTR	527		11	0.033	True	0.033	2	ARG	156	O3P	NE	2.63	2.63	True	False	True
5H0B	1.651	X-ray	A	454	Tyrosine-protein kinase HCK	P08631	522	experimental	sifts	True	True	PTR	527		11	0.033	True	0.033	2	ARG	176	O3P	NH2	2.83	2.83	True	False	True
3TMP	1.91	X-ray	A	184	OTU domain-containing protein 5	Q96G74	177	experimental	author_numbering	True		SEP	177		8	0.035	True	0.0	2	LYS	273	O2P	NZ	2.71	2.71	True	False	True
3TMP	1.91	X-ray	E	184	OTU domain-containing protein 5	Q96G74	177	experimental	sifts	True	True	SEP	177		8	0.035	True	0.0	2	LYS	273	O2P	NZ	2.72	2.72	True	False	True
3TMP	1.91	X-ray	A	184	OTU domain-containing protein 5	Q96G74	177	experimental	author_numbering	True		SEP	177		8	0.035	True	0.0	2	ARG	272	O1P	NH2	2.74	2.74	True	False	True
3TMP	1.91	X-ray	E	184	OTU domain-containing protein 5	Q96G74	177	experimental	sifts	True	True	SEP	177		8	0.035	True	0.0	2	ARG	272	O1P	NH1	2.87	2.87	True	False	True
1ZEB	1.9	X-ray	A	484	Alkaline phosphatase	P05187	114	not_annotated	sifts	True	True	SEP	92		8	0.035	True	0.035	1	ARG	166	O1P	NH2	2.82	2.82	True	False	True
5H0H	1.72	X-ray	A	454	Tyrosine-protein kinase HCK	P08631	522	experimental	sifts	True	True	PTR	527		12	0.036	True	0.036	2	ARG	156	O1P	NE	2.67	2.67	True	False	True
5H0H	1.72	X-ray	A	454	Tyrosine-protein kinase HCK	P08631	522	experimental	sifts	True	True	PTR	527		12	0.036	True	0.036	2	ARG	176	O3P	NH1	2.79	2.79	True	False	True
3MK0	1.9	X-ray	A	484	Alkaline phosphatase, placental type	P05187	114	not_annotated	sifts	True	True	SEP	92		9	0.04	True	0.04	1	ARG	166	O1P	NH1	2.78	2.78	True	False	True
3MK1	1.57	X-ray	A	484	Alkaline phosphatase, placental type	P05187	114	not_annotated	sifts	True	True	SEP	92		10	0.044	True	0.044	1	ARG	166	O2P	NH2	2.71	2.71	True	False	True
2GLQ	1.6	X-ray	A	484	Alkaline phosphatase, placental type	P05187	114	not_annotated	sifts	True	True	SEP	92		10	0.044	True	0.044	1	ARG	166	O2P	NH1	2.81	2.81	True	False	True
1ZEF	1.9	X-ray	A	484	Alkaline phosphatase	P05187	114	not_annotated	sifts	True	True	SEP	92		11	0.049	True	0.049	1	ARG	166	O1P	NH1	2.7	2.7	True	False	True
5H09	1.945	X-ray	A	454	Tyrosine-protein kinase HCK	P08631	522	experimental	sifts	True	True	PTR	527		17	0.051	True	0.051	2	ARG	156	O3P	NE	2.55	2.55	True	False	True
5H09	1.945	X-ray	A	454	Tyrosine-protein kinase HCK	P08631	522	experimental	sifts	True	True	PTR	527		17	0.051	True	0.051	2	ARG	176	O2P	NH1	2.78	2.78	True	False	True
3MK2	1.89	X-ray	A	484	Alkaline phosphatase, placental type	P05187	114	not_annotated	sifts	True	True	SEP	92		12	0.053	True	0.053	1	ARG	166	O2P	NH2	2.7	2.7	True	False	True
9KBO	2.0	X-ray	A	291	Shiftless antiviral inhibitor of ribosomal frameshifting protein	Q9NUL5	253	not_annotated	sifts	True	True	TPO	253		15	0.062	True	0.062	3	ARG	131	O1P	NH1	2.7	2.7	True	False	True
9KBO	2.0	X-ray	A	291	Shiftless antiviral inhibitor of ribosomal frameshifting protein	Q9NUL5	253	not_annotated	sifts	True	True	TPO	253		15	0.062	True	0.062	3	ARG	133	O2P	NH2	3.02	3.02	True	False	True
9KBO	2.0	X-ray	A	291	Shiftless antiviral inhibitor of ribosomal frameshifting protein	Q9NUL5	253	not_annotated	sifts	True	True	TPO	253		15	0.062	True	0.062	3	ARG	121	O2P	NE	3.41	3.41	True	False	True
9KBO	2.0	X-ray	B	291	Shiftless antiviral inhibitor of ribosomal frameshifting protein	Q9NUL5	253	not_annotated	sifts	True	True	TPO	253		16	0.066	True	0.066	3	ARG	133	O2P	NH2	2.35	2.35	True	False	True
9KBO	2.0	X-ray	B	291	Shiftless antiviral inhibitor of ribosomal frameshifting protein	Q9NUL5	253	not_annotated	sifts	True	True	TPO	253		16	0.066	True	0.066	3	ARG	121	O3P	NE	2.81	2.81	True	False	True
9KBO	2.0	X-ray	B	291	Shiftless antiviral inhibitor of ribosomal frameshifting protein	Q9NUL5	253	not_annotated	sifts	True	True	TPO	253		16	0.066	True	0.066	3	ARG	131	O1P	NE	3.12	2.77	True	False	True
9KBO	2.0	X-ray	C	291	Shiftless antiviral inhibitor of ribosomal frameshifting protein	Q9NUL5	250	not_annotated	sifts	True	True	TPO	250		16	0.066	True	0.066	2	LYS	127	O2P	NZ	2.55	2.55	True	False	True
9KBO	2.0	X-ray	C	291	Shiftless antiviral inhibitor of ribosomal frameshifting protein	Q9NUL5	250	not_annotated	sifts	True	True	TPO	250		16	0.066	True	0.066	2	ARG	138	O1P	NH1	2.8	2.8	True	False	True
9KBO	2.0	X-ray	D	291	Shiftless antiviral inhibitor of ribosomal frameshifting protein	Q9NUL5	250	not_annotated	sifts	True	True	TPO	250		16	0.066	True	0.066	2	ARG	138	O1P	NH1	3.15	3.15	True	False	True
9KBO	2.0	X-ray	D	291	Shiftless antiviral inhibitor of ribosomal frameshifting protein	Q9NUL5	250	not_annotated	sifts	True	True	TPO	250		16	0.066	True	0.066	2	LYS	127	O2P	NZ	3.35	2.93	True	False	True
9KBO	2.0	X-ray	A	291	Shiftless antiviral inhibitor of ribosomal frameshifting protein	Q9NUL5	250	not_annotated	sifts	True	True	TPO	250		18	0.074	True	0.074	2	LYS	127	O2P	NZ	2.64	2.64	True	False	True
9KBO	2.0	X-ray	A	291	Shiftless antiviral inhibitor of ribosomal frameshifting protein	Q9NUL5	250	not_annotated	sifts	True	True	TPO	250		18	0.074	True	0.074	2	ARG	138	O1P	NH1	2.9	2.9	True	False	True
6TW2	1.8	X-ray	E	339	Dual specificity protein kinase CLK1	P49759	342	not_annotated	sifts	True	True	TPO	342		18	0.074	True	0.074	0							True	False	True
9BYJ	1.8	X-ray	A	454	Tyrosine-protein kinase HCK	P08631	524	mapping_conflict	sifts_conflict	False	True	PTR	527		25	0.075	True	0.075	2	ARG	155	O3P	NE	2.78	2.78	True	False	False
9BYJ	1.8	X-ray	A	454	Tyrosine-protein kinase HCK	P08631	524	mapping_conflict	sifts_conflict	False	True	PTR	527		25	0.075	True	0.075	2	ARG	175	O3P	NH2	2.9	2.9	True	False	False
9KBO	2.0	X-ray	B	291	Shiftless antiviral inhibitor of ribosomal frameshifting protein	Q9NUL5	250	not_annotated	sifts	True	True	TPO	250		20	0.082	True	0.082	2	LYS	127	O2P	NZ	1.95	1.95	True	False	True
9KBO	2.0	X-ray	B	291	Shiftless antiviral inhibitor of ribosomal frameshifting protein	Q9NUL5	250	not_annotated	sifts	True	True	TPO	250		20	0.082	True	0.082	2	ARG	138	O1P	NH1	3.01	3.01	True	False	True
9KBO	2.0	X-ray	D	291	Shiftless antiviral inhibitor of ribosomal frameshifting protein	Q9NUL5	253	not_annotated	sifts	True	True	TPO	253		20	0.082	True	0.082	2	ARG	121	O3P	NE	3.05	3.05	True	False	True
9KBO	2.0	X-ray	D	291	Shiftless antiviral inhibitor of ribosomal frameshifting protein	Q9NUL5	253	not_annotated	sifts	True	True	TPO	253		20	0.082	True	0.082	2	ARG	131	O1P	NE	3.09	3.08	True	False	True
9KBO	2.0	X-ray	C	291	Shiftless antiviral inhibitor of ribosomal frameshifting protein	Q9NUL5	253	not_annotated	sifts	True	True	TPO	253		20	0.082	True	0.082	1	ARG	121	O3P	NE	2.85	2.85	True	False	True
2J0I	1.6	X-ray	A	303	SERINE/THREONINE-PROTEIN KINASE PAK 4	O96013	474	experimental	author_numbering	True		SEP	474		19	0.084	True	0.084	3	ARG	439	O2P	NH2	2.76	2.76	True	False	True
2J0I	1.6	X-ray	A	303	SERINE/THREONINE-PROTEIN KINASE PAK 4	O96013	474	experimental	author_numbering	True		SEP	474		19	0.084	True	0.084	3	ARG	472	O1P	NH2	2.8	2.8	True	False	True
2J0I	1.6	X-ray	A	303	SERINE/THREONINE-PROTEIN KINASE PAK 4	O96013	474	experimental	author_numbering	True		SEP	474		19	0.084	True	0.084	3	ARG	359	O3P	NH2	2.92	2.74	True	False	True
1QCF	2.0	X-ray	A	454	Tyrosine-protein kinase HCK	P08631	524	mapping_conflict	sifts_conflict	False	True	PTR	527		30	0.09	True	0.09	2	ARG	175	O2P	NH2	2.76	2.76	True	False	False
1QCF	2.0	X-ray	A	454	Tyrosine-protein kinase HCK	P08631	524	mapping_conflict	sifts_conflict	False	True	PTR	527		30	0.09	True	0.09	2	ARG	155	O2P	NH2	3.02	3.02	True	False	False
5VG7	1.95000322932	X-ray	A	564	Phosphoglucomutase-1	P36871	117	experimental	sifts	True	True	SEP	117		21	0.093	True	0.093	2	ARG	23	O3P	NH2	3.02	3.02	True	False	True
5VG7	1.95000322932	X-ray	A	564	Phosphoglucomutase-1	P36871	117	experimental	sifts	True	True	SEP	117		21	0.093	True	0.093	2	ARG	293	O2P	CZ	3.28	3.28	True	False	True
5JN5	1.75	X-ray	A	585	Phosphoglucomutase-1	P36871	117	experimental	sifts	True	True	SEP	117		22	0.097	True	0.097	2	ARG	23	O2P	NH2	2.76	2.76	True	False	True
5JN5	1.75	X-ray	A	585	Phosphoglucomutase-1	P36871	117	experimental	sifts	True	True	SEP	117		22	0.097	True	0.097	2	ARG	293	O3P	NE	2.83	2.83	True	False	True
5VBI	1.75000083769	X-ray	A	585	Phosphoglucomutase-1	P36871	117	experimental	sifts	True	True	SEP	117		24	0.106	True	0.106	1	ARG	293	O1P	NE	2.86	2.86	True	False	True
9UJ2	1.8	X-ray	B	249	14-3-3 protein zeta/delta,Peptide from Nucleoprotein	P0DTC9	205	not_annotated	sifts	True	True	TPO	238		26	0.107	True	0.107	3	ARG	127	O2P	NH1	2.78	2.78	False	False	False
9UJ2	1.8	X-ray	B	249	14-3-3 protein zeta/delta,Peptide from Nucleoprotein	P0DTC9	205	not_annotated	sifts	True	True	TPO	238		26	0.107	True	0.107	3	ARG	56	O3P	NH1	2.83	2.83	False	False	False
9UJ2	1.8	X-ray	A	249	14-3-3 protein zeta/delta,Peptide from Nucleoprotein	P0DTC9	205	not_annotated	sifts	True	True	TPO	238		26	0.107	True	0.107	3	ARG	127	O3P	NH1	2.85	2.85	False	False	False
9UJ2	1.8	X-ray	B	249	14-3-3 protein zeta/delta,Peptide from Nucleoprotein	P0DTC9	205	not_annotated	sifts	True	True	TPO	238		26	0.107	True	0.107	3	ARG	236	O2P	NH2	2.86	2.86	False	False	False
9UJ2	1.8	X-ray	A	249	14-3-3 protein zeta/delta,Peptide from Nucleoprotein	P0DTC9	205	not_annotated	sifts	True	True	TPO	238		26	0.107	True	0.107	3	ARG	236	O3P	NH1	2.88	2.88	False	False	False
9UJ2	1.8	X-ray	A	249	14-3-3 protein zeta/delta,Peptide from Nucleoprotein	P0DTC9	205	not_annotated	sifts	True	True	TPO	238		26	0.107	True	0.107	3	ARG	56	O3P	NH2	2.91	2.91	False	False	False
3CI5	1.7	X-ray	A	375	Major actin	P07830	54	experimental	sifts	True	True	PTR	53		37	0.111	True	0.111	1	LYS	61	O3P	NZ	2.72	2.72	False	False	False
1FMK	1.5	X-ray	A	452	TYROSINE-PROTEIN KINASE SRC	P12931	530	experimental	sifts	True	True	PTR	527		40	0.12	True	0.12	2	ARG	175	O2P	NH2	2.72	2.72	True	False	True
8JN8	1.902	X-ray	A	536	Proto-oncogene tyrosine-protein kinase Src	P12931	530	experimental	sifts	True	True	PTR	530		40	0.12	True	0.12	2	ARG	178	O1P	NH2	2.74	2.74	True	False	True
1FMK	1.5	X-ray	A	452	TYROSINE-PROTEIN KINASE SRC	P12931	530	experimental	sifts	True	True	PTR	527		40	0.12	True	0.12	2	ARG	155	O2P	NE	2.77	2.77	True	False	True
8JN8	1.902	X-ray	A	536	Proto-oncogene tyrosine-protein kinase Src	P12931	530	experimental	sifts	True	True	PTR	530		40	0.12	True	0.12	2	ARG	158	O1P	NH1	3.27	3.27	True	False	True
3CD3	1.98	X-ray	A	377	Proto-oncogene tyrosine-protein kinase Fes/Fps	P07332	713	experimental	sifts	True	True	PTR	713		48	0.144	True	0.144	2	ARG	706	O1P	NH2	2.72	2.72	True	False	True
3CD3	1.98	X-ray	A	377	Proto-oncogene tyrosine-protein kinase Fes/Fps	P07332	713	experimental	sifts	True	True	PTR	713		48	0.144	True	0.144	2	ARG	682	O1P	NH1	3.34	3.34	True	False	True
5JN5	1.75	X-ray	B	585	Phosphoglucomutase-1	P36871	117	experimental	sifts	True	True	SEP	117		34	0.15	True	0.15	1	ARG	293	O1P	NE	3.19	3.19	True	False	True
5VBI	1.75000083769	X-ray	B	585	Phosphoglucomutase-1	P36871	117	experimental	sifts	True	True	SEP	117		35	0.155	True	0.155	1	ARG	293	O2P	NE	3.15	3.15	True	False	True
2SRC	1.5	X-ray	A	452	TYROSINE-PROTEIN KINASE SRC	P12931	530	experimental	sifts	True	True	PTR	527		52	0.156	True	0.156	2	ARG	155	O1P	NE	2.75	2.75	True	False	True
2SRC	1.5	X-ray	A	452	TYROSINE-PROTEIN KINASE SRC	P12931	530	experimental	sifts	True	True	PTR	527		52	0.156	True	0.156	2	ARG	175	O2P	NH1	2.8	2.8	True	False	True
6O94	1.98	X-ray	D	320	Interleukin-1 receptor-associated kinase 4	Q9NWZ3	345	experimental	author_numbering	True		TPO	345		39	0.16	True	0.16	2	ARG	334	O2P	NH2	2.78	2.78	True	False	True
6O94	1.98	X-ray	D	320	Interleukin-1 receptor-associated kinase 4	Q9NWZ3	345	experimental	author_numbering	True		TPO	345		39	0.16	True	0.16	2	ARG	347	O2P	NH1	2.8	2.8	True	False	True
8UCB	1.85	X-ray	A	307	Interleukin-1 receptor-associated kinase 4	Q9NWZ3	345	experimental	author_numbering	True		TPO	345		40	0.165	True	0.165	1	ARG	334	O1P	NH2	2.42	2.42	True	False	True
2OIB	2.0	X-ray	B	301	Interleukin-1 receptor-associated kinase 4	Q9NWZ3	345	experimental	author_numbering	True		TPO	345		41	0.169	True	0.169	2	ARG	334	O3P	NH1	2.75	2.75	True	False	True
6O94	1.98	X-ray	B	320	Interleukin-1 receptor-associated kinase 4	Q9NWZ3	345	experimental	author_numbering	True		TPO	345		41	0.169	True	0.169	2	ARG	334	O1P	NH2	2.77	2.77	True	False	True
6O94	1.98	X-ray	B	320	Interleukin-1 receptor-associated kinase 4	Q9NWZ3	345	experimental	author_numbering	True		TPO	345		41	0.169	True	0.169	2	ARG	347	O1P	NH1	3.01	3.01	True	False	True
2OIB	2.0	X-ray	B	301	Interleukin-1 receptor-associated kinase 4	Q9NWZ3	345	experimental	author_numbering	True		TPO	345		41	0.169	True	0.169	2	ARG	347	O1P	NH2	3.27	3.13	True	False	True
9R9K	1.87	X-ray	C	308	Interleukin-1 receptor-associated kinase 4	Q9NWZ3	345	experimental	sifts	True	True	TPO	345		42	0.173	True	0.173	2	ARG	334	O2P	NH1	2.57	2.57	True	False	True
9R9K	1.87	X-ray	D	308	Interleukin-1 receptor-associated kinase 4	Q9NWZ3	345	experimental	author_numbering	True		TPO	345		42	0.173	True	0.173	2	ARG	334	O2P	NH2	2.58	2.58	True	False	True
9R9K	1.87	X-ray	C	308	Interleukin-1 receptor-associated kinase 4	Q9NWZ3	345	experimental	sifts	True	True	TPO	345		42	0.173	True	0.173	2	ARG	347	O2P	NH2	3.0	3.0	True	False	True
9R9K	1.87	X-ray	D	308	Interleukin-1 receptor-associated kinase 4	Q9NWZ3	345	experimental	author_numbering	True		TPO	345		42	0.173	True	0.173	2	ARG	347	O2P	NH2	3.05	3.05	True	False	True
3WF7	1.85	X-ray	A	329	Ribosomal protein S6 kinase beta-1	P23443	252	experimental	author_numbering	True		TPO	252		42	0.173	True	0.173	1	ARG	267	O1P	NE	2.68	2.68	True	False	True
8I7S	1.94635467805	X-ray	B	272	Tyrosine-protein kinase ABL1	P00519	393	experimental	sifts	True	True	PTR	393		58	0.174	True	0.174	1	LYS	285	O3P	NZ	2.86	2.86	True	False	True
9R9K	1.87	X-ray	A	308	Interleukin-1 receptor-associated kinase 4	Q9NWZ3	345	experimental	sifts	True	True	TPO	345		43	0.177	True	0.177	2	ARG	334	O2P	NH1	2.53	2.53	True	False	True
8TVN	1.95	X-ray	C	307	Interleukin-1 receptor-associated kinase 4	Q9NWZ3	345	experimental	author_numbering	True		TPO	345		43	0.177	True	0.177	2	ARG	334	O3P	NH2	2.55	2.55	True	False	True
9R9K	1.87	X-ray	B	308	Interleukin-1 receptor-associated kinase 4	Q9NWZ3	345	experimental	sifts	True	True	TPO	345		43	0.177	True	0.177	2	ARG	334	O2P	NH2	2.56	2.56	True	False	True
9R9K	1.87	X-ray	B	308	Interleukin-1 receptor-associated kinase 4	Q9NWZ3	345	experimental	sifts	True	True	TPO	345		43	0.177	True	0.177	2	ARG	347	O2P	NH2	2.99	2.99	True	False	True
9R9K	1.87	X-ray	A	308	Interleukin-1 receptor-associated kinase 4	Q9NWZ3	345	experimental	sifts	True	True	TPO	345		43	0.177	True	0.177	2	ARG	347	O2P	NH2	3.02	3.02	True	False	True
8TVN	1.95	X-ray	C	307	Interleukin-1 receptor-associated kinase 4	Q9NWZ3	345	experimental	author_numbering	True		TPO	345		43	0.177	True	0.177	2	ARG	347	O3P	NH2	3.05	3.01	True	False	True
3CLY	2.0	X-ray	A	334	Fibroblast growth factor receptor 2	P21802		unmapped	unmapped	False		PTR	1657		60	0.18	True	0.18	2	ARG	1649	O3P	NE	2.64	2.64	True	False	False
3CLY	2.0	X-ray	A	334	Fibroblast growth factor receptor 2	P21802		unmapped	unmapped	False		PTR	1657		60	0.18	True	0.18	2	LYS	1659	O2P	NZ	3.2	3.13	True	False	False
5ZJW	1.798	X-ray	A	293	Serine/threonine-protein kinase PAK 4	O96013	474	experimental	sifts	True	True	SEP	474		41	0.181	True	0.181	3	ARG	472	O2P	NH2	2.33	2.33	True	False	True
5ZJW	1.798	X-ray	A	293	Serine/threonine-protein kinase PAK 4	O96013	474	experimental	sifts	True	True	SEP	474		41	0.181	True	0.181	3	ARG	439	O1P	NH2	2.63	2.63	True	False	True
5ZJW	1.798	X-ray	A	293	Serine/threonine-protein kinase PAK 4	O96013	474	experimental	sifts	True	True	SEP	474		41	0.181	True	0.181	3	ARG	359	O3P	NH2	2.78	2.78	True	False	True
6UYA	1.74	X-ray	C	320	Interleukin-1 receptor-associated kinase 4	Q9NWZ3	345	experimental	author_numbering	True		TPO	345		44	0.181	True	0.181	2	ARG	334	O2P	NH1	2.81	2.81	True	False	True
6UYA	1.74	X-ray	C	320	Interleukin-1 receptor-associated kinase 4	Q9NWZ3	345	experimental	author_numbering	True		TPO	345		44	0.181	True	0.181	2	ARG	347	O1P	NH1	2.84	2.84	True	False	True
9HI4	2.0	X-ray	C	220	FI6-focused design_03	A0ABC9N7E0	54	predicted	sifts	True	True	SEP	37		41	0.181	True	0.181	0							False	False	False
3Q6W	1.75	X-ray	A	307	Hepatocyte growth factor receptor	P08581	1235	experimental	sifts	True	True	PTR	1235		61	0.183	True	0.183	1	ARG	1227	O1P	NE	2.94	2.94	True	False	True
6ZQS	1.95	X-ray	A	362	Mitogen-activated protein kinase 14	Q16539	180	experimental	author_numbering	True		TPO	180		45	0.185	True	0.14	4	ARG	70	O1P	NH2	2.61	2.61	True	False	True
6ZQS	1.95	X-ray	A	362	Mitogen-activated protein kinase 14	Q16539	180	experimental	author_numbering	True		TPO	180		45	0.185	True	0.14	4	ARG	173	O2P	NH2	2.8	2.8	True	False	True
6ZQS	1.95	X-ray	A	362	Mitogen-activated protein kinase 14	Q16539	180	experimental	author_numbering	True		TPO	180		45	0.185	True	0.14	4	ARG	149	O2P	NH1	2.82	2.82	True	False	True
6ZQS	1.95	X-ray	A	362	Mitogen-activated protein kinase 14	Q16539	180	experimental	author_numbering	True		TPO	180		45	0.185	True	0.14	4	LYS	66	O3P	NZ	3.2	3.2	True	False	True
9R9G	1.88	X-ray	B	308	Interleukin-1 receptor-associated kinase 4	Q9NWZ3	345	experimental	author_numbering	True		TPO	345		45	0.185	True	0.185	2	ARG	334	O3P	NH1	2.68	2.68	True	False	True
6THX	1.99	X-ray	A	308	Interleukin-1 receptor-associated kinase 4	Q9NWZ3	345	experimental	author_numbering	True		TPO	345		45	0.185	True	0.185	2	ARG	334	O2P	NH1	2.81	2.81	True	False	True
6THX	1.99	X-ray	A	308	Interleukin-1 receptor-associated kinase 4	Q9NWZ3	345	experimental	author_numbering	True		TPO	345		45	0.185	True	0.185	2	ARG	347	O3P	NH2	3.11	3.11	True	False	True
9R9G	1.88	X-ray	B	308	Interleukin-1 receptor-associated kinase 4	Q9NWZ3	345	experimental	author_numbering	True		TPO	345		45	0.185	True	0.185	2	ARG	347	O2P	NH1	3.13	3.13	True	False	True
8W3X	1.765	X-ray	D	323	Interleukin-1 receptor-associated kinase 4	Q9NWZ3	345	experimental	author_numbering	True		TPO	345		46	0.189	True	0.189	2	ARG	334	O3P	NH1	2.64	2.64	True	False	True
8TVN	1.95	X-ray	D	307	Interleukin-1 receptor-associated kinase 4	Q9NWZ3	345	experimental	author_numbering	True		TPO	345		46	0.189	True	0.189	2	ARG	334	O3P	NH2	2.69	2.69	True	False	True
9R9G	1.88	X-ray	A	308	Interleukin-1 receptor-associated kinase 4	Q9NWZ3	345	experimental	author_numbering	True		TPO	345		46	0.189	True	0.189	2	ARG	334	O2P	NH2	2.71	2.71	True	False	True
9R9G	1.88	X-ray	C	308	Interleukin-1 receptor-associated kinase 4	Q9NWZ3	345	experimental	author_numbering	True		TPO	345		46	0.189	True	0.189	2	ARG	334	O2P	NH1	2.73	2.73	True	False	True
8TVN	1.95	X-ray	D	307	Interleukin-1 receptor-associated kinase 4	Q9NWZ3	345	experimental	author_numbering	True		TPO	345		46	0.189	True	0.189	2	ARG	347	O3P	NE	2.9	2.9	True	False	True
8W3X	1.765	X-ray	D	323	Interleukin-1 receptor-associated kinase 4	Q9NWZ3	345	experimental	author_numbering	True		TPO	345		46	0.189	True	0.189	2	ARG	347	O1P	NH2	2.9	2.9	True	False	True
9R9G	1.88	X-ray	A	308	Interleukin-1 receptor-associated kinase 4	Q9NWZ3	345	experimental	author_numbering	True		TPO	345		46	0.189	True	0.189	2	ARG	347	O1P	NE	3.07	3.07	True	False	True
9R9G	1.88	X-ray	C	308	Interleukin-1 receptor-associated kinase 4	Q9NWZ3	345	experimental	author_numbering	True		TPO	345		46	0.189	True	0.189	2	ARG	347	O1P	NE	3.08	3.08	True	False	True
3VQH	1.95	X-ray	A	351	cAMP-dependent protein kinase catalytic subunit alpha	P17612	339	experimental	sifts	True	True	SEP	338		43	0.19	True	0.19	2	LYS	342	O2P	NZ	2.71	2.71	True	False	True
3VQH	1.95	X-ray	A	351	cAMP-dependent protein kinase catalytic subunit alpha	P17612	339	experimental	sifts	True	True	SEP	338		43	0.19	True	0.19	2	ARG	336	O3P	NH2	2.76	2.76	True	False	True
9NA2	1.99	X-ray	A	304	Interleukin-1 receptor-associated kinase 4	Q9NWZ3	342	experimental	author_numbering	True		TPO	342		47	0.193	True	0.193	2	LYS	367	O2P	NZ	3.46	3.24	True	False	True
9NA2	1.99	X-ray	A	304	Interleukin-1 receptor-associated kinase 4	Q9NWZ3	342	experimental	author_numbering	True		TPO	342		47	0.193	True	0.193	2	LYS	441	O1P	NZ	3.55	3.4	True	False	True
6FRX	1.88	X-ray	A	351	cAMP-dependent protein kinase catalytic subunit alpha	P17612	339	experimental	sifts	True	True	SEP	338		44	0.195	True	0.195	2	ARG	336	O1P	NH1	2.84	2.84	True	False	True
2VNY	1.96	X-ray	A	351	CAMP-DEPENDENT PROTEIN KINASE, ALPHA-CATALYTIC SUBUNIT	P00517	339	experimental	sifts	True	True	SEP	338		44	0.195	True	0.195	2	ARG	336	O2P	NH2	2.88	2.88	False	False	False
2VNY	1.96	X-ray	A	351	CAMP-DEPENDENT PROTEIN KINASE, ALPHA-CATALYTIC SUBUNIT	P00517	339	experimental	sifts	True	True	SEP	338		44	0.195	True	0.195	2	LYS	342	O1P	NZ	3.0	3.0	False	False	False
6FRX	1.88	X-ray	A	351	cAMP-dependent protein kinase catalytic subunit alpha	P17612	339	experimental	sifts	True	True	SEP	338		44	0.195	True	0.195	2	LYS	342	O2P	NZ	3.38	3.32	True	False	True
2NRU	2.0	X-ray	D	307	Interleukin-1 receptor-associated kinase 4	Q9NWZ3	345	experimental	author_numbering	True		TPO	345		48	0.198	True	0.198	2	ARG	334	O2P	NH2	2.77	2.77	True	False	True
6O94	1.98	X-ray	C	320	Interleukin-1 receptor-associated kinase 4	Q9NWZ3	345	experimental	author_numbering	True		TPO	345		48	0.198	True	0.198	2	ARG	334	O2P	NH1	2.81	2.81	True	False	True
6O94	1.98	X-ray	C	320	Interleukin-1 receptor-associated kinase 4	Q9NWZ3	345	experimental	author_numbering	True		TPO	345		48	0.198	True	0.198	2	ARG	347	O1P	NH1	2.81	2.81	True	False	True
2NRU	2.0	X-ray	D	307	Interleukin-1 receptor-associated kinase 4	Q9NWZ3	345	experimental	author_numbering	True		TPO	345		48	0.198	True	0.198	2	ARG	347	O2P	NE	3.97	2.99	True	False	True
4IWD	1.99	X-ray	A	306	Hepatocyte growth factor receptor	P08581	1235	experimental	sifts	True	True	PTR	1235		67	0.201	True	0.201	1	ARG	1227	O1P	NE	3.16	3.16	True	False	True
9R9G	1.88	X-ray	D	308	Interleukin-1 receptor-associated kinase 4	Q9NWZ3	345	experimental	author_numbering	True		TPO	345		49	0.202	True	0.202	2	ARG	334	O3P	NH1	2.73	2.73	True	False	True
9R9G	1.88	X-ray	D	308	Interleukin-1 receptor-associated kinase 4	Q9NWZ3	345	experimental	author_numbering	True		TPO	345		49	0.202	True	0.202	2	ARG	347	O2P	NH2	3.15	3.15	True	False	True
4FIH	1.97	X-ray	A	346	Serine/threonine-protein kinase PAK 4	O96013	474	experimental	author_numbering	True		SEP	474		46	0.204	True	0.204	3	ARG	439	O2P	NH1	2.82	2.82	True	False	True
4FIH	1.97	X-ray	A	346	Serine/threonine-protein kinase PAK 4	O96013	474	experimental	author_numbering	True		SEP	474		46	0.204	True	0.204	3	ARG	359	O3P	NH1	2.88	2.88	True	False	True
4FIH	1.97	X-ray	A	346	Serine/threonine-protein kinase PAK 4	O96013	474	experimental	author_numbering	True		SEP	474		46	0.204	True	0.204	3	ARG	472	O1P	NH2	2.91	2.91	True	False	True
4UJA	1.93	X-ray	A	351	CAMP-DEPENDENT PROTEIN KINASE CATALYTIC SUBUNIT ALPHA	P17612	339	experimental	sifts	True	True	SEP	338		46	0.204	True	0.204	2	ARG	336	O1P	NH1	2.62	2.62	True	False	True
4UJA	1.93	X-ray	A	351	CAMP-DEPENDENT PROTEIN KINASE CATALYTIC SUBUNIT ALPHA	P17612	339	experimental	sifts	True	True	SEP	338		46	0.204	True	0.204	2	LYS	342	O2P	NZ	2.78	2.78	True	False	True
2OIB	2.0	X-ray	C	301	Interleukin-1 receptor-associated kinase 4	Q9NWZ3	345	experimental	author_numbering	True		TPO	345		50	0.206	True	0.206	2	ARG	334	O2P	NH2	2.65	2.65	True	False	True
2OIB	2.0	X-ray	C	301	Interleukin-1 receptor-associated kinase 4	Q9NWZ3	345	experimental	author_numbering	True		TPO	345		50	0.206	True	0.206	2	ARG	347	O2P	NH2	2.99	2.99	True	False	True
5XVA	1.847	X-ray	A	293	Serine/threonine-protein kinase PAK 4	O96013	474	experimental	sifts	True	True	SEP	474		47	0.208	True	0.208	3	ARG	472	O2P	NH2	2.61	2.61	True	False	True
4FII	2.0	X-ray	A	346	Serine/threonine-protein kinase PAK 4	O96013	474	experimental	author_numbering	True		SEP	474		47	0.208	True	0.208	3	ARG	439	O2P	NH1	2.71	2.71	True	False	True
5XVA	1.847	X-ray	A	293	Serine/threonine-protein kinase PAK 4	O96013	474	experimental	sifts	True	True	SEP	474		47	0.208	True	0.208	3	ARG	439	O1P	NH2	2.76	2.76	True	False	True
4FII	2.0	X-ray	A	346	Serine/threonine-protein kinase PAK 4	O96013	474	experimental	author_numbering	True		SEP	474		47	0.208	True	0.208	3	ARG	359	O3P	NH1	2.8	2.8	True	False	True
4FII	2.0	X-ray	A	346	Serine/threonine-protein kinase PAK 4	O96013	474	experimental	author_numbering	True		SEP	474		47	0.208	True	0.208	3	ARG	472	O1P	NH2	2.83	2.83	True	False	True
5XVA	1.847	X-ray	A	293	Serine/threonine-protein kinase PAK 4	O96013	474	experimental	sifts	True	True	SEP	474		47	0.208	True	0.208	3	ARG	359	O3P	NH2	2.86	2.86	True	False	True
7S48	1.9	X-ray	A	346	Serine/threonine-protein kinase PAK 4	O96013	474	experimental	author_numbering	True		SEP	474		47	0.208	True	0.208	3	ARG	439	O3P	NH1	2.86	2.86	True	False	True
7S48	1.9	X-ray	A	346	Serine/threonine-protein kinase PAK 4	O96013	474	experimental	author_numbering	True		SEP	474		47	0.208	True	0.208	3	ARG	359	O1P	NH1	2.92	2.92	True	False	True
7S48	1.9	X-ray	A	346	Serine/threonine-protein kinase PAK 4	O96013	474	experimental	author_numbering	True		SEP	474		47	0.208	True	0.208	3	ARG	472	O2P	NH2	2.92	2.92	True	False	True
5LCQ	1.423	X-ray	A	353	cAMP-dependent protein kinase catalytic subunit alpha	P25321	339	by_similarity	sifts	True	True	SEP	338		47	0.208	True	0.208	2	ARG	336	O3P	NH1	2.66	2.66	False	False	False
3OVV	1.58	X-ray	A	351	cAMP-dependent protein kinase catalytic subunit alpha	P17612	339	experimental	sifts	True	True	SEP	338		47	0.208	True	0.208	2	ARG	336	O3P	NH2	2.73	2.73	True	False	True
4UJB	1.949	X-ray	A	351	CAMP-DEPENDENT PROTEIN KINASE CATALYTIC SUBUNIT ALPHA	P17612	339	experimental	sifts	True	True	SEP	338		47	0.208	True	0.208	2	ARG	336	O3P	NH2	2.73	2.73	True	False	True
4UJB	1.949	X-ray	A	351	CAMP-DEPENDENT PROTEIN KINASE CATALYTIC SUBUNIT ALPHA	P17612	339	experimental	sifts	True	True	SEP	338		47	0.208	True	0.208	2	LYS	342	O2P	NZ	2.78	2.78	True	False	True
5LCQ	1.423	X-ray	A	353	cAMP-dependent protein kinase catalytic subunit alpha	P25321	339	by_similarity	sifts	True	True	SEP	338		47	0.208	True	0.208	2	LYS	342	O1P	NZ	2.91	2.91	False	False	False
3OVV	1.58	X-ray	A	351	cAMP-dependent protein kinase catalytic subunit alpha	P17612	339	experimental	sifts	True	True	SEP	338		47	0.208	True	0.208	2	LYS	342	O2P	NZ	2.93	2.93	True	False	True
2OIB	2.0	X-ray	D	301	Interleukin-1 receptor-associated kinase 4	Q9NWZ3	345	experimental	author_numbering	True		TPO	345		51	0.21	True	0.21	2	ARG	334	O1P	NH2	2.7	2.7	True	False	True
2OIB	2.0	X-ray	D	301	Interleukin-1 receptor-associated kinase 4	Q9NWZ3	345	experimental	author_numbering	True		TPO	345		51	0.21	True	0.21	2	ARG	347	O1P	NH2	2.94	2.94	True	False	True
4JDI	1.85	X-ray	A	346	Serine/threonine-protein kinase PAK 4	O96013	474	experimental	author_numbering	True		SEP	474		48	0.212	True	0.212	3	ARG	439	O2P	NH1	2.69	2.69	True	False	True
2Q0N	1.75	X-ray	A	301	Serine/threonine-protein kinase PAK 4	O96013	474	experimental	sifts	True	True	SEP	474		48	0.212	True	0.058	3	ARG	439	O2P	NH1	2.78	2.78	True	False	True
2Q0N	1.75	X-ray	A	301	Serine/threonine-protein kinase PAK 4	O96013	474	experimental	sifts	True	True	SEP	474		48	0.212	True	0.058	3	ARG	472	O1P	NH2	2.84	2.84	True	False	True
4JDI	1.85	X-ray	A	346	Serine/threonine-protein kinase PAK 4	O96013	474	experimental	author_numbering	True		SEP	474		48	0.212	True	0.212	3	ARG	472	O1P	NH2	2.9	2.9	True	False	True
2Q0N	1.75	X-ray	A	301	Serine/threonine-protein kinase PAK 4	O96013	474	experimental	sifts	True	True	SEP	474		48	0.212	True	0.058	3	ARG	359	O3P	NE	2.91	2.91	True	False	True
4JDI	1.85	X-ray	A	346	Serine/threonine-protein kinase PAK 4	O96013	474	experimental	author_numbering	True		SEP	474		48	0.212	True	0.212	3	ARG	359	O3P	NH1	2.95	2.95	True	False	True
3OOG	2.0	X-ray	A	351	cAMP-dependent protein kinase catalytic subunit alpha	P17612	339	experimental	sifts	True	True	SEP	338		48	0.212	True	0.212	2	ARG	336	O2P	NH1	2.5	2.5	True	False	True
3OOG	2.0	X-ray	A	351	cAMP-dependent protein kinase catalytic subunit alpha	P17612	339	experimental	sifts	True	True	SEP	338		48	0.212	True	0.212	2	LYS	342	O1P	NZ	2.6	2.6	True	False	True
4O21	1.95	X-ray	A	342	cAMP-dependent protein kinase catalytic subunit alpha	P05132	339	by_similarity	sifts	True	True	SEP	338		48	0.212	True	0.212	2	ARG	336	O3P	NH1	2.71	2.71	False	False	False
4O21	1.95	X-ray	A	342	cAMP-dependent protein kinase catalytic subunit alpha	P05132	339	by_similarity	sifts	True	True	SEP	338		48	0.212	True	0.212	2	LYS	342	O2P	NZ	3.04	3.04	False	False	False
5IZJ	1.85	X-ray	B	351	cAMP-dependent protein kinase catalytic subunit alpha	P17612	339	experimental	sifts	True	True	SEP	338		48	0.212	True	0.212	2	ARG	336	O2P	NH2	3.06	3.06	True	False	True
5IZJ	1.85	X-ray	B	351	cAMP-dependent protein kinase catalytic subunit alpha	P17612	339	experimental	sifts	True	True	SEP	338		48	0.212	True	0.212	2	LYS	342	O2P	NZ	3.3	3.3	True	False	True
6O8U	1.8	X-ray	C	305	Interleukin-1 receptor-associated kinase 4	Q9NWZ3	345	experimental	author_numbering	True		TPO	345		52	0.214	True	0.214	2	ARG	334	O3P	NH1	2.9	2.9	True	False	True
6O8U	1.8	X-ray	C	305	Interleukin-1 receptor-associated kinase 4	Q9NWZ3	345	experimental	author_numbering	True		TPO	345		52	0.214	True	0.214	2	ARG	347	O2P	NH1	3.3	3.3	True	False	True
6NE7	1.99	X-ray	A	314	Proto-oncogene tyrosine-protein kinase receptor Ret	P07949	905	experimental	sifts	True	True	PTR	905		72	0.216	True	0.216	3	ARG	770	O3P	NH1	2.61	2.61	True	False	True
6NE7	1.99	X-ray	A	314	Proto-oncogene tyrosine-protein kinase receptor Ret	P07949	905	experimental	sifts	True	True	PTR	905		72	0.216	True	0.216	3	LYS	907	O1P	NZ	2.75	2.75	True	False	True
6NE7	1.99	X-ray	A	314	Proto-oncogene tyrosine-protein kinase receptor Ret	P07949	905	experimental	sifts	True	True	PTR	905		72	0.216	True	0.216	3	ARG	897	O3P	NE	3.17	3.17	True	False	True
4IAZ	1.85	X-ray	A	356	cAMP-dependent protein kinase catalytic subunit alpha	P05132	339	by_similarity	sifts	True	True	SEP	338		49	0.217	True	0.217	2	ARG	336	O2P	NH2	2.72	2.72	False	False	False
9PC1	1.552	X-ray	E	350	cAMP-dependent protein kinase catalytic subunit alpha	P05132	339	by_similarity	sifts	True	True	SEP	338		49	0.217	True	0.217	2	LYS	342	O2P	NZ	2.84	2.84	False	False	False
9PC1	1.552	X-ray	E	350	cAMP-dependent protein kinase catalytic subunit alpha	P05132	339	by_similarity	sifts	True	True	SEP	338		49	0.217	True	0.217	2	ARG	336	O3P	NH2	2.88	2.88	False	False	False
2VO6	1.97	X-ray	A	351	CAMP-DEPENDENT PROTEIN KINASE, ALPHA-CATALYTIC SUBUNIT	P00517	339	experimental	sifts	True	True	SEP	338		49	0.217	True	0.217	2	ARG	336	O3P	NH2	2.9	2.9	False	False	False
2VO6	1.97	X-ray	A	351	CAMP-DEPENDENT PROTEIN KINASE, ALPHA-CATALYTIC SUBUNIT	P00517	339	experimental	sifts	True	True	SEP	338		49	0.217	True	0.217	2	LYS	342	O1P	NZ	2.94	2.94	False	False	False
6E99	1.88	X-ray	A	351	cAMP-dependent protein kinase catalytic subunit alpha	P00517	339	experimental	sifts	True	True	SEP	339		49	0.217	True	0.217	2	ARG	337	O1P	NH1	2.95	2.95	False	False	False
4IAZ	1.85	X-ray	A	356	cAMP-dependent protein kinase catalytic subunit alpha	P05132	339	by_similarity	sifts	True	True	SEP	338		49	0.217	True	0.217	2	LYS	342	O3P	NZ	2.97	2.97	False	False	False
6E99	1.88	X-ray	A	351	cAMP-dependent protein kinase catalytic subunit alpha	P00517	339	experimental	sifts	True	True	SEP	339		49	0.217	True	0.217	2	LYS	343	O3P	NZ	3.0	3.0	False	False	False
9NA5	1.73	X-ray	D	304	Interleukin-1 receptor-associated kinase 4	Q9NWZ3	345	experimental	author_numbering	True		TPO	345		53	0.218	True	0.218	1	ARG	334	O1P	NH2	2.61	2.61	True	False	True
2X2L	2.0	X-ray	A	314	PROTO-ONCOGENE TYROSINE-PROTEIN KINASE RECEPTOR RET	P07949	905	experimental	sifts	True	True	PTR	905		73	0.219	True	0.219	3	ARG	770	O3P	NH2	2.66	2.66	True	False	True
2X2L	2.0	X-ray	A	314	PROTO-ONCOGENE TYROSINE-PROTEIN KINASE RECEPTOR RET	P07949	905	experimental	sifts	True	True	PTR	905		73	0.219	True	0.219	3	LYS	907	O2P	NZ	2.89	2.89	True	False	True
2X2L	2.0	X-ray	A	314	PROTO-ONCOGENE TYROSINE-PROTEIN KINASE RECEPTOR RET	P07949	905	experimental	sifts	True	True	PTR	905		73	0.219	True	0.219	3	ARG	897	O3P	NE	2.95	2.95	True	False	True
5VEF	1.752	X-ray	A	319	Serine/threonine-protein kinase PAK 4	O96013	474	experimental	author_numbering	True		SEP	474		50	0.221	True	0.221	3	ARG	439	O1P	NH1	2.73	2.73	True	False	True
8AHG	1.885	X-ray	A	297	Serine/threonine-protein kinase PAK 4	O96013	474	experimental	sifts	True	True	SEP	474		50	0.221	True	0.221	3	ARG	439	O1P	NH2	2.79	2.79	True	False	True
5VEF	1.752	X-ray	A	319	Serine/threonine-protein kinase PAK 4	O96013	474	experimental	author_numbering	True		SEP	474		50	0.221	True	0.221	3	ARG	472	O2P	NH2	2.8	2.8	True	False	True
8AHG	1.885	X-ray	A	297	Serine/threonine-protein kinase PAK 4	O96013	474	experimental	sifts	True	True	SEP	474		50	0.221	True	0.221	3	ARG	472	O2P	NH2	2.82	2.82	True	False	True
5VEF	1.752	X-ray	A	319	Serine/threonine-protein kinase PAK 4	O96013	474	experimental	author_numbering	True		SEP	474		50	0.221	True	0.221	3	ARG	359	O3P	NH1	2.84	2.84	True	False	True
8AHG	1.885	X-ray	A	297	Serine/threonine-protein kinase PAK 4	O96013	474	experimental	sifts	True	True	SEP	474		50	0.221	True	0.221	3	ARG	359	O3P	NH2	2.89	2.89	True	False	True
4UJ9	1.87	X-ray	A	351	cAMP-dependent protein kinase catalytic subunit alpha	P17612	339	experimental	sifts	True	True	SEP	338		50	0.221	True	0.221	2	ARG	336	O3P	NH2	2.4	2.4	True	False	True
2C1B	2.0	X-ray	A	351	CAMP-DEPENDENT PROTEIN KINASE	P00517	339	experimental	sifts	True	True	SEP	338		50	0.221	True	0.221	2	LYS	342	O2P	NZ	2.76	2.76	False	False	False
2C1B	2.0	X-ray	A	351	CAMP-DEPENDENT PROTEIN KINASE	P00517	339	experimental	sifts	True	True	SEP	338		50	0.221	True	0.221	2	ARG	336	O3P	NH1	2.85	2.85	False	False	False
4UJ9	1.87	X-ray	A	351	cAMP-dependent protein kinase catalytic subunit alpha	P17612	339	experimental	sifts	True	True	SEP	338		50	0.221	True	0.221	2	LYS	342	O2P	NZ	2.92	2.92	True	False	True
2JDS	2.0	X-ray	A	351	CAMP-DEPENDENT PROTEIN KINASE	P00517	339	experimental	sifts	True	True	SEP	338		50	0.221	True	0.221	2	ARG	336	O3P	NH1	3.16	3.16	False	False	False
2JDS	2.0	X-ray	A	351	CAMP-DEPENDENT PROTEIN KINASE	P00517	339	experimental	sifts	True	True	SEP	338		50	0.221	True	0.221	2	LYS	342	O2P	NZ	3.21	3.21	False	False	False
4CKJ	1.65	X-ray	A	314	PROTO-ONCOGENE TYROSINE-PROTEIN KINASE RECEPTOR RET	P07949	905	experimental	sifts	True	True	PTR	905		74	0.222	True	0.222	3	ARG	770	O1P	NH2	2.71	2.71	True	False	True
4CKJ	1.65	X-ray	A	314	PROTO-ONCOGENE TYROSINE-PROTEIN KINASE RECEPTOR RET	P07949	905	experimental	sifts	True	True	PTR	905		74	0.222	True	0.222	3	ARG	897	O1P	NE	2.88	2.88	True	False	True
4CKJ	1.65	X-ray	A	314	PROTO-ONCOGENE TYROSINE-PROTEIN KINASE RECEPTOR RET	P07949	905	experimental	sifts	True	True	PTR	905		74	0.222	True	0.222	3	LYS	907	O2P	NZ	3.16	3.16	True	False	True
1YI6	2.0	X-ray	A	276	Proto-oncogene tyrosine-protein kinase Src	P12931	419	by_similarity	sifts	True	True	PTR	416		74	0.222	True	0.222	2	ARG	385	O1P	NH1	2.73	2.73	True	False	True
6O8U	1.8	X-ray	A	305	Interleukin-1 receptor-associated kinase 4	Q9NWZ3	345	experimental	author_numbering	True		TPO	345		54	0.222	True	0.222	2	ARG	334	O2P	NH2	2.81	2.81	True	False	True
3WE4	1.995	X-ray	A	329	Ribosomal protein S6 kinase beta-1	P23443	252	experimental	author_numbering	True		TPO	252		54	0.222	True	0.222	2	ARG	267	O1P	NE	2.96	2.96	True	False	True
1YI6	2.0	X-ray	A	276	Proto-oncogene tyrosine-protein kinase Src	P12931	419	by_similarity	sifts	True	True	PTR	416		74	0.222	True	0.222	2	ARG	419	O2P	NH2	2.99	2.88	True	False	True
3WE4	1.995	X-ray	A	329	Ribosomal protein S6 kinase beta-1	P23443	252	experimental	author_numbering	True		TPO	252		54	0.222	True	0.222	2	ARG	217	O2P	NH2	3.82	2.86	True	False	True
6O8U	1.8	X-ray	A	305	Interleukin-1 receptor-associated kinase 4	Q9NWZ3	345	experimental	author_numbering	True		TPO	345		54	0.222	True	0.222	2	ARG	347	O2P	NH1	3.97	3.58	True	False	True
9PSS	1.93	X-ray	A	304	Interleukin-1 receptor-associated kinase 4	Q9NWZ3	345	experimental	author_numbering	True		TPO	345		54	0.222	True	0.222	1	ARG	334	O1P	NH1	3.02	3.02	True	False	True
7ZTL	1.9	X-ray	A	309	Aurora kinase A	O14965	288	experimental	author_numbering	True		TPO	288		55	0.226	True	0.226	3	ARG	180	O2P	NH1	2.49	2.49	True	False	True
5G1X	1.72	X-ray	A	285	AURORA KINASE A	O14965	288	experimental	author_numbering	True		TPO	288		55	0.226	True	0.078	3	ARG	180	O1P	NH1	2.61	2.61	True	False	True
5G1X	1.72	X-ray	A	285	AURORA KINASE A	O14965	288	experimental	author_numbering	True		TPO	288		55	0.226	True	0.078	3	ARG	286	O2P	NH2	2.72	2.72	True	False	True
7ZTL	1.9	X-ray	A	309	Aurora kinase A	O14965	288	experimental	author_numbering	True		TPO	288		55	0.226	True	0.226	3	ARG	255	O2P	NH2	2.76	2.76	True	False	True
7ZTL	1.9	X-ray	A	309	Aurora kinase A	O14965	288	experimental	author_numbering	True		TPO	288		55	0.226	True	0.226	3	ARG	286	O1P	NH2	2.76	2.76	True	False	True
6WLY	1.9	X-ray	A	346	Serine/threonine-protein kinase PAK 4	O96013	474	experimental	author_numbering	True		SEP	474		51	0.226	True	0.226	3	ARG	472	O2P	NH2	2.79	2.79	True	False	True
6WLY	1.9	X-ray	A	346	Serine/threonine-protein kinase PAK 4	O96013	474	experimental	author_numbering	True		SEP	474		51	0.226	True	0.226	3	ARG	439	O1P	NH1	2.84	2.84	True	False	True
5G1X	1.72	X-ray	A	285	AURORA KINASE A	O14965	288	experimental	author_numbering	True		TPO	288		55	0.226	True	0.078	3	ARG	255	O1P	NH2	2.86	2.86	True	False	True
6WLY	1.9	X-ray	A	346	Serine/threonine-protein kinase PAK 4	O96013	474	experimental	author_numbering	True		SEP	474		51	0.226	True	0.226	3	ARG	359	O3P	NH1	3.02	3.02	True	False	True
4WB5	1.641	X-ray	A	350	cAMP-dependent protein kinase catalytic subunit alpha	P17612	339	experimental	sifts	True	True	SEP	338		51	0.226	True	0.226	2	LYS	342	O2P	NZ	2.7	2.7	True	False	True
3OWP	1.88	X-ray	A	351	cAMP-dependent protein kinase catalytic subunit alpha	P17612	339	experimental	sifts	True	True	SEP	338		51	0.226	True	0.226	2	ARG	336	O2P	NH2	2.74	2.74	True	False	True
2VO7	1.98	X-ray	A	351	CAMP-DEPENDENT PROTEIN KINASE, ALPHA-CATALYTIC SUBUNIT	P00517	339	experimental	sifts	True	True	SEP	338		51	0.226	True	0.226	2	ARG	336	O2P	NH1	2.78	2.78	False	False	False
4IAI	1.55	X-ray	A	356	cAMP-dependent protein kinase catalytic subunit alpha	P05132	339	by_similarity	sifts	True	True	SEP	338		51	0.226	True	0.226	2	ARG	336	O2P	NH1	2.79	2.79	False	False	False
6QJ7	1.69	X-ray	A	351	cAMP-dependent protein kinase catalytic subunit alpha	P17612	339	experimental	sifts	True	True	SEP	338		51	0.226	True	0.226	2	ARG	336	O1P	NH2	2.79	2.79	True	False	True
4WB5	1.641	X-ray	A	350	cAMP-dependent protein kinase catalytic subunit alpha	P17612	339	experimental	sifts	True	True	SEP	338		51	0.226	True	0.226	2	ARG	336	O1P	NH1	2.81	2.81	True	False	True
6QJ7	1.69	X-ray	A	351	cAMP-dependent protein kinase catalytic subunit alpha	P17612	339	experimental	sifts	True	True	SEP	338		51	0.226	True	0.226	2	LYS	342	O3P	NZ	2.82	2.82	True	False	True
3OWP	1.88	X-ray	A	351	cAMP-dependent protein kinase catalytic subunit alpha	P17612	339	experimental	sifts	True	True	SEP	338		51	0.226	True	0.226	2	LYS	342	O3P	NZ	2.85	2.85	True	False	True
5BX6	1.89	X-ray	A	351	cAMP-dependent protein kinase catalytic subunit alpha	P17612	339	experimental	sifts	True	True	SEP	338		51	0.226	True	0.226	2	LYS	342	O1P	NZ	2.85	2.85	True	False	True
4IAI	1.55	X-ray	A	356	cAMP-dependent protein kinase catalytic subunit alpha	P05132	339	by_similarity	sifts	True	True	SEP	338		51	0.226	True	0.226	2	LYS	342	O3P	NZ	2.9	2.9	False	False	False
5BX6	1.89	X-ray	A	351	cAMP-dependent protein kinase catalytic subunit alpha	P17612	339	experimental	sifts	True	True	SEP	338		51	0.226	True	0.226	2	ARG	336	O2P	NH1	2.99	2.99	True	False	True
2UVY	1.95	X-ray	A	351	CAMP-DEPENDENT PROTEIN KINASE, ALPHA-CATALYTIC SUBUNIT	P00517	339	experimental	sifts	True	True	SEP	338		51	0.226	True	0.226	2	ARG	336	O1P	NH2	3.0	3.0	False	False	False
2VO7	1.98	X-ray	A	351	CAMP-DEPENDENT PROTEIN KINASE, ALPHA-CATALYTIC SUBUNIT	P00517	339	experimental	sifts	True	True	SEP	338		51	0.226	True	0.226	2	LYS	342	O1P	NZ	3.0	3.0	False	False	False
2UVY	1.95	X-ray	A	351	CAMP-DEPENDENT PROTEIN KINASE, ALPHA-CATALYTIC SUBUNIT	P00517	339	experimental	sifts	True	True	SEP	338		51	0.226	True	0.226	2	LYS	342	O2P	NZ	3.22	3.22	False	False	False
3D0E	2.0	X-ray	B	335	RAC-beta serine/threonine-protein kinase	P31751	451	by_similarity	sifts	True	True	TPO	451		55	0.226	True	0.226	2	ARG	224	O3P	NH2	3.46	3.26	True	False	True
3D0E	2.0	X-ray	B	335	RAC-beta serine/threonine-protein kinase	P31751	451	by_similarity	sifts	True	True	TPO	451		55	0.226	True	0.226	2	LYS	165	O3P	NZ	3.58	3.58	True	False	True
9NA5	1.73	X-ray	C	304	Interleukin-1 receptor-associated kinase 4	Q9NWZ3	345	experimental	author_numbering	True		TPO	345		55	0.226	True	0.226	1	ARG	334	O1P	NH2	2.36	2.36	True	False	True
9NA5	1.73	X-ray	B	304	Interleukin-1 receptor-associated kinase 4	Q9NWZ3	345	experimental	author_numbering	True		TPO	345		55	0.226	True	0.226	1	ARG	334	O1P	NH2	2.62	2.62	True	False	True
6NJA	1.92	X-ray	A	314	Proto-oncogene tyrosine-protein kinase receptor Ret	P07949	905	experimental	sifts	True	True	PTR	905		76	0.228	True	0.228	3	ARG	897	O3P	NE	2.98	2.98	True	False	True
6NJA	1.92	X-ray	A	314	Proto-oncogene tyrosine-protein kinase receptor Ret	P07949	905	experimental	sifts	True	True	PTR	905		76	0.228	True	0.228	3	LYS	907	O1P	NZ	3.23	3.23	True	False	True
6NJA	1.92	X-ray	A	314	Proto-oncogene tyrosine-protein kinase receptor Ret	P07949	905	experimental	sifts	True	True	PTR	905		76	0.228	True	0.228	3	ARG	770	O1P	NH1	3.44	3.44	True	False	True
6DBK	2.0	X-ray	A	318	Non-receptor tyrosine-protein kinase TYK2	P29597	1054	experimental	author_numbering	True		PTR	1054		76	0.228	True	0.228	1	ARG	1056	O3P	NH2	2.79	2.79	True	False	True
3WF8	1.975	X-ray	A	329	Ribosomal protein S6 kinase beta-1	P23443	252	experimental	author_numbering	True		TPO	252		56	0.23	True	0.23	3	ARG	267	O3P	NH2	2.53	2.53	True	False	True
4AW1	1.68	X-ray	A	311	3-PHOSPHOINOSITIDE-DEPENDENT PROTEIN KINASE 1	O15530	241	experimental	sifts	True	True	SEP	241		52	0.23	True	0.23	3	ARG	129	O1P	NH1	2.56	2.56	True	False	True
4AW1	1.68	X-ray	A	311	3-PHOSPHOINOSITIDE-DEPENDENT PROTEIN KINASE 1	O15530	241	experimental	sifts	True	True	SEP	241		52	0.23	True	0.23	3	ARG	204	O1P	NH2	2.65	2.65	True	False	True
3WF8	1.975	X-ray	A	329	Ribosomal protein S6 kinase beta-1	P23443	252	experimental	author_numbering	True		TPO	252		56	0.23	True	0.23	3	LYS	135	O2P	NZ	2.83	2.83	True	False	True
3WF8	1.975	X-ray	A	329	Ribosomal protein S6 kinase beta-1	P23443	252	experimental	author_numbering	True		TPO	252		56	0.23	True	0.23	3	ARG	217	O1P	NH2	3.01	3.01	True	False	True
4AW1	1.68	X-ray	A	311	3-PHOSPHOINOSITIDE-DEPENDENT PROTEIN KINASE 1	O15530	241	experimental	sifts	True	True	SEP	241		52	0.23	True	0.23	3	LYS	228	O2P	NZ	3.31	3.31	True	False	True
4IAY	2.0	X-ray	A	356	cAMP-dependent protein kinase catalytic subunit alpha	P05132	339	by_similarity	sifts	True	True	SEP	338		52	0.23	True	0.23	2	LYS	342	O3P	NZ	2.66	2.66	False	False	False
4WB8	1.55	X-ray	A	337	cAMP-dependent protein kinase catalytic subunit alpha	P17612	339	experimental	sifts	True	True	SEP	338		52	0.23	True	0.23	2	LYS	342	O1P	NZ	2.72	2.72	True	False	True
2UVZ	1.94	X-ray	A	351	CAMP-DEPENDENT PROTEIN KINASE, ALPHA-CATALYTIC SUBUNIT	P00517	339	experimental	sifts	True	True	SEP	338		52	0.23	True	0.23	2	ARG	336	O1P	NH2	2.73	2.73	False	False	False
4IB1	1.63	X-ray	A	356	cAMP-dependent protein kinase catalytic subunit alpha	P05132	339	by_similarity	sifts	True	True	SEP	338		52	0.23	True	0.23	2	ARG	336	O2P	NH1	2.74	2.74	False	False	False
4WB8	1.55	X-ray	A	337	cAMP-dependent protein kinase catalytic subunit alpha	P17612	339	experimental	sifts	True	True	SEP	338		52	0.23	True	0.23	2	ARG	336	O2P	NH1	2.78	2.78	True	False	True
4IAY	2.0	X-ray	A	356	cAMP-dependent protein kinase catalytic subunit alpha	P05132	339	by_similarity	sifts	True	True	SEP	338		52	0.23	True	0.23	2	ARG	336	O2P	NH2	2.95	2.95	False	False	False
4IB1	1.63	X-ray	A	356	cAMP-dependent protein kinase catalytic subunit alpha	P05132	339	by_similarity	sifts	True	True	SEP	338		52	0.23	True	0.23	2	LYS	342	O3P	NZ	2.98	2.98	False	False	False
2UVX	2.0	X-ray	A	351	CAMP-DEPENDENT PROTEIN KINASE, ALPHA-CATALYTIC SUBUNIT	P00517	339	experimental	sifts	True	True	SEP	338		52	0.23	True	0.23	2	ARG	336	O1P	NH1	3.04	3.04	False	False	False
2UVX	2.0	X-ray	A	351	CAMP-DEPENDENT PROTEIN KINASE, ALPHA-CATALYTIC SUBUNIT	P00517	339	experimental	sifts	True	True	SEP	338		52	0.23	True	0.23	2	LYS	342	O2P	NZ	3.05	3.05	False	False	False
2UVZ	1.94	X-ray	A	351	CAMP-DEPENDENT PROTEIN KINASE, ALPHA-CATALYTIC SUBUNIT	P00517	339	experimental	sifts	True	True	SEP	338		52	0.23	True	0.23	2	LYS	342	O2P	NZ	3.17	3.17	False	False	False
8UCB	1.85	X-ray	C	307	Interleukin-1 receptor-associated kinase 4	Q9NWZ3	345	experimental	author_numbering	True		TPO	345		56	0.23	True	0.23	1	ARG	334	O1P	NH2	2.58	2.58	True	False	True
5BX7	1.89	X-ray	A	351	cAMP-dependent protein kinase catalytic subunit alpha	P17612	339	experimental	sifts	True	True	SEP	338		53	0.235	True	0.235	2	ARG	336	O2P	NH2	2.4	2.4	True	False	True
2VO3	1.98	X-ray	A	351	CAMP-DEPENDENT PROTEIN KINASE, ALPHA-CATALYTIC SUBUNIT	P00517	339	experimental	sifts	True	True	SEP	338		53	0.235	True	0.235	2	ARG	336	O3P	NH2	2.59	2.59	False	False	False
4IAD	1.9	X-ray	A	356	cAMP-dependent protein kinase catalytic subunit alpha	P05132	339	by_similarity	sifts	True	True	SEP	338		53	0.235	True	0.235	2	LYS	342	O3P	NZ	2.59	2.59	False	False	False
4UJ1	1.768	X-ray	A	351	CAMP-DEPENDENT PROTEIN KINASE CATALYTIC SUBUNIT ALPHA	P17612	339	experimental	sifts	True	True	SEP	338		53	0.235	True	0.235	2	ARG	336	O3P	NH2	2.6	2.6	True	False	True
5M0B	1.506	X-ray	A	353	cAMP-dependent protein kinase catalytic subunit alpha	P25321	339	by_similarity	sifts	True	True	SEP	338		53	0.235	True	0.235	2	ARG	336	O2P	NH1	2.68	2.68	False	False	False
4IE9	1.92	X-ray	A	351	cAMP-dependent protein kinase catalytic subunit alpha	P00517	339	experimental	sifts	True	True	SEP	338		53	0.235	True	0.235	2	ARG	336	O2P	NH2	2.69	2.69	False	False	False
4WB7	1.9	X-ray	A	405	DnaJ homolog subfamily B member 1,cAMP-dependent protein kinase catalytic subunit alpha	P17612	339	experimental	sifts	True	True	SEP	393		53	0.235	True	0.235	2	ARG	391	O3P	NH1	2.7	2.7	True	False	True
4WB7	1.9	X-ray	A	405	DnaJ homolog subfamily B member 1,cAMP-dependent protein kinase catalytic subunit alpha	P17612	198	experimental	sifts	True	True	TPO	252		57	0.235	True	0.235	2	ARG	220	O2P	NH1	2.72	2.72	True	False	True
4IB0	1.87	X-ray	A	356	cAMP-dependent protein kinase catalytic subunit alpha	P05132	339	by_similarity	sifts	True	True	SEP	338		53	0.235	True	0.235	2	ARG	336	O2P	NH1	2.76	2.76	False	False	False
4WB7	1.9	X-ray	B	405	DnaJ homolog subfamily B member 1,cAMP-dependent protein kinase catalytic subunit alpha	P17612	339	experimental	sifts	True	True	SEP	393		53	0.235	True	0.235	2	ARG	391	O3P	NH1	2.79	2.79	True	False	True
3AMA	1.75	X-ray	A	351	cAMP-dependent protein kinase catalytic subunit alpha	P17612	339	experimental	sifts	True	True	SEP	338		53	0.235	True	0.235	2	ARG	336	O1P	NH1	2.81	2.81	True	False	True
3POO	1.6	X-ray	A	351	cAMP-dependent protein kinase catalytic subunit alpha	P17612	339	experimental	sifts	True	True	SEP	338		53	0.235	True	0.235	2	LYS	342	O3P	NZ	2.82	2.82	True	False	True
4IAD	1.9	X-ray	A	356	cAMP-dependent protein kinase catalytic subunit alpha	P05132	339	by_similarity	sifts	True	True	SEP	338		53	0.235	True	0.235	2	ARG	336	O2P	NH1	2.82	2.82	False	False	False
4UJ1	1.768	X-ray	A	351	CAMP-DEPENDENT PROTEIN KINASE CATALYTIC SUBUNIT ALPHA	P17612	339	experimental	sifts	True	True	SEP	338		53	0.235	True	0.235	2	LYS	342	O2P	NZ	2.82	2.82	True	False	True
4WB7	1.9	X-ray	B	405	DnaJ homolog subfamily B member 1,cAMP-dependent protein kinase catalytic subunit alpha	P17612	339	experimental	sifts	True	True	SEP	393		53	0.235	True	0.235	2	LYS	397	O2P	NZ	2.85	2.85	True	False	True
2VO3	1.98	X-ray	A	351	CAMP-DEPENDENT PROTEIN KINASE, ALPHA-CATALYTIC SUBUNIT	P00517	339	experimental	sifts	True	True	SEP	338		53	0.235	True	0.235	2	LYS	342	O1P	NZ	2.86	2.86	False	False	False
4WB7	1.9	X-ray	A	405	DnaJ homolog subfamily B member 1,cAMP-dependent protein kinase catalytic subunit alpha	P17612	198	experimental	sifts	True	True	TPO	252		57	0.235	True	0.235	2	LYS	244	O3P	NZ	2.86	2.86	True	False	True
4WB7	1.9	X-ray	A	405	DnaJ homolog subfamily B member 1,cAMP-dependent protein kinase catalytic subunit alpha	P17612	339	experimental	sifts	True	True	SEP	393		53	0.235	True	0.235	2	LYS	397	O2P	NZ	2.86	2.86	True	False	True
3AMA	1.75	X-ray	A	351	cAMP-dependent protein kinase catalytic subunit alpha	P17612	339	experimental	sifts	True	True	SEP	338		53	0.235	True	0.235	2	LYS	342	O2P	NZ	2.87	2.87	True	False	True
3POO	1.6	X-ray	A	351	cAMP-dependent protein kinase catalytic subunit alpha	P17612	339	experimental	sifts	True	True	SEP	338		53	0.235	True	0.235	2	ARG	336	O1P	NH2	2.95	2.95	True	False	True
4O22	1.7	X-ray	A	342	cAMP-dependent protein kinase catalytic subunit alpha.	P05132	339	by_similarity	sifts	True	True	SEP	338		53	0.235	True	0.235	2	ARG	336	O1P	NH2	2.97	2.97	False	False	False
4IE9	1.92	X-ray	A	351	cAMP-dependent protein kinase catalytic subunit alpha	P00517	339	experimental	sifts	True	True	SEP	338		53	0.235	True	0.235	2	LYS	342	O1P	NZ	3.0	3.0	False	False	False
5M0B	1.506	X-ray	A	353	cAMP-dependent protein kinase catalytic subunit alpha	P25321	339	by_similarity	sifts	True	True	SEP	338		53	0.235	True	0.235	2	LYS	342	O1P	NZ	3.0	3.0	False	False	False
5BX7	1.89	X-ray	A	351	cAMP-dependent protein kinase catalytic subunit alpha	P17612	339	experimental	sifts	True	True	SEP	338		53	0.235	True	0.235	2	LYS	342	O1P	NZ	3.01	3.01	True	False	True
4IB0	1.87	X-ray	A	356	cAMP-dependent protein kinase catalytic subunit alpha	P05132	339	by_similarity	sifts	True	True	SEP	338		53	0.235	True	0.235	2	LYS	342	O3P	NZ	3.03	3.03	False	False	False
2UW4	2.0	X-ray	A	351	CAMP-DEPENDENT PROTEIN KINASE, ALPHA-CATALYTIC SUBUNIT	P00517	339	experimental	sifts	True	True	SEP	338		53	0.235	True	0.235	2	ARG	336	O3P	NH2	3.09	3.09	False	False	False
2UW4	2.0	X-ray	A	351	CAMP-DEPENDENT PROTEIN KINASE, ALPHA-CATALYTIC SUBUNIT	P00517	339	experimental	sifts	True	True	SEP	338		53	0.235	True	0.235	2	LYS	342	O2P	NZ	3.1	3.1	False	False	False
4O22	1.7	X-ray	A	342	cAMP-dependent protein kinase catalytic subunit alpha.	P05132	339	by_similarity	sifts	True	True	SEP	338		53	0.235	True	0.235	2	LYS	342	O3P	NZ	3.4	3.4	False	False	False
8TVN	1.95	X-ray	A	307	Interleukin-1 receptor-associated kinase 4	Q9NWZ3	345	experimental	author_numbering	True		TPO	345		57	0.235	True	0.235	1	ARG	334	O3P	NH2	2.39	2.39	True	False	True
8C14	1.93	X-ray	A	272	Aurora kinase A	O14965	288	experimental	author_numbering	True		TPO	288		57	0.235	True	0.235	1	LYS	143	O2P	NZ	3.58	3.36	True	False	True
2VO0	1.94	X-ray	A	351	CAMP-DEPENDENT PROTEIN KINASE, ALPHA-CATALYTIC SUBUNITPROTE	P00517	339	experimental	sifts	True	True	SEP	338		54	0.239	True	0.239	2	ARG	336	O3P	NH2	2.47	2.47	False	False	False
2VO0	1.94	X-ray	A	351	CAMP-DEPENDENT PROTEIN KINASE, ALPHA-CATALYTIC SUBUNITPROTE	P00517	339	experimental	sifts	True	True	SEP	338		54	0.239	True	0.239	2	LYS	342	O3P	NZ	2.73	2.73	False	False	False
4AXA	1.9	X-ray	A	351	CAMP-DEPENDENT PROTEIN KINASE CATALYTIC SUBUNIT ALPHA	P00517	339	experimental	sifts	True	True	SEP	338		54	0.239	True	0.239	2	ARG	336	O1P	NH1	2.84	2.84	False	False	False
2C1A	1.95	X-ray	A	351	CAMP-DEPENDENT PROTEIN KINASE	P00517	339	experimental	sifts	True	True	SEP	338		54	0.239	True	0.239	2	LYS	342	O2P	NZ	2.89	2.89	False	False	False
3L9M	1.9	X-ray	B	351	cAMP-dependent protein kinase catalytic subunit alpha	P17612	339	experimental	sifts	True	True	SEP	338		54	0.239	True	0.239	2	ARG	336	O3P	NH2	2.96	2.96	True	False	True
2UW8	2.0	X-ray	A	351	CAMP-DEPENDENT PROTEIN KINASE, ALPHA-CATALYTIC SUBUNIT	P00517	339	experimental	sifts	True	True	SEP	338		54	0.239	True	0.239	2	LYS	342	O2P	NZ	2.99	2.99	False	False	False
3L9L	2.0	X-ray	B	351	cAMP-dependent protein kinase catalytic subunit alpha	P17612	339	experimental	sifts	True	True	SEP	338		54	0.239	True	0.239	2	LYS	342	O2P	NZ	2.99	2.99	True	False	True
2UW8	2.0	X-ray	A	351	CAMP-DEPENDENT PROTEIN KINASE, ALPHA-CATALYTIC SUBUNIT	P00517	339	experimental	sifts	True	True	SEP	338		54	0.239	True	0.239	2	ARG	336	O1P	NH1	3.16	3.16	False	False	False
3L9M	1.9	X-ray	B	351	cAMP-dependent protein kinase catalytic subunit alpha	P17612	339	experimental	sifts	True	True	SEP	338		54	0.239	True	0.239	2	LYS	342	O1P	NZ	3.19	2.97	True	False	True
4AXA	1.9	X-ray	A	351	CAMP-DEPENDENT PROTEIN KINASE CATALYTIC SUBUNIT ALPHA	P00517	339	experimental	sifts	True	True	SEP	338		54	0.239	True	0.239	2	LYS	342	O2P	NZ	3.19	3.19	False	False	False
3L9L	2.0	X-ray	B	351	cAMP-dependent protein kinase catalytic subunit alpha	P17612	339	experimental	sifts	True	True	SEP	338		54	0.239	True	0.239	2	ARG	336	O3P	NH2	3.25	3.25	True	False	True
2C1A	1.95	X-ray	A	351	CAMP-DEPENDENT PROTEIN KINASE	P00517	339	experimental	sifts	True	True	SEP	338		54	0.239	True	0.239	2	ARG	336	O1P	NH1	3.37	3.37	False	False	False
9NA2	1.99	X-ray	A	304	Interleukin-1 receptor-associated kinase 4	Q9NWZ3	345	experimental	author_numbering	True		TPO	345		58	0.239	True	0.239	1	ARG	334	O1P	NH2	2.66	2.66	True	False	True
8UCB	1.85	X-ray	B	307	Interleukin-1 receptor-associated kinase 4	Q9NWZ3	345	experimental	author_numbering	True		TPO	345		58	0.239	True	0.239	1	ARG	334	O3P	NH2	2.73	2.73	True	False	True
3DDQ	1.8	X-ray	A	299	Cell division protein kinase 2	P24941	160	experimental	sifts	True	True	TPO	160		59	0.243	True	0.07	3	ARG	126	O2P	NH1	2.79	2.79	True	False	True
3DDQ	1.8	X-ray	A	299	Cell division protein kinase 2	P24941	160	experimental	sifts	True	True	TPO	160		59	0.243	True	0.07	3	ARG	150	O1P	NH2	2.82	2.82	True	False	True
3DDQ	1.8	X-ray	A	299	Cell division protein kinase 2	P24941	160	experimental	sifts	True	True	TPO	160		59	0.243	True	0.07	3	ARG	50	O1P	NH2	2.89	2.89	True	False	True
5M0C	1.734	X-ray	A	353	cAMP-dependent protein kinase catalytic subunit alpha	P25321	339	by_similarity	sifts	True	True	SEP	338		55	0.243	True	0.243	2	ARG	336	O3P	NH1	2.45	2.45	False	False	False
4WB7	1.9	X-ray	B	405	DnaJ homolog subfamily B member 1,cAMP-dependent protein kinase catalytic subunit alpha	P17612	198	experimental	sifts	True	True	TPO	252		59	0.243	True	0.243	2	ARG	220	O2P	NH1	2.69	2.69	True	False	True
4WB7	1.9	X-ray	B	405	DnaJ homolog subfamily B member 1,cAMP-dependent protein kinase catalytic subunit alpha	P17612	198	experimental	sifts	True	True	TPO	252		59	0.243	True	0.243	2	LYS	244	O3P	NZ	2.9	2.9	True	False	True
5M0C	1.734	X-ray	A	353	cAMP-dependent protein kinase catalytic subunit alpha	P25321	339	by_similarity	sifts	True	True	SEP	338		55	0.243	True	0.243	2	LYS	342	O1P	NZ	3.15	3.15	False	False	False
2NRU	2.0	X-ray	C	307	Interleukin-1 receptor-associated kinase 4	Q9NWZ3	345	experimental	author_numbering	True		TPO	345		59	0.243	True	0.243	1	ARG	334	O2P	NH2	2.36	2.36	True	False	True
9NA5	1.73	X-ray	A	304	Interleukin-1 receptor-associated kinase 4	Q9NWZ3	345	experimental	author_numbering	True		TPO	345		59	0.243	True	0.243	1	ARG	334	O1P	NH2	2.71	2.71	True	False	True
2OIB	2.0	X-ray	A	301	Interleukin-1 receptor-associated kinase 4	Q9NWZ3	345	experimental	author_numbering	True		TPO	345		59	0.243	True	0.243	1	ARG	334	O1P	NH1	2.76	2.76	True	False	True
1YI6	2.0	X-ray	B	276	Proto-oncogene tyrosine-protein kinase Src	P12931	338	not_annotated	sifts	True	True	PTR	335		82	0.246	True	0.246	1	ARG	264	O2P	NH1	3.18	3.18	True	False	True
3A8X	2.0	X-ray	B	345	Protein kinase C iota type	P41743	564	experimental	sifts	True	True	TPO	555		60	0.247	True	0.247	4	LYS	277	O1P	NZ	2.47	2.47	True	False	True
3A8X	2.0	X-ray	B	345	Protein kinase C iota type	P41743	564	experimental	sifts	True	True	TPO	555		60	0.247	True	0.247	4	ARG	253	O3P	NH2	2.64	2.64	True	False	True
3A8X	2.0	X-ray	B	345	Protein kinase C iota type	P41743	564	experimental	sifts	True	True	TPO	555		60	0.247	True	0.247	4	LYS	258	O3P	NZ	2.77	2.77	True	False	True
3A8X	2.0	X-ray	B	345	Protein kinase C iota type	P41743	564	experimental	sifts	True	True	TPO	555		60	0.247	True	0.247	4	ARG	318	O2P	NH1	3.03	2.62	True	False	True
3BHT	2.0	X-ray	A	300	Cell division protein kinase 2	P24941	160	experimental	sifts	True	True	TPO	160		60	0.247	True	0.086	3	ARG	150	O2P	NE	2.76	2.76	True	False	True
4CFV	2.0	X-ray	C	303	CYCLIN-DEPENDENT KINASE 2	P24941	160	experimental	sifts	True	True	TPO	160		60	0.247	True	0.078	3	ARG	126	O2P	NH1	2.76	2.76	True	False	True
3BHT	2.0	X-ray	A	300	Cell division protein kinase 2	P24941	160	experimental	sifts	True	True	TPO	160		60	0.247	True	0.086	3	ARG	126	O2P	NH1	2.79	2.79	True	False	True
4CFV	2.0	X-ray	C	303	CYCLIN-DEPENDENT KINASE 2	P24941	160	experimental	sifts	True	True	TPO	160		60	0.247	True	0.078	3	ARG	50	O3P	NH2	2.9	2.9	True	False	True
4CFV	2.0	X-ray	C	303	CYCLIN-DEPENDENT KINASE 2	P24941	160	experimental	sifts	True	True	TPO	160		60	0.247	True	0.078	3	ARG	150	O3P	NH2	2.94	2.94	True	False	True
3BHT	2.0	X-ray	A	300	Cell division protein kinase 2	P24941	160	experimental	sifts	True	True	TPO	160		60	0.247	True	0.086	3	ARG	50	O3P	NH2	3.02	3.02	True	False	True
2UW0	2.0	X-ray	A	351	CAMP-DEPENDENT PROTEIN KINASE, ALPHA-CATALYTIC SUBUNIT	P00517	339	experimental	sifts	True	True	SEP	338		56	0.248	True	0.248	2	ARG	336	O1P	NH2	2.73	2.73	False	False	False
2UW0	2.0	X-ray	A	351	CAMP-DEPENDENT PROTEIN KINASE, ALPHA-CATALYTIC SUBUNIT	P00517	339	experimental	sifts	True	True	SEP	338		56	0.248	True	0.248	2	LYS	342	O2P	NZ	2.87	2.87	False	False	False
4CFV	2.0	X-ray	A	303	CYCLIN-DEPENDENT KINASE 2	P24941	160	experimental	sifts	True	True	TPO	160		61	0.251	False	0.078	3	ARG	126	O1P	NH2	2.75	2.75	True	False	True
4CFV	2.0	X-ray	A	303	CYCLIN-DEPENDENT KINASE 2	P24941	160	experimental	sifts	True	True	TPO	160		61	0.251	False	0.078	3	ARG	150	O2P	NE	2.87	2.87	True	False	True
4CFV	2.0	X-ray	A	303	CYCLIN-DEPENDENT KINASE 2	P24941	160	experimental	sifts	True	True	TPO	160		61	0.251	False	0.078	3	ARG	50	O3P	NH2	2.92	2.92	True	False	True
9NA2	1.99	X-ray	B	304	Interleukin-1 receptor-associated kinase 4	Q9NWZ3	345	experimental	author_numbering	True		TPO	345		61	0.251	False	0.251	1	ARG	334	O1P	NH2	2.25	2.25	True	False	True
8W3X	1.765	X-ray	B	323	Interleukin-1 receptor-associated kinase 4	Q9NWZ3	345	experimental	author_numbering	True		TPO	345		61	0.251	False	0.251	1	ARG	334	O3P	NH1	2.65	2.65	True	False	True
8TX0	2.0	X-ray	A	307	Interleukin-1 receptor-associated kinase 4	Q9NWZ3	345	experimental	author_numbering	True		TPO	345		61	0.251	False	0.251	1	ARG	334	O2P	NH1	2.74	2.74	True	False	True
5DNR	1.95	X-ray	A	272	Aurora kinase A	O14965	288	experimental	author_numbering	True		TPO	288		61	0.251	False	0.251	1	LYS	143	O1P	NZ	2.77	2.77	True	False	True
5UIT	1.84	X-ray	B	323	Interleukin-1 receptor-associated kinase 4	Q9NWZ3	345	experimental	author_numbering	True		TPO	345		61	0.251	False	0.251	1	ARG	334	O3P	NH2	2.81	2.81	True	False	True
6O95	1.77	X-ray	A	320	Interleukin-1 receptor-associated kinase 4	Q9NWZ3	345	experimental	author_numbering	True		TPO	345		61	0.251	False	0.251	1	ARG	334	O1P	NH2	2.81	2.81	True	False	True
9BZG	1.8	X-ray	A	285	Aurora kinase A	O14965	288	experimental	author_numbering	True		TPO	288		61	0.251	False	0.251	0							True	False	True
2PVF	1.8	X-ray	A	334	Fibroblast growth factor receptor 2	P21802	657	experimental	author_numbering	True		PTR	657		85	0.254	False	0.254	2	ARG	649	O3P	NE	2.9	2.9	True	False	True
2PVF	1.8	X-ray	A	334	Fibroblast growth factor receptor 2	P21802	657	experimental	author_numbering	True		PTR	657		85	0.254	False	0.254	2	LYS	659	O2P	NZ	3.09	3.09	True	False	True
6N8G	2.0	X-ray	B	297	Interleukin-1 receptor-associated kinase 4	Q9NWZ3	345	experimental	sifts	True	True	TPO	345		62	0.255	False	0.255	2	ARG	347	O3P	NE	2.69	2.69	True	False	True
6N8G	2.0	X-ray	B	297	Interleukin-1 receptor-associated kinase 4	Q9NWZ3	345	experimental	sifts	True	True	TPO	345		62	0.255	False	0.255	2	ARG	334	O1P	NH1	2.75	2.75	True	False	True
8UCB	1.85	X-ray	D	307	Interleukin-1 receptor-associated kinase 4	Q9NWZ3	345	experimental	author_numbering	True		TPO	345		62	0.255	False	0.255	1	ARG	334	O3P	NH2	2.45	2.45	True	False	True
5UIT	1.84	X-ray	A	323	Interleukin-1 receptor-associated kinase 4	Q9NWZ3	345	experimental	author_numbering	True		TPO	345		62	0.255	False	0.255	1	ARG	334	O1P	NH1	2.6	2.6	True	False	True
8W3W	1.976	X-ray	B	323	Interleukin-1 receptor-associated kinase 4	Q9NWZ3	345	experimental	author_numbering	True		TPO	345		62	0.255	False	0.255	1	ARG	334	O1P	NH2	2.66	2.66	True	False	True
8W3X	1.765	X-ray	C	323	Interleukin-1 receptor-associated kinase 4	Q9NWZ3	345	experimental	author_numbering	True		TPO	345		62	0.255	False	0.255	1	ARG	334	O1P	NH1	2.73	2.73	True	False	True
9PSS	1.93	X-ray	B	304	Interleukin-1 receptor-associated kinase 4	Q9NWZ3	345	experimental	author_numbering	True		TPO	345		62	0.255	False	0.255	1	ARG	334	O2P	NH1	2.83	2.83	True	False	True
6N8G	2.0	X-ray	A	297	Interleukin-1 receptor-associated kinase 4	Q9NWZ3	345	experimental	sifts	True	True	TPO	345		63	0.259	False	0.259	1	ARG	334	O3P	NH2	2.36	2.36	True	False	True
6N8G	2.0	X-ray	D	297	Interleukin-1 receptor-associated kinase 4	Q9NWZ3	345	experimental	sifts	True	True	TPO	345		63	0.259	False	0.259	1	ARG	334	O2P	NH1	2.77	2.77	True	False	True
8SCE	1.89	X-ray	D	305	Interleukin-1 receptor-associated kinase 4	Q9NWZ3	345	experimental	author_numbering	True		TPO	345		63	0.259	False	0.259	1	ARG	334	O2P	NH2	2.81	2.81	True	False	True
4IZA	1.93	X-ray	A	356	Mitogen-activated protein kinase 1	P28482	187	experimental	author_numbering	True		PTR	187		87	0.26	False	0.26	2	LYS	151	O1P	NZ	2.58	2.58	True	False	True
4IZA	1.93	X-ray	A	356	Mitogen-activated protein kinase 1	P28482	187	experimental	author_numbering	True		PTR	187		87	0.26	False	0.26	2	ARG	67	O2P	NH2	3.23	3.19	True	False	True
4EUU	1.8	X-ray	B	319	Serine/threonine-protein kinase TBK1	Q9UHD2	172	experimental	sifts	True	True	SEP	172		59	0.261	False	0.243	3	ARG	134	O1P	NH1	2.75	2.75	True	False	True
4EUU	1.8	X-ray	B	319	Serine/threonine-protein kinase TBK1	Q9UHD2	172	experimental	sifts	True	True	SEP	172		59	0.261	False	0.243	3	ARG	54	O3P	NH1	2.79	2.79	True	False	True
4EUU	1.8	X-ray	B	319	Serine/threonine-protein kinase TBK1	Q9UHD2	172	experimental	sifts	True	True	SEP	172		59	0.261	False	0.243	3	ARG	162	O1P	NH1	2.82	2.82	True	False	True
5M0L	1.465	X-ray	A	353	cAMP-dependent protein kinase catalytic subunit alpha	P25321	339	by_similarity	sifts	True	True	SEP	338		59	0.261	False	0.261	2	ARG	336	O3P	NH2	2.55	2.55	False	False	False
5M0L	1.465	X-ray	A	353	cAMP-dependent protein kinase catalytic subunit alpha	P25321	339	by_similarity	sifts	True	True	SEP	338		59	0.261	False	0.261	2	LYS	342	O3P	NZ	3.26	3.26	False	False	False
5LI1	2.0	X-ray	A	354	Protein kinase C iota type	P41743	564	experimental	sifts	True	True	TPO	564		64	0.263	False	0.263	4	LYS	286	O1P	NZ	2.56	2.56	True	False	True
5LI1	2.0	X-ray	A	354	Protein kinase C iota type	P41743	564	experimental	sifts	True	True	TPO	564		64	0.263	False	0.263	4	LYS	267	O3P	NZ	2.6	2.6	True	False	True
5LI1	2.0	X-ray	A	354	Protein kinase C iota type	P41743	564	experimental	sifts	True	True	TPO	564		64	0.263	False	0.263	4	ARG	262	O3P	NH2	2.8	2.8	True	False	True
5LI1	2.0	X-ray	A	354	Protein kinase C iota type	P41743	564	experimental	sifts	True	True	TPO	564		64	0.263	False	0.263	4	ARG	327	O2P	NH1	3.3	2.77	True	False	True
4EOJ	1.65	X-ray	A	302	Cyclin-dependent kinase 2	P24941	160	experimental	sifts	True	True	TPO	160		64	0.263	False	0.091	3	ARG	126	O2P	NH1	2.81	2.81	True	False	True
4EOJ	1.65	X-ray	A	302	Cyclin-dependent kinase 2	P24941	160	experimental	sifts	True	True	TPO	160		64	0.263	False	0.091	3	ARG	150	O1P	NH2	2.82	2.82	True	False	True
4EOJ	1.65	X-ray	A	302	Cyclin-dependent kinase 2	P24941	160	experimental	sifts	True	True	TPO	160		64	0.263	False	0.091	3	ARG	50	O1P	NH2	2.86	2.86	True	False	True
4UJB	1.949	X-ray	A	351	CAMP-DEPENDENT PROTEIN KINASE CATALYTIC SUBUNIT ALPHA	P17612	198	experimental	sifts	True	True	TPO	197		64	0.263	False	0.255	2	LYS	189	O1P	NZ	2.48	2.48	True	False	True
4UJB	1.949	X-ray	A	351	CAMP-DEPENDENT PROTEIN KINASE CATALYTIC SUBUNIT ALPHA	P17612	198	experimental	sifts	True	True	TPO	197		64	0.263	False	0.255	2	ARG	165	O2P	NH1	2.66	2.66	True	False	True
2UVX	2.0	X-ray	A	351	CAMP-DEPENDENT PROTEIN KINASE, ALPHA-CATALYTIC SUBUNIT	P00517	198	experimental	sifts	True	True	TPO	197		64	0.263	False	0.222	2	ARG	165	O2P	NH1	2.71	2.71	False	False	False
2UVX	2.0	X-ray	A	351	CAMP-DEPENDENT PROTEIN KINASE, ALPHA-CATALYTIC SUBUNIT	P00517	198	experimental	sifts	True	True	TPO	197		64	0.263	False	0.222	2	LYS	189	O1P	NZ	3.03	3.03	False	False	False
8W3W	1.976	X-ray	D	323	Interleukin-1 receptor-associated kinase 4	Q9NWZ3	345	experimental	author_numbering	True		TPO	345		64	0.263	False	0.263	1	ARG	334	O3P	NH1	2.65	2.65	True	False	True
8SCE	1.89	X-ray	A	305	Interleukin-1 receptor-associated kinase 4	Q9NWZ3	345	experimental	author_numbering	True		TPO	345		64	0.263	False	0.263	1	ARG	334	O3P	NH1	2.79	2.79	True	False	True
4EUU	1.8	X-ray	A	319	Serine/threonine-protein kinase TBK1	Q9UHD2	172	experimental	sifts	True	True	SEP	172		60	0.265	False	0.248	3	ARG	134	O2P	NH1	2.72	2.72	True	False	True
4EUU	1.8	X-ray	A	319	Serine/threonine-protein kinase TBK1	Q9UHD2	172	experimental	sifts	True	True	SEP	172		60	0.265	False	0.248	3	ARG	54	O1P	NH1	2.89	2.89	True	False	True
4EUU	1.8	X-ray	A	319	Serine/threonine-protein kinase TBK1	Q9UHD2	172	experimental	sifts	True	True	SEP	172		60	0.265	False	0.248	3	ARG	162	O2P	NH1	2.94	2.94	True	False	True
6SM8	1.85	X-ray	B	301	Tyrosine-protein kinase JAK1	P23458	1035	experimental	sifts	True	True	PTR	1035		89	0.266	False	0.266	2	LYS	1026	O3P	NZ	2.75	2.75	True	False	True
6I83	1.88	X-ray	A	314	Proto-oncogene tyrosine-protein kinase receptor Ret	P07949	905	experimental	sifts	True	True	PTR	905		89	0.266	False	0.266	2	LYS	907	O1P	NZ	2.88	2.88	True	False	True
6SM8	1.85	X-ray	B	301	Tyrosine-protein kinase JAK1	P23458	1035	experimental	sifts	True	True	PTR	1035		89	0.266	False	0.266	2	LYS	1038	O2P	NZ	3.14	3.14	True	False	True
6I83	1.88	X-ray	A	314	Proto-oncogene tyrosine-protein kinase receptor Ret	P07949	905	experimental	sifts	True	True	PTR	905		89	0.266	False	0.266	2	ARG	897	O3P	NE	3.24	3.24	True	False	True
6GGH	1.7	X-ray	A	292	Tyrosine-protein kinase JAK1	P23458	1035	experimental	sifts	True	True	PTR	1035		89	0.266	False	0.266	2	LYS	1026	O3P	NZ	3.61	3.48	True	False	True
6GGH	1.7	X-ray	A	292	Tyrosine-protein kinase JAK1	P23458	1035	experimental	sifts	True	True	PTR	1035		89	0.266	False	0.266	2	LYS	1038	O2P	NZ	3.84	3.76	True	False	True
4UJA	1.93	X-ray	A	351	CAMP-DEPENDENT PROTEIN KINASE CATALYTIC SUBUNIT ALPHA	P17612	198	experimental	sifts	True	True	TPO	197		65	0.267	False	0.255	2	LYS	189	O1P	NZ	2.53	2.53	True	False	True
4UJA	1.93	X-ray	A	351	CAMP-DEPENDENT PROTEIN KINASE CATALYTIC SUBUNIT ALPHA	P17612	198	experimental	sifts	True	True	TPO	197		65	0.267	False	0.255	2	ARG	165	O2P	NH1	2.71	2.71	True	False	True
4UJ9	1.87	X-ray	A	351	cAMP-dependent protein kinase catalytic subunit alpha	P17612	198	experimental	sifts	True	True	TPO	197		65	0.267	False	0.235	2	ARG	165	O3P	NH1	2.77	2.77	True	False	True
2C1A	1.95	X-ray	A	351	CAMP-DEPENDENT PROTEIN KINASE	P00517	198	experimental	sifts	True	True	TPO	197		65	0.267	False	0.259	2	LYS	189	O1P	NZ	2.81	2.81	False	False	False
2C1A	1.95	X-ray	A	351	CAMP-DEPENDENT PROTEIN KINASE	P00517	198	experimental	sifts	True	True	TPO	197		65	0.267	False	0.259	2	ARG	165	O3P	NH2	2.83	2.83	False	False	False
3OWP	1.88	X-ray	A	351	cAMP-dependent protein kinase catalytic subunit alpha	P17612	198	experimental	sifts	True	True	TPO	197		65	0.267	False	0.267	2	ARG	165	O1P	NH1	2.87	2.87	True	False	True
3OWP	1.88	X-ray	A	351	cAMP-dependent protein kinase catalytic subunit alpha	P17612	198	experimental	sifts	True	True	TPO	197		65	0.267	False	0.267	2	LYS	189	O2P	NZ	3.19	3.19	True	False	True
4UJ9	1.87	X-ray	A	351	cAMP-dependent protein kinase catalytic subunit alpha	P17612	198	experimental	sifts	True	True	TPO	197		65	0.267	False	0.235	2	LYS	189	O2P	NZ	3.35	3.35	True	False	True
8W3W	1.976	X-ray	C	323	Interleukin-1 receptor-associated kinase 4	Q9NWZ3	345	experimental	author_numbering	True		TPO	345		65	0.267	False	0.267	1	ARG	334	O2P	NH2	2.68	2.68	True	False	True
6N8G	2.0	X-ray	C	297	Interleukin-1 receptor-associated kinase 4	Q9NWZ3	345	experimental	sifts	True	True	TPO	345		65	0.267	False	0.267	1	ARG	334	O1P	NH2	2.7	2.7	True	False	True
6UYA	1.74	X-ray	D	320	Interleukin-1 receptor-associated kinase 4	Q9NWZ3	345	experimental	author_numbering	True		TPO	345		65	0.267	False	0.267	1	ARG	334	O3P	NH1	2.79	2.79	True	False	True
6O94	1.98	X-ray	A	320	Interleukin-1 receptor-associated kinase 4	Q9NWZ3	345	experimental	author_numbering	True		TPO	345		65	0.267	False	0.267	1	ARG	334	O2P	NH2	2.8	2.8	True	False	True
8SCE	1.89	X-ray	B	305	Interleukin-1 receptor-associated kinase 4	Q9NWZ3	345	experimental	author_numbering	True		TPO	345		65	0.267	False	0.267	1	ARG	334	O3P	NH2	2.81	2.81	True	False	True
8TVN	1.95	X-ray	B	307	Interleukin-1 receptor-associated kinase 4	Q9NWZ3	345	experimental	author_numbering	True		TPO	345		65	0.267	False	0.263	1	ARG	347	O3P	NH2	3.09	3.09	True	False	True
4KS8	1.95	X-ray	A	292	Serine/threonine-protein kinase PAK 6	Q9NQU5	560	by_similarity	sifts	True	True	SEP	560		61	0.27	False	0.27	3	ARG	558	O3P	NH1	2.6	2.6	True	False	True
4KS8	1.95	X-ray	A	292	Serine/threonine-protein kinase PAK 6	Q9NQU5	560	by_similarity	sifts	True	True	SEP	560		61	0.27	False	0.27	3	ARG	525	O3P	NH1	2.64	2.64	True	False	True
4KS8	1.95	X-ray	A	292	Serine/threonine-protein kinase PAK 6	Q9NQU5	560	by_similarity	sifts	True	True	SEP	560		61	0.27	False	0.27	3	ARG	445	O1P	NH1	3.09	3.09	True	False	True
4Z83	1.8	X-ray	E	350	cAMP-dependent protein kinase catalytic subunit alpha	P00517	339	experimental	sifts	True	True	SEP	338		61	0.27	False	0.27	2	LYS	342	O2P	NZ	2.74	2.74	False	False	False
4Z83	1.8	X-ray	E	350	cAMP-dependent protein kinase catalytic subunit alpha	P00517	339	experimental	sifts	True	True	SEP	338		61	0.27	False	0.27	2	ARG	336	O2P	NH2	2.81	2.81	False	False	False
5LI9	1.79	X-ray	A	350	Protein kinase C iota type	P41743	564	experimental	sifts	True	True	TPO	564		66	0.272	False	0.272	4	LYS	267	O3P	NZ	2.62	2.62	True	False	True
5LI9	1.79	X-ray	A	350	Protein kinase C iota type	P41743	564	experimental	sifts	True	True	TPO	564		66	0.272	False	0.272	4	LYS	286	O2P	NZ	2.79	2.79	True	False	True
5LI9	1.79	X-ray	A	350	Protein kinase C iota type	P41743	564	experimental	sifts	True	True	TPO	564		66	0.272	False	0.272	4	ARG	262	O3P	NH2	2.88	2.88	True	False	True
5LI9	1.79	X-ray	A	350	Protein kinase C iota type	P41743	564	experimental	sifts	True	True	TPO	564		66	0.272	False	0.272	4	ARG	327	O1P	NH2	3.32	2.59	True	False	True
5BX6	1.89	X-ray	A	351	cAMP-dependent protein kinase catalytic subunit alpha	P17612	198	experimental	sifts	True	True	TPO	197		66	0.272	False	0.267	2	LYS	189	O1P	NZ	2.52	2.52	True	False	True
5BX6	1.89	X-ray	A	351	cAMP-dependent protein kinase catalytic subunit alpha	P17612	198	experimental	sifts	True	True	TPO	197		66	0.272	False	0.267	2	ARG	165	O2P	NH1	2.75	2.75	True	False	True
2VO0	1.94	X-ray	A	351	CAMP-DEPENDENT PROTEIN KINASE, ALPHA-CATALYTIC SUBUNITPROTE	P00517	198	experimental	sifts	True	True	TPO	197		66	0.272	False	0.193	2	ARG	165	O2P	NH1	2.76	2.76	False	False	False
3NX8	2.0	X-ray	A	351	cAMP-dependent protein kinase catalytic subunit alpha	P17612	198	experimental	sifts	True	True	TPO	197		66	0.272	False	0.272	2	ARG	165	O1P	NH2	2.77	2.77	True	False	True
6SM8	1.85	X-ray	A	302	Tyrosine-protein kinase JAK1	P23458	1035	experimental	sifts	True	True	PTR	1035		91	0.272	False	0.272	2	LYS	1026	O3P	NZ	2.81	2.81	True	False	True
6RSD	1.76	X-ray	B	302	Tyrosine-protein kinase JAK1	P23458	1035	experimental	sifts	True	True	PTR	1035		91	0.272	False	0.272	2	LYS	1038	O2P	NZ	2.84	2.84	True	False	True
6SM8	1.85	X-ray	A	302	Tyrosine-protein kinase JAK1	P23458	1035	experimental	sifts	True	True	PTR	1035		91	0.272	False	0.272	2	LYS	1038	O1P	NZ	2.86	2.86	True	False	True
6RSD	1.76	X-ray	B	302	Tyrosine-protein kinase JAK1	P23458	1035	experimental	sifts	True	True	PTR	1035		91	0.272	False	0.272	2	LYS	1026	O1P	NZ	2.99	2.99	True	False	True
2VO0	1.94	X-ray	A	351	CAMP-DEPENDENT PROTEIN KINASE, ALPHA-CATALYTIC SUBUNITPROTE	P00517	198	experimental	sifts	True	True	TPO	197		66	0.272	False	0.193	2	LYS	189	O1P	NZ	3.09	3.09	False	False	False
3NX8	2.0	X-ray	A	351	cAMP-dependent protein kinase catalytic subunit alpha	P17612	198	experimental	sifts	True	True	TPO	197		66	0.272	False	0.272	2	LYS	189	O3P	NZ	3.28	3.28	True	False	True
3E62	1.922	X-ray	A	293	Tyrosine-protein kinase JAK2	O60674	1008	by_similarity	sifts	True	True	PTR	1008		91	0.272	False	0.272	1	ARG	897	O1P	NH1	2.83	2.83	True	False	True
8SCE	1.89	X-ray	E	305	Interleukin-1 receptor-associated kinase 4	Q9NWZ3	345	experimental	author_numbering	True		TPO	345		66	0.272	False	0.272	1	ARG	334	O3P	NH1	2.85	2.85	True	False	True
4IAK	1.6	X-ray	A	356	cAMP-dependent protein kinase catalytic subunit alpha	P05132	339	by_similarity	sifts	True	True	SEP	338		62	0.274	False	0.274	2	LYS	342	O3P	NZ	3.12	3.12	False	False	False
4IAK	1.6	X-ray	A	356	cAMP-dependent protein kinase catalytic subunit alpha	P05132	339	by_similarity	sifts	True	True	SEP	338		62	0.274	False	0.274	2	ARG	336	O2P	NH1	3.96	3.96	False	False	False
8G8X	1.97	X-ray	A	318	Tyrosine-protein kinase JAK2	O60674	1008	by_similarity	author_numbering	True		PTR	1008		92	0.275	False	0.275	3	ARG	897	O2P	NH1	2.92	2.92	True	False	True
8G8X	1.97	X-ray	A	318	Tyrosine-protein kinase JAK2	O60674	1008	by_similarity	author_numbering	True		PTR	1008		92	0.275	False	0.275	3	LYS	999	O3P	NZ	3.03	3.03	True	False	True
8G8X	1.97	X-ray	A	318	Tyrosine-protein kinase JAK2	O60674	1008	by_similarity	author_numbering	True		PTR	1008		92	0.275	False	0.275	3	ARG	893	O2P	NH1	3.75	3.75	True	False	True
3A8X	2.0	X-ray	A	345	Protein kinase C iota type	P41743	564	experimental	sifts	True	True	TPO	555		67	0.276	False	0.276	4	LYS	277	O1P	NZ	2.61	2.61	True	False	True
3A8X	2.0	X-ray	A	345	Protein kinase C iota type	P41743	564	experimental	sifts	True	True	TPO	555		67	0.276	False	0.276	4	LYS	258	O3P	NZ	2.74	2.74	True	False	True
3A8X	2.0	X-ray	A	345	Protein kinase C iota type	P41743	564	experimental	sifts	True	True	TPO	555		67	0.276	False	0.276	4	ARG	253	O3P	NH2	2.88	2.88	True	False	True
3A8X	2.0	X-ray	A	345	Protein kinase C iota type	P41743	564	experimental	sifts	True	True	TPO	555		67	0.276	False	0.276	4	ARG	318	O2P	NH1	3.29	2.55	True	False	True
4IAY	2.0	X-ray	A	356	cAMP-dependent protein kinase catalytic subunit alpha	P05132	198	experimental	sifts	True	True	TPO	197		67	0.276	False	0.235	2	LYS	189	O3P	NZ	2.5	2.5	False	False	False
4Z83	1.8	X-ray	E	350	cAMP-dependent protein kinase catalytic subunit alpha	P00517	198	experimental	sifts	True	True	TPO	197		67	0.276	False	0.251	2	LYS	189	O1P	NZ	2.53	2.53	False	False	False
2UW4	2.0	X-ray	A	351	CAMP-DEPENDENT PROTEIN KINASE, ALPHA-CATALYTIC SUBUNIT	P00517	198	experimental	sifts	True	True	TPO	197		67	0.276	False	0.276	2	ARG	165	O2P	NH1	2.64	2.64	False	False	False
5BX7	1.89	X-ray	A	351	cAMP-dependent protein kinase catalytic subunit alpha	P17612	198	experimental	sifts	True	True	TPO	197		67	0.276	False	0.267	2	LYS	189	O1P	NZ	2.64	2.64	True	False	True
4UJ1	1.768	X-ray	A	351	CAMP-DEPENDENT PROTEIN KINASE CATALYTIC SUBUNIT ALPHA	P17612	198	experimental	sifts	True	True	TPO	197		67	0.276	False	0.226	2	LYS	189	O1P	NZ	2.7	2.7	True	False	True
4IB1	1.63	X-ray	A	356	cAMP-dependent protein kinase catalytic subunit alpha	P05132	198	experimental	sifts	True	True	TPO	197		67	0.276	False	0.218	2	ARG	165	O1P	NH1	2.72	2.72	False	False	False
4Z83	1.8	X-ray	E	350	cAMP-dependent protein kinase catalytic subunit alpha	P00517	198	experimental	sifts	True	True	TPO	197		67	0.276	False	0.251	2	ARG	165	O3P	NH2	2.72	2.72	False	False	False
5BX7	1.89	X-ray	A	351	cAMP-dependent protein kinase catalytic subunit alpha	P17612	198	experimental	sifts	True	True	TPO	197		67	0.276	False	0.267	2	ARG	165	O2P	NH1	2.75	2.75	True	False	True
4UJ1	1.768	X-ray	A	351	CAMP-DEPENDENT PROTEIN KINASE CATALYTIC SUBUNIT ALPHA	P17612	198	experimental	sifts	True	True	TPO	197		67	0.276	False	0.226	2	ARG	165	O2P	NH1	2.77	2.77	True	False	True
4IAY	2.0	X-ray	A	356	cAMP-dependent protein kinase catalytic subunit alpha	P05132	198	experimental	sifts	True	True	TPO	197		67	0.276	False	0.235	2	ARG	165	O2P	NH2	2.78	2.78	False	False	False
1O6L	1.6	X-ray	A	337	RAC-BETA SERINE/THREONINE PROTEIN KINASE	P31751	309	experimental	sifts	True	False	TPO	309		67	0.276	False	0.222	2	ARG	274	O2P	NH1	2.83	2.83	True	False	True
2UW4	2.0	X-ray	A	351	CAMP-DEPENDENT PROTEIN KINASE, ALPHA-CATALYTIC SUBUNIT	P00517	198	experimental	sifts	True	True	TPO	197		67	0.276	False	0.276	2	LYS	189	O1P	NZ	2.89	2.89	False	False	False
1O6L	1.6	X-ray	A	337	RAC-BETA SERINE/THREONINE PROTEIN KINASE	P31751	309	experimental	sifts	True	False	TPO	309		67	0.276	False	0.222	2	LYS	298	O3P	NZ	2.93	2.93	True	False	True
4IB1	1.63	X-ray	A	356	cAMP-dependent protein kinase catalytic subunit alpha	P05132	198	experimental	sifts	True	True	TPO	197		67	0.276	False	0.218	2	LYS	189	O3P	NZ	3.05	3.05	False	False	False
8TX0	2.0	X-ray	B	307	Interleukin-1 receptor-associated kinase 4	Q9NWZ3	345	experimental	author_numbering	True		TPO	345		67	0.276	False	0.276	1	ARG	334	O1P	NH2	2.73	2.73	True	False	True
1YI6	2.0	X-ray	A	276	Proto-oncogene tyrosine-protein kinase Src	P12931	338	not_annotated	sifts	True	True	PTR	335		93	0.278	False	0.278	1	ARG	264	O2P	NH2	2.78	2.78	True	False	True
4KS7	1.4	X-ray	A	292	Serine/threonine-protein kinase PAK 6	Q9NQU5	560	by_similarity	author_numbering	True		SEP	560		63	0.279	False	0.279	3	ARG	525	O1P	NH1	2.73	2.73	True	False	True
4KS7	1.4	X-ray	A	292	Serine/threonine-protein kinase PAK 6	Q9NQU5	560	by_similarity	author_numbering	True		SEP	560		63	0.279	False	0.279	3	ARG	558	O1P	NH1	2.91	2.91	True	False	True
4KS7	1.4	X-ray	A	292	Serine/threonine-protein kinase PAK 6	Q9NQU5	560	by_similarity	author_numbering	True		SEP	560		63	0.279	False	0.279	3	ARG	445	O2P	NH2	3.26	3.26	True	False	True
6GR8	1.75	X-ray	A	274	Aurora kinase C	Q9UQB9	198	by_similarity	sifts	True	True	TPO	198		68	0.28	False	0.263	3	ARG	165	O1P	NH1	2.76	2.76	True	False	True
6GR8	1.75	X-ray	A	274	Aurora kinase C	Q9UQB9	198	by_similarity	sifts	True	True	TPO	198		68	0.28	False	0.263	3	ARG	90	O1P	NH1	2.79	2.79	True	False	True
6GR8	1.75	X-ray	A	274	Aurora kinase C	Q9UQB9	198	by_similarity	sifts	True	True	TPO	198		68	0.28	False	0.263	3	ARG	196	O2P	NH2	2.87	2.87	True	False	True
2OIB	2.0	X-ray	C	301	Interleukin-1 receptor-associated kinase 4	Q9NWZ3	342	experimental	author_numbering	True		TPO	342		68	0.28	False	0.28	2	LYS	367	O2P	NZ	2.54	2.54	True	False	True
4IAK	1.6	X-ray	A	356	cAMP-dependent protein kinase catalytic subunit alpha	P05132	198	experimental	sifts	True	True	TPO	197		68	0.28	False	0.255	2	LYS	189	O3P	NZ	2.59	2.59	False	False	False
4IAZ	1.85	X-ray	A	356	cAMP-dependent protein kinase catalytic subunit alpha	P05132	198	experimental	sifts	True	True	TPO	197		68	0.28	False	0.259	2	ARG	165	O1P	NH1	2.59	2.59	False	False	False
2UVY	1.95	X-ray	A	351	CAMP-DEPENDENT PROTEIN KINASE, ALPHA-CATALYTIC SUBUNIT	P00517	198	experimental	sifts	True	True	TPO	197		68	0.28	False	0.276	2	ARG	165	O2P	NH1	2.6	2.6	False	False	False
2VO3	1.98	X-ray	A	351	CAMP-DEPENDENT PROTEIN KINASE, ALPHA-CATALYTIC SUBUNIT	P00517	198	experimental	sifts	True	True	TPO	197		68	0.28	False	0.202	2	ARG	165	O2P	NH1	2.65	2.65	False	False	False
2UW0	2.0	X-ray	A	351	CAMP-DEPENDENT PROTEIN KINASE, ALPHA-CATALYTIC SUBUNIT	P00517	198	experimental	sifts	True	True	TPO	197		68	0.28	False	0.206	2	ARG	165	O2P	NH1	2.66	2.66	False	False	False
3POO	1.6	X-ray	A	351	cAMP-dependent protein kinase catalytic subunit alpha	P17612	198	experimental	sifts	True	True	TPO	197		68	0.28	False	0.28	2	ARG	165	O2P	NH1	2.68	2.68	True	False	True
4IAK	1.6	X-ray	A	356	cAMP-dependent protein kinase catalytic subunit alpha	P05132	198	experimental	sifts	True	True	TPO	197		68	0.28	False	0.255	2	ARG	165	O1P	NH1	2.71	2.71	False	False	False
5M0C	1.734	X-ray	A	353	cAMP-dependent protein kinase catalytic subunit alpha	P25321	198	by_similarity	sifts	True	True	TPO	197		68	0.28	False	0.28	2	ARG	165	O2P	NH1	2.75	2.75	False	False	False
5M0C	1.734	X-ray	A	353	cAMP-dependent protein kinase catalytic subunit alpha	P25321	198	by_similarity	sifts	True	True	TPO	197		68	0.28	False	0.28	2	LYS	189	O1P	NZ	2.75	2.75	False	False	False
3OVV	1.58	X-ray	A	351	cAMP-dependent protein kinase catalytic subunit alpha	P17612	198	experimental	sifts	True	True	TPO	197		68	0.28	False	0.263	2	ARG	165	O2P	NH1	2.76	2.76	True	False	True
1O6K	1.7	X-ray	A	336	RAC-BETA SERINE/THREONINE PROTEIN KINASE	P31751	309	experimental	sifts	True	True	TPO	309		68	0.28	False	0.222	2	ARG	274	O2P	NH1	2.88	2.88	True	False	True
1O6K	1.7	X-ray	A	336	RAC-BETA SERINE/THREONINE PROTEIN KINASE	P31751	309	experimental	sifts	True	True	TPO	309		68	0.28	False	0.222	2	LYS	298	O3P	NZ	3.07	3.07	True	False	True
2VO3	1.98	X-ray	A	351	CAMP-DEPENDENT PROTEIN KINASE, ALPHA-CATALYTIC SUBUNIT	P00517	198	experimental	sifts	True	True	TPO	197		68	0.28	False	0.202	2	LYS	189	O1P	NZ	3.14	3.14	False	False	False
2UW0	2.0	X-ray	A	351	CAMP-DEPENDENT PROTEIN KINASE, ALPHA-CATALYTIC SUBUNIT	P00517	198	experimental	sifts	True	True	TPO	197		68	0.28	False	0.206	2	LYS	189	O1P	NZ	3.18	3.18	False	False	False
3OVV	1.58	X-ray	A	351	cAMP-dependent protein kinase catalytic subunit alpha	P17612	198	experimental	sifts	True	True	TPO	197		68	0.28	False	0.263	2	LYS	189	O3P	NZ	3.22	3.22	True	False	True
4IAZ	1.85	X-ray	A	356	cAMP-dependent protein kinase catalytic subunit alpha	P05132	198	experimental	sifts	True	True	TPO	197		68	0.28	False	0.259	2	LYS	189	O3P	NZ	3.22	3.22	False	False	False
2UVY	1.95	X-ray	A	351	CAMP-DEPENDENT PROTEIN KINASE, ALPHA-CATALYTIC SUBUNIT	P00517	198	experimental	sifts	True	True	TPO	197		68	0.28	False	0.276	2	LYS	189	O1P	NZ	3.25	3.14	False	False	False
3POO	1.6	X-ray	A	351	cAMP-dependent protein kinase catalytic subunit alpha	P17612	198	experimental	sifts	True	True	TPO	197		68	0.28	False	0.28	2	LYS	189	O3P	NZ	3.34	3.34	True	False	True
2OIB	2.0	X-ray	C	301	Interleukin-1 receptor-associated kinase 4	Q9NWZ3	342	experimental	author_numbering	True		TPO	342		68	0.28	False	0.28	2	LYS	441	O1P	NZ	3.93	3.19	True	False	True
8W3W	1.976	X-ray	A	323	Interleukin-1 receptor-associated kinase 4	Q9NWZ3	345	experimental	sifts	True	True	TPO	345		68	0.28	False	0.28	1	ARG	334	O3P	NH2	2.68	2.68	True	False	True
8W3X	1.765	X-ray	A	323	Interleukin-1 receptor-associated kinase 4	Q9NWZ3	345	experimental	sifts	True	True	TPO	345		68	0.28	False	0.28	1	ARG	334	O2P	NH1	2.71	2.71	True	False	True
2NRU	2.0	X-ray	B	307	Interleukin-1 receptor-associated kinase 4	Q9NWZ3	345	experimental	author_numbering	True		TPO	345		68	0.28	False	0.28	1	ARG	334	O3P	NH1	2.75	2.75	True	False	True
6UYA	1.74	X-ray	A	320	Interleukin-1 receptor-associated kinase 4	Q9NWZ3	345	experimental	author_numbering	True		TPO	345		68	0.28	False	0.28	1	ARG	334	O1P	NH1	2.79	2.79	True	False	True
6N78	1.83	X-ray	A	302	Tyrosine-protein kinase JAK1	P23458	1035	experimental	sifts	True	True	PTR	1035		94	0.281	False	0.281	3	LYS	1026	O3P	NZ	2.96	2.96	True	False	True
6N78	1.83	X-ray	A	302	Tyrosine-protein kinase JAK1	P23458	1035	experimental	sifts	True	True	PTR	1035		94	0.281	False	0.281	3	LYS	1038	O1P	NZ	3.32	3.32	True	False	True
6N78	1.83	X-ray	A	302	Tyrosine-protein kinase JAK1	P23458	1035	experimental	sifts	True	True	PTR	1035		94	0.281	False	0.281	3	LYS	924	O3P	NZ	3.9	3.9	True	False	True
4IVB	1.9	X-ray	B	302	Tyrosine-protein kinase JAK1	P23458	1035	experimental	sifts	True	True	PTR	1035		94	0.281	False	0.281	2	LYS	1038	O2P	NZ	2.78	2.78	True	False	True
8S85	1.75	X-ray	B	302	Tyrosine-protein kinase JAK1	P23458	1035	experimental	sifts	True	True	PTR	1035		94	0.281	False	0.281	2	LYS	1026	O3P	NZ	2.78	2.78	True	False	True
8S85	1.75	X-ray	B	302	Tyrosine-protein kinase JAK1	P23458	1035	experimental	sifts	True	True	PTR	1035		94	0.281	False	0.281	2	LYS	1038	O2P	NZ	2.82	2.82	True	False	True
4IVB	1.9	X-ray	B	302	Tyrosine-protein kinase JAK1	P23458	1035	experimental	sifts	True	True	PTR	1035		94	0.281	False	0.281	2	LYS	1026	O3P	NZ	3.1	3.1	True	False	True
2QO7	1.605	X-ray	A	373	Ephrin receptor	P29320	701	experimental	author_numbering	True		PTR	701		94	0.281	False	0.281	1	LYS	625	O2P	NZ	2.32	2.32	True	False	True
7ACK	1.8	X-ray	A	299	Cyclin-dependent kinase 2	P24941	160	experimental	sifts	True	True	TPO	160		69	0.284	False	0.115	3	ARG	126	O3P	NH2	2.71	2.71	True	False	True
7ACK	1.8	X-ray	A	299	Cyclin-dependent kinase 2	P24941	160	experimental	sifts	True	True	TPO	160		69	0.284	False	0.115	3	ARG	150	O1P	NH2	2.93	2.93	True	False	True
7ACK	1.8	X-ray	A	299	Cyclin-dependent kinase 2	P24941	160	experimental	sifts	True	True	TPO	160		69	0.284	False	0.115	3	ARG	50	O1P	NH2	3.08	3.08	True	False	True
2UVZ	1.94	X-ray	A	351	CAMP-DEPENDENT PROTEIN KINASE, ALPHA-CATALYTIC SUBUNIT	P00517	198	experimental	sifts	True	True	TPO	197		69	0.284	False	0.243	2	LYS	189	O1P	NZ	2.42	2.42	False	False	False
4Z84	1.554	X-ray	A	351	cAMP-dependent protein kinase catalytic subunit alpha	P00517	198	experimental	sifts	True	True	TPO	197		69	0.284	False	0.267	2	LYS	189	O1P	NZ	2.51	2.51	False	False	False
4O21	1.95	X-ray	A	342	cAMP-dependent protein kinase catalytic subunit alpha	P05132	198	experimental	sifts	True	True	TPO	197		69	0.284	False	0.206	2	LYS	189	O2P	NZ	2.58	2.58	False	False	False
4Z84	1.554	X-ray	A	351	cAMP-dependent protein kinase catalytic subunit alpha	P00517	198	experimental	sifts	True	True	TPO	197		69	0.284	False	0.267	2	ARG	165	O3P	NH1	2.63	2.63	False	False	False
4IAD	1.9	X-ray	A	356	cAMP-dependent protein kinase catalytic subunit alpha	P05132	198	experimental	sifts	True	True	TPO	197		69	0.284	False	0.259	2	ARG	165	O1P	NH1	2.65	2.65	False	False	False
4O21	1.95	X-ray	A	342	cAMP-dependent protein kinase catalytic subunit alpha	P05132	198	experimental	sifts	True	True	TPO	197		69	0.284	False	0.206	2	ARG	165	O3P	NH1	2.66	2.66	False	False	False
2VO6	1.97	X-ray	A	351	CAMP-DEPENDENT PROTEIN KINASE, ALPHA-CATALYTIC SUBUNIT	P00517	198	experimental	sifts	True	True	TPO	197		69	0.284	False	0.21	2	ARG	165	O2P	NH1	2.67	2.67	False	False	False
4AXA	1.9	X-ray	A	351	CAMP-DEPENDENT PROTEIN KINASE CATALYTIC SUBUNIT ALPHA	P00517	198	experimental	sifts	True	True	TPO	197		69	0.284	False	0.263	2	ARG	165	O2P	NH1	2.69	2.69	False	False	False
2JDS	2.0	X-ray	A	351	CAMP-DEPENDENT PROTEIN KINASE	P00517	198	experimental	sifts	True	True	TPO	197		69	0.284	False	0.267	2	ARG	165	O2P	NH1	2.7	2.7	False	False	False
2C1B	2.0	X-ray	A	351	CAMP-DEPENDENT PROTEIN KINASE	P00517	198	experimental	sifts	True	True	TPO	197		69	0.284	False	0.28	2	ARG	165	O2P	NH1	2.72	2.72	False	False	False
2UVZ	1.94	X-ray	A	351	CAMP-DEPENDENT PROTEIN KINASE, ALPHA-CATALYTIC SUBUNIT	P00517	198	experimental	sifts	True	True	TPO	197		69	0.284	False	0.243	2	ARG	165	O2P	NH1	2.73	2.73	False	False	False
4WB8	1.55	X-ray	A	337	cAMP-dependent protein kinase catalytic subunit alpha	P17612	198	experimental	sifts	True	True	TPO	197		69	0.284	False	0.284	2	LYS	189	O1P	NZ	2.76	2.76	True	False	True
6N8G	2.0	X-ray	A	297	Interleukin-1 receptor-associated kinase 4	Q9NWZ3	342	experimental	sifts	True	True	TPO	342		69	0.284	False	0.284	2	LYS	441	O3P	NZ	2.76	2.76	True	False	True
2UW8	2.0	X-ray	A	351	CAMP-DEPENDENT PROTEIN KINASE, ALPHA-CATALYTIC SUBUNIT	P00517	198	experimental	sifts	True	True	TPO	197		69	0.284	False	0.259	2	ARG	165	O2P	NH1	2.77	2.77	False	False	False
4WB5	1.641	X-ray	A	350	cAMP-dependent protein kinase catalytic subunit alpha	P17612	198	experimental	sifts	True	True	TPO	197		69	0.284	False	0.284	2	ARG	165	O2P	NH1	2.78	2.78	True	False	True
4WB8	1.55	X-ray	A	337	cAMP-dependent protein kinase catalytic subunit alpha	P17612	198	experimental	sifts	True	True	TPO	197		69	0.284	False	0.284	2	ARG	165	O2P	NH1	2.78	2.78	True	False	True
6E99	1.88	X-ray	A	351	cAMP-dependent protein kinase catalytic subunit alpha	P00517	198	experimental	sifts	True	True	TPO	198		69	0.284	False	0.284	2	ARG	166	O1P	NH1	2.79	2.79	False	False	False
4WB5	1.641	X-ray	A	350	cAMP-dependent protein kinase catalytic subunit alpha	P17612	198	experimental	sifts	True	True	TPO	197		69	0.284	False	0.284	2	LYS	189	O3P	NZ	2.82	2.82	True	False	True
2VO6	1.97	X-ray	A	351	CAMP-DEPENDENT PROTEIN KINASE, ALPHA-CATALYTIC SUBUNIT	P00517	198	experimental	sifts	True	True	TPO	197		69	0.284	False	0.21	2	LYS	189	O1P	NZ	3.01	3.01	False	False	False
2UW8	2.0	X-ray	A	351	CAMP-DEPENDENT PROTEIN KINASE, ALPHA-CATALYTIC SUBUNIT	P00517	198	experimental	sifts	True	True	TPO	197		69	0.284	False	0.259	2	LYS	189	O1P	NZ	3.17	3.17	False	False	False
4AXA	1.9	X-ray	A	351	CAMP-DEPENDENT PROTEIN KINASE CATALYTIC SUBUNIT ALPHA	P00517	198	experimental	sifts	True	True	TPO	197		69	0.284	False	0.263	2	LYS	189	O1P	NZ	3.27	3.27	False	False	False
4IAD	1.9	X-ray	A	356	cAMP-dependent protein kinase catalytic subunit alpha	P05132	198	experimental	sifts	True	True	TPO	197		69	0.284	False	0.259	2	LYS	189	O3P	NZ	3.27	3.27	False	False	False
6E99	1.88	X-ray	A	351	cAMP-dependent protein kinase catalytic subunit alpha	P00517	198	experimental	sifts	True	True	TPO	198		69	0.284	False	0.284	2	LYS	190	O2P	NZ	3.28	3.28	False	False	False
2C1B	2.0	X-ray	A	351	CAMP-DEPENDENT PROTEIN KINASE	P00517	198	experimental	sifts	True	True	TPO	197		69	0.284	False	0.28	2	LYS	189	O1P	NZ	3.38	3.38	False	False	False
2JDS	2.0	X-ray	A	351	CAMP-DEPENDENT PROTEIN KINASE	P00517	198	experimental	sifts	True	True	TPO	197		69	0.284	False	0.267	2	LYS	189	O1P	NZ	3.41	3.41	False	False	False
6N8G	2.0	X-ray	A	297	Interleukin-1 receptor-associated kinase 4	Q9NWZ3	342	experimental	sifts	True	True	TPO	342		69	0.284	False	0.284	2	LYS	367	O2P	NZ	3.54	3.54	True	False	True
6O95	1.77	X-ray	B	320	Interleukin-1 receptor-associated kinase 4	Q9NWZ3	345	experimental	author_numbering	True		TPO	345		69	0.284	False	0.284	1	ARG	334	O2P	NH2	2.81	2.81	True	False	True
6RSC	1.85	X-ray	A	302	Tyrosine-protein kinase JAK1	P23458	1035	experimental	sifts	True	True	PTR	1035		96	0.287	False	0.287	1	LYS	1026	O3P	NZ	3.49	3.49	True	False	True
3QHW	1.91	X-ray	C	298	Cell division protein kinase 2	P24941	160	experimental	sifts	True	True	TPO	160		70	0.288	False	0.041	3	ARG	126	O2P	NH2	2.44	2.44	True	False	True
7ACK	1.8	X-ray	C	299	Cyclin-dependent kinase 2	P24941	160	experimental	sifts	True	True	TPO	160		70	0.288	False	0.119	3	ARG	126	O1P	NH2	2.67	2.67	True	False	True
3QHW	1.91	X-ray	C	298	Cell division protein kinase 2	P24941	160	experimental	sifts	True	True	TPO	160		70	0.288	False	0.041	3	ARG	150	O3P	NE	2.79	2.79	True	False	True
7ACK	1.8	X-ray	C	299	Cyclin-dependent kinase 2	P24941	160	experimental	sifts	True	True	TPO	160		70	0.288	False	0.119	3	ARG	50	O3P	NH2	2.91	2.91	True	False	True
3QHW	1.91	X-ray	C	298	Cell division protein kinase 2	P24941	160	experimental	sifts	True	True	TPO	160		70	0.288	False	0.041	3	ARG	50	O1P	NH2	2.97	2.97	True	False	True
7ACK	1.8	X-ray	C	299	Cyclin-dependent kinase 2	P24941	160	experimental	sifts	True	True	TPO	160		70	0.288	False	0.119	3	ARG	150	O3P	NH1	3.04	3.04	True	False	True
3VQH	1.95	X-ray	A	351	cAMP-dependent protein kinase catalytic subunit alpha	P17612	198	experimental	sifts	True	True	TPO	197		70	0.288	False	0.28	2	LYS	189	O1P	NZ	2.65	2.65	True	False	True
3AMA	1.75	X-ray	A	351	cAMP-dependent protein kinase catalytic subunit alpha	P17612	198	experimental	sifts	True	True	TPO	197		70	0.288	False	0.28	2	ARG	165	O2P	NH1	2.72	2.72	True	False	True
5M0L	1.465	X-ray	A	353	cAMP-dependent protein kinase catalytic subunit alpha	P25321	198	by_similarity	sifts	True	True	TPO	197		70	0.288	False	0.288	2	ARG	165	O3P	NH1	2.73	2.73	False	False	False
4IAI	1.55	X-ray	A	356	cAMP-dependent protein kinase catalytic subunit alpha	P05132	198	experimental	sifts	True	True	TPO	197		70	0.288	False	0.226	2	ARG	165	O1P	NH1	2.74	2.74	False	False	False
6QJ7	1.69	X-ray	A	351	cAMP-dependent protein kinase catalytic subunit alpha	P17612	198	experimental	sifts	True	True	TPO	197		70	0.288	False	0.267	2	ARG	165	O3P	NH1	2.77	2.77	True	False	True
3VQH	1.95	X-ray	A	351	cAMP-dependent protein kinase catalytic subunit alpha	P17612	198	experimental	sifts	True	True	TPO	197		70	0.288	False	0.28	2	ARG	165	O2P	NH1	2.78	2.78	True	False	True
4O22	1.7	X-ray	A	342	cAMP-dependent protein kinase catalytic subunit alpha.	P05132	198	experimental	sifts	True	True	TPO	197		70	0.288	False	0.239	2	ARG	165	O1P	NH1	2.83	2.83	False	False	False
4O22	1.7	X-ray	A	342	cAMP-dependent protein kinase catalytic subunit alpha.	P05132	198	experimental	sifts	True	True	TPO	197		70	0.288	False	0.239	2	LYS	189	O3P	NZ	3.14	3.14	False	False	False
4IAI	1.55	X-ray	A	356	cAMP-dependent protein kinase catalytic subunit alpha	P05132	198	experimental	sifts	True	True	TPO	197		70	0.288	False	0.226	2	LYS	189	O3P	NZ	3.17	3.17	False	False	False
6QJ7	1.69	X-ray	A	351	cAMP-dependent protein kinase catalytic subunit alpha	P17612	198	experimental	sifts	True	True	TPO	197		70	0.288	False	0.267	2	LYS	189	O2P	NZ	3.27	3.27	True	False	True
5M0L	1.465	X-ray	A	353	cAMP-dependent protein kinase catalytic subunit alpha	P25321	198	by_similarity	sifts	True	True	TPO	197		70	0.288	False	0.288	2	LYS	189	O1P	NZ	3.39	3.39	False	False	False
3D0E	2.0	X-ray	A	335	RAC-beta serine/threonine-protein kinase	P31751	451	by_similarity	sifts	True	True	TPO	451		70	0.288	False	0.288	2	LYS	165	O3P	NZ	3.58	3.58	True	False	True
3AMA	1.75	X-ray	A	351	cAMP-dependent protein kinase catalytic subunit alpha	P17612	198	experimental	sifts	True	True	TPO	197		70	0.288	False	0.28	2	LYS	189	O1P	NZ	3.66	3.66	True	False	True
3D0E	2.0	X-ray	A	335	RAC-beta serine/threonine-protein kinase	P31751	451	by_similarity	sifts	True	True	TPO	451		70	0.288	False	0.288	2	ARG	224	O3P	NH2	3.69	3.5	True	False	True
6UYA	1.74	X-ray	B	320	Interleukin-1 receptor-associated kinase 4	Q9NWZ3	345	experimental	author_numbering	True		TPO	345		70	0.288	False	0.288	1	ARG	334	O1P	NH2	2.77	2.77	True	False	True
6O95	1.77	X-ray	C	320	Interleukin-1 receptor-associated kinase 4	Q9NWZ3	345	experimental	author_numbering	True		TPO	345		70	0.288	False	0.288	1	ARG	334	O2P	NH1	2.8	2.8	True	False	True
6O95	1.77	X-ray	D	320	Interleukin-1 receptor-associated kinase 4	Q9NWZ3	345	experimental	author_numbering	True		TPO	345		70	0.288	False	0.288	1	ARG	334	O2P	NH2	2.81	2.81	True	False	True
2NRU	2.0	X-ray	A	307	Interleukin-1 receptor-associated kinase 4	Q9NWZ3	345	experimental	author_numbering	True		TPO	345		70	0.288	False	0.288	1	ARG	334	O1P	NH2	2.86	2.86	True	False	True
2B7A	2.0	X-ray	B	293	Tyrosine-protein kinase JAK2	O60674	1008	by_similarity	sifts	True	True	PTR	1008		97	0.29	False	0.29	1	ARG	897	O1P	NH1	3.49	3.49	True	False	True
3TNW	2.0	X-ray	C	300	Cyclin-dependent kinase 2	P24941	160	experimental	sifts	True	True	TPO	160		71	0.292	False	0.111	3	ARG	50	O3P	NH2	2.66	2.66	True	False	True
3TNW	2.0	X-ray	C	300	Cyclin-dependent kinase 2	P24941	160	experimental	sifts	True	True	TPO	160		71	0.292	False	0.111	3	ARG	126	O2P	NH1	2.75	2.75	True	False	True
3TNW	2.0	X-ray	C	300	Cyclin-dependent kinase 2	P24941	160	experimental	sifts	True	True	TPO	160		71	0.292	False	0.111	3	ARG	150	O3P	NH1	2.91	2.91	True	False	True
7V0G	1.63	X-ray	E	350	cAMP-dependent protein kinase catalytic subunit alpha	P05132	198	experimental	sifts	True	True	TPO	197		71	0.292	False	0.292	2	LYS	189	O3P	NZ	2.66	2.66	False	False	False
7V0G	1.63	X-ray	E	350	cAMP-dependent protein kinase catalytic subunit alpha	P05132	198	experimental	sifts	True	True	TPO	197		71	0.292	False	0.292	2	ARG	165	O1P	NH1	2.67	2.67	False	False	False
2C30	1.6	X-ray	A	321	SERINE/THREONINE-PROTEIN KINASE PAK 6	Q9NQU5	560	by_similarity	author_numbering	True		SEP	560		66	0.292	False	0.292	2	ARG	525	O1P	NH2	2.78	2.78	True	False	True
6C0T	1.98	X-ray	A	347	cGMP-dependent protein kinase 1	Q13976	517	not_annotated	sifts	True	True	TPO	517		71	0.292	False	0.292	2	ARG	483	O1P	NH1	2.82	2.82	True	False	True
6C0T	1.98	X-ray	A	347	cGMP-dependent protein kinase 1	Q13976	517	not_annotated	sifts	True	True	TPO	517		71	0.292	False	0.292	2	LYS	507	O2P	NZ	2.88	2.88	True	False	True
2C30	1.6	X-ray	A	321	SERINE/THREONINE-PROTEIN KINASE PAK 6	Q9NQU5	560	by_similarity	author_numbering	True		SEP	560		66	0.292	False	0.292	2	ARG	558	O1P	NE	3.01	3.01	True	False	True
1CDK	2.0	X-ray	B	350	CAMP-DEPENDENT PROTEIN KINASE	P36887	198	by_similarity	sifts	True	True	TPO	197		72	0.296	False	0.296	2	LYS	189	O1P	NZ	2.5	2.5	False	False	False
2VNY	1.96	X-ray	A	351	CAMP-DEPENDENT PROTEIN KINASE, ALPHA-CATALYTIC SUBUNIT	P00517	198	experimental	sifts	True	True	TPO	197		72	0.296	False	0.255	2	ARG	165	O2P	NH1	2.66	2.66	False	False	False
4IB0	1.87	X-ray	A	356	cAMP-dependent protein kinase catalytic subunit alpha	P05132	198	experimental	sifts	True	True	TPO	197		72	0.296	False	0.239	2	ARG	165	O1P	NH1	2.67	2.67	False	False	False
4IE9	1.92	X-ray	A	351	cAMP-dependent protein kinase catalytic subunit alpha	P00517	198	experimental	sifts	True	True	TPO	197		72	0.296	False	0.263	2	ARG	165	O2P	NH1	2.67	2.67	False	False	False
6N8G	2.0	X-ray	C	297	Interleukin-1 receptor-associated kinase 4	Q9NWZ3	342	experimental	sifts	True	True	TPO	342		72	0.296	False	0.296	2	LYS	441	O3P	NZ	2.74	2.74	True	False	True
4YTF	1.78	X-ray	A	296	Tyrosine-protein kinase JAK2	O60674	1008	by_similarity	sifts	True	True	PTR	1008		99	0.296	False	0.296	2	ARG	897	O1P	NH1	2.78	2.78	True	False	True
1CDK	2.0	X-ray	B	350	CAMP-DEPENDENT PROTEIN KINASE	P36887	198	by_similarity	sifts	True	True	TPO	197		72	0.296	False	0.296	2	ARG	165	O2P	NH2	2.8	2.8	False	False	False
4E5W	1.86	X-ray	B	302	Tyrosine-protein kinase JAK1	P23458	1035	experimental	author_numbering	True		PTR	1035		99	0.296	False	0.296	2	LYS	1038	O2P	NZ	2.8	2.8	True	False	True
4YTF	1.78	X-ray	A	296	Tyrosine-protein kinase JAK2	O60674	1008	by_similarity	sifts	True	True	PTR	1008		99	0.296	False	0.296	2	LYS	999	O2P	NZ	2.8	2.8	True	False	True
3D0E	2.0	X-ray	B	335	RAC-beta serine/threonine-protein kinase	P31751	309	experimental	sifts	True	True	TPO	309		72	0.296	False	0.296	2	ARG	274	O2P	NH1	2.81	2.81	True	False	True
3D0E	2.0	X-ray	B	335	RAC-beta serine/threonine-protein kinase	P31751	309	experimental	sifts	True	True	TPO	309		72	0.296	False	0.296	2	LYS	298	O3P	NZ	2.87	2.87	True	False	True
4E5W	1.86	X-ray	B	302	Tyrosine-protein kinase JAK1	P23458	1035	experimental	author_numbering	True		PTR	1035		99	0.296	False	0.296	2	LYS	1026	O1P	NZ	3.04	3.04	True	False	True
2VNY	1.96	X-ray	A	351	CAMP-DEPENDENT PROTEIN KINASE, ALPHA-CATALYTIC SUBUNIT	P00517	198	experimental	sifts	True	True	TPO	197		72	0.296	False	0.255	2	LYS	189	O1P	NZ	3.21	3.21	False	False	False
4IB0	1.87	X-ray	A	356	cAMP-dependent protein kinase catalytic subunit alpha	P05132	198	experimental	sifts	True	True	TPO	197		72	0.296	False	0.239	2	LYS	189	O3P	NZ	3.24	3.24	False	False	False
4IE9	1.92	X-ray	A	351	cAMP-dependent protein kinase catalytic subunit alpha	P00517	198	experimental	sifts	True	True	TPO	197		72	0.296	False	0.263	2	LYS	189	O1P	NZ	3.24	3.24	False	False	False
6N8G	2.0	X-ray	C	297	Interleukin-1 receptor-associated kinase 4	Q9NWZ3	342	experimental	sifts	True	True	TPO	342		72	0.296	False	0.296	2	LYS	367	O1P	NZ	3.85	3.81	True	False	True
5M6Y	1.367	X-ray	A	353	cAMP-dependent protein kinase catalytic subunit alpha	P25321	339	by_similarity	sifts	True	True	SEP	338		67	0.296	False	0.296	1	ARG	336	O3P	NH1	2.57	2.57	False	False	False
9BZL	1.81	X-ray	B	285	Aurora kinase A	O14965	288	experimental	author_numbering	True		TPO	288		72	0.296	False	0.296	0							True	False	True
3BU6	1.95	X-ray	A	306	insulin receptor subunit beta	P06213	1190	experimental	sifts	True	True	PTR	1163		100	0.299	False	0.299	2	LYS	1165	O2P	NZ	2.65	2.65	True	False	True
3BU6	1.95	X-ray	A	306	insulin receptor subunit beta	P06213	1190	experimental	sifts	True	True	PTR	1163		100	0.299	False	0.299	2	ARG	1155	O3P	NE	2.77	2.77	True	False	True
4E5W	1.86	X-ray	A	302	Tyrosine-protein kinase JAK1	P23458	1035	experimental	sifts	True	True	PTR	1035		100	0.299	False	0.299	2	LYS	1038	O2P	NZ	2.8	2.8	True	False	True
4E5W	1.86	X-ray	A	302	Tyrosine-protein kinase JAK1	P23458	1035	experimental	sifts	True	True	PTR	1035		100	0.299	False	0.299	2	LYS	1026	O1P	NZ	3.07	3.07	True	False	True
7QHL	1.7	X-ray	C	299	Cyclin-dependent kinase 2	P24941	160	experimental	sifts	True	True	TPO	160		73	0.3	False	0.144	3	ARG	150	O2P	NE	2.7	2.7	True	False	True
4EOI	2.0	X-ray	C	299	Cyclin-dependent kinase 2	P24941	160	experimental	sifts	True	True	TPO	160		73	0.3	False	0.123	3	ARG	50	O1P	NH2	2.76	2.76	True	False	True
4EOI	2.0	X-ray	C	299	Cyclin-dependent kinase 2	P24941	160	experimental	sifts	True	True	TPO	160		73	0.3	False	0.123	3	ARG	126	O2P	NH1	2.76	2.76	True	False	True
3DDQ	1.8	X-ray	C	299	Cell division protein kinase 2	P24941	160	experimental	sifts	True	True	TPO	160		73	0.3	False	0.132	3	ARG	126	O2P	NH1	2.77	2.77	True	False	True
4EOJ	1.65	X-ray	C	302	Cyclin-dependent kinase 2	P24941	160	experimental	sifts	True	True	TPO	160		73	0.3	False	0.136	3	ARG	126	O3P	NH2	2.77	2.77	True	False	True
7QHL	1.7	X-ray	C	299	Cyclin-dependent kinase 2	P24941	160	experimental	sifts	True	True	TPO	160		73	0.3	False	0.144	3	ARG	126	O1P	NH2	2.79	2.79	True	False	True
11GV	1.59	X-ray	A	298	Cyclin-dependent kinase 2	P24941	160	experimental	sifts	True	True	TPO	160		73	0.3	False	0.132	3	ARG	126	O2P	NH1	2.82	2.82	True	False	True
3BHT	2.0	X-ray	C	300	Cell division protein kinase 2	P24941	160	experimental	sifts	True	True	TPO	160		73	0.3	False	0.136	3	ARG	126	O1P	NH2	2.84	2.84	True	False	True
4EOJ	1.65	X-ray	C	302	Cyclin-dependent kinase 2	P24941	160	experimental	sifts	True	True	TPO	160		73	0.3	False	0.136	3	ARG	150	O1P	NH2	2.84	2.84	True	False	True
11GV	1.59	X-ray	A	298	Cyclin-dependent kinase 2	P24941	160	experimental	sifts	True	True	TPO	160		73	0.3	False	0.132	3	ARG	50	O3P	NH2	2.87	2.87	True	False	True
3BHT	2.0	X-ray	C	300	Cell division protein kinase 2	P24941	160	experimental	sifts	True	True	TPO	160		73	0.3	False	0.136	3	ARG	50	O3P	NH2	2.87	2.87	True	False	True
4EOI	2.0	X-ray	C	299	Cyclin-dependent kinase 2	P24941	160	experimental	sifts	True	True	TPO	160		73	0.3	False	0.123	3	ARG	150	O1P	NH2	2.89	2.89	True	False	True
4EOJ	1.65	X-ray	C	302	Cyclin-dependent kinase 2	P24941	160	experimental	sifts	True	True	TPO	160		73	0.3	False	0.136	3	ARG	50	O1P	NH2	2.89	2.89	True	False	True
3BHT	2.0	X-ray	C	300	Cell division protein kinase 2	P24941	160	experimental	sifts	True	True	TPO	160		73	0.3	False	0.136	3	ARG	150	O3P	NH2	2.9	2.9	True	False	True
7QHL	1.7	X-ray	C	299	Cyclin-dependent kinase 2	P24941	160	experimental	sifts	True	True	TPO	160		73	0.3	False	0.144	3	ARG	50	O3P	NH2	2.9	2.9	True	False	True
3DDQ	1.8	X-ray	C	299	Cell division protein kinase 2	P24941	160	experimental	sifts	True	True	TPO	160		73	0.3	False	0.132	3	ARG	50	O1P	NH2	2.92	2.92	True	False	True
11GV	1.59	X-ray	A	298	Cyclin-dependent kinase 2	P24941	160	experimental	sifts	True	True	TPO	160		73	0.3	False	0.132	3	ARG	150	O3P	NH2	2.93	2.93	True	False	True
3DDQ	1.8	X-ray	C	299	Cell division protein kinase 2	P24941	160	experimental	sifts	True	True	TPO	160		73	0.3	False	0.132	3	ARG	150	O1P	NH2	2.96	2.96	True	False	True
1CDK	2.0	X-ray	A	350	CAMP-DEPENDENT PROTEIN KINASE	P36887	198	by_similarity	sifts	True	True	TPO	197		73	0.3	False	0.3	2	LYS	189	O1P	NZ	2.63	2.63	False	False	False
3AGM	2.0	X-ray	A	351	cAMP-dependent protein kinase catalytic subunit alpha	P17612	198	experimental	sifts	True	True	TPO	197		73	0.3	False	0.3	2	ARG	165	O2P	NH1	2.64	2.64	True	False	True
2VO7	1.98	X-ray	A	351	CAMP-DEPENDENT PROTEIN KINASE, ALPHA-CATALYTIC SUBUNIT	P00517	198	experimental	sifts	True	True	TPO	197		73	0.3	False	0.218	2	ARG	165	O2P	NH1	2.65	2.65	False	False	False
3AGM	2.0	X-ray	A	351	cAMP-dependent protein kinase catalytic subunit alpha	P17612	198	experimental	sifts	True	True	TPO	197		73	0.3	False	0.3	2	LYS	189	O1P	NZ	2.75	2.75	True	False	True
1CDK	2.0	X-ray	A	350	CAMP-DEPENDENT PROTEIN KINASE	P36887	198	by_similarity	sifts	True	True	TPO	197		73	0.3	False	0.3	2	ARG	165	O3P	NH1	2.8	2.8	False	False	False
3OOG	2.0	X-ray	A	351	cAMP-dependent protein kinase catalytic subunit alpha	P17612	198	experimental	sifts	True	True	TPO	197		73	0.3	False	0.3	2	ARG	165	O2P	NH1	2.92	2.92	True	False	True
3OOG	2.0	X-ray	A	351	cAMP-dependent protein kinase catalytic subunit alpha	P17612	198	experimental	sifts	True	True	TPO	197		73	0.3	False	0.3	2	LYS	189	O3P	NZ	3.28	3.28	True	False	True
2VO7	1.98	X-ray	A	351	CAMP-DEPENDENT PROTEIN KINASE, ALPHA-CATALYTIC SUBUNIT	P00517	198	experimental	sifts	True	True	TPO	197		73	0.3	False	0.218	2	LYS	189	O1P	NZ	3.63	3.63	False	False	False
4AW0	1.43	X-ray	A	311	3-PHOSPHOINOSITIDE-DEPENDENT PROTEIN KINASE 1	O15530	241	experimental	sifts	True	True	SEP	241		68	0.301	False	0.301	3	ARG	204	O3P	NH2	2.77	2.77	True	False	True
4AW0	1.43	X-ray	A	311	3-PHOSPHOINOSITIDE-DEPENDENT PROTEIN KINASE 1	O15530	241	experimental	sifts	True	True	SEP	241		68	0.301	False	0.301	3	ARG	129	O3P	NH1	3.12	3.12	True	False	True
4AW0	1.43	X-ray	A	311	3-PHOSPHOINOSITIDE-DEPENDENT PROTEIN KINASE 1	O15530	241	experimental	sifts	True	True	SEP	241		68	0.301	False	0.301	3	LYS	228	O1P	NZ	3.46	3.46	True	False	True
7JFL	1.68	X-ray	B	213	Interferon regulatory factor 3	Q14653	386	experimental	author_numbering	True		SEP	386		68	0.301	False	0.075	2	ARG	380	O3P	NH2	2.71	2.71	True	False	True
7JFL	1.68	X-ray	B	213	Interferon regulatory factor 3	Q14653	386	experimental	author_numbering	True		SEP	386		68	0.301	False	0.075	2	ARG	341	O2P	NH2	3.73	3.73	True	False	True
7Q7W	1.85	X-ray	A	316	Tyrosine-protein kinase JAK2	O60674	1008	by_similarity	author_numbering	True		PTR	1008		101	0.302	False	0.302	2	LYS	999	O1P	NZ	2.81	2.81	True	False	True
5WO4	1.84	X-ray	B	302	Tyrosine-protein kinase JAK1	P23458	1035	experimental	sifts	True	True	PTR	1035		101	0.302	False	0.302	2	LYS	1038	O2P	NZ	2.82	2.82	True	False	True
6ELR	1.8	X-ray	A	301	Tyrosine-Protein Kinase JAK1	P23458	1035	experimental	sifts	True	True	PTR	1035		101	0.302	False	0.302	2	LYS	1038	O2P	NZ	2.84	2.84	True	False	True
7Q7W	1.85	X-ray	A	316	Tyrosine-protein kinase JAK2	O60674	1008	by_similarity	author_numbering	True		PTR	1008		101	0.302	False	0.302	2	ARG	897	O2P	NH1	3.06	3.06	True	False	True
6ELR	1.8	X-ray	A	301	Tyrosine-Protein Kinase JAK1	P23458	1035	experimental	sifts	True	True	PTR	1035		101	0.302	False	0.302	2	LYS	1026	O3P	NZ	3.11	3.11	True	False	True
3E63	1.9	X-ray	A	293	Tyrosine-protein kinase JAK2	O60674	1008	by_similarity	sifts	True	True	PTR	1008		101	0.302	False	0.302	2	ARG	897	O3P	NH1	3.35	3.35	True	False	True
5WO4	1.84	X-ray	B	302	Tyrosine-protein kinase JAK1	P23458	1035	experimental	sifts	True	True	PTR	1035		101	0.302	False	0.302	2	LYS	1026	O1P	NZ	3.38	3.38	True	False	True
3E63	1.9	X-ray	A	293	Tyrosine-protein kinase JAK2	O60674	1008	by_similarity	sifts	True	True	PTR	1008		101	0.302	False	0.302	2	LYS	999	O3P	NZ	3.95	3.56	True	False	True
1IR3	1.9	X-ray	A	306	INSULIN RECEPTOR	P06213	1190	experimental	sifts	True	True	PTR	1163		101	0.302	False	0.302	1	ARG	1155	O3P	NE	2.9	2.9	True	False	True
6RSH	1.71	X-ray	B	302	Tyrosine-protein kinase JAK1	P23458	1035	experimental	sifts	True	True	PTR	1035		101	0.302	False	0.302	1	LYS	1026	O1P	NZ	3.12	3.12	True	False	True
7QHL	1.7	X-ray	A	299	Cyclin-dependent kinase 2	P24941	160	experimental	sifts	True	True	TPO	160		74	0.305	False	0.144	3	ARG	150	O2P	NE	2.66	2.66	True	False	True
4OTD	2.0	X-ray	A	341	Serine/threonine-protein kinase N1	Q16512	916	by_similarity	sifts	True	True	SEP	922		69	0.305	False	0.305	3	ARG	629	O1P	NH2	2.76	2.76	True	False	True
7QHL	1.7	X-ray	A	299	Cyclin-dependent kinase 2	P24941	160	experimental	sifts	True	True	TPO	160		74	0.305	False	0.144	3	ARG	126	O2P	NH1	2.78	2.78	True	False	True
4OTD	2.0	X-ray	A	341	Serine/threonine-protein kinase N1	Q16512	916	by_similarity	sifts	True	True	SEP	922		69	0.305	False	0.305	3	LYS	634	O1P	NZ	2.8	2.8	True	False	True
7QHL	1.7	X-ray	A	299	Cyclin-dependent kinase 2	P24941	160	experimental	sifts	True	True	TPO	160		74	0.305	False	0.144	3	ARG	50	O1P	NH2	2.93	2.93	True	False	True
4OTD	2.0	X-ray	A	341	Serine/threonine-protein kinase N1	Q16512	916	by_similarity	sifts	True	True	SEP	922		69	0.305	False	0.305	3	LYS	653	O3P	NZ	3.04	3.04	True	False	True
6BDL	1.96	X-ray	B	347	cGMP-dependent protein kinase 1	Q13976	517	not_annotated	sifts	True	True	TPO	517		74	0.305	False	0.305	2	ARG	483	O1P	NH1	2.59	2.59	True	False	True
6X8E	1.75	X-ray	B	298	Tyrosine-protein kinase JAK2	O60674	1008	by_similarity	sifts	True	True	PTR	1008		102	0.305	False	0.305	2	ARG	897	O2P	NH1	2.74	2.74	True	False	True
6BG2	1.83	X-ray	B	347	cGMP-dependent protein kinase 1	Q13976	517	not_annotated	sifts	True	True	TPO	517		74	0.305	False	0.136	2	ARG	483	O3P	NH1	2.76	2.76	True	False	True
6BG2	1.83	X-ray	B	347	cGMP-dependent protein kinase 1	Q13976	517	not_annotated	sifts	True	True	TPO	517		74	0.305	False	0.136	2	LYS	507	O1P	NZ	2.76	2.76	True	False	True
6X8E	1.75	X-ray	B	298	Tyrosine-protein kinase JAK2	O60674	1008	by_similarity	sifts	True	True	PTR	1008		102	0.305	False	0.305	2	LYS	999	O3P	NZ	2.83	2.83	True	False	True
6BDL	1.96	X-ray	B	347	cGMP-dependent protein kinase 1	Q13976	517	not_annotated	sifts	True	True	TPO	517		74	0.305	False	0.305	2	LYS	507	O2P	NZ	3.06	3.06	True	False	True
6WTN	1.83	X-ray	A	309	Tyrosine-protein kinase JAK2	O60674	1008	by_similarity	sifts	True	True	PTR	1008		102	0.305	False	0.305	2	ARG	897	O2P	NH2	3.06	3.06	True	False	True
6WTN	1.83	X-ray	A	309	Tyrosine-protein kinase JAK2	O60674	1008	by_similarity	sifts	True	True	PTR	1008		102	0.305	False	0.305	2	LYS	999	O2P	NZ	3.24	3.24	True	False	True
6O8U	1.8	X-ray	D	305	Interleukin-1 receptor-associated kinase 4	Q9NWZ3	345	experimental	author_numbering	True		TPO	345		74	0.305	False	0.305	1	ARG	334	O1P	NH2	2.72	2.72	True	False	True
6ELR	1.8	X-ray	B	301	Tyrosine-Protein Kinase JAK1	P23458	1035	experimental	sifts	True	True	PTR	1035		103	0.308	False	0.308	2	LYS	1038	O2P	NZ	2.84	2.84	True	False	True
8BX9	1.4	X-ray	B	316	Tyrosine-protein kinase JAK2	O60674	1008	by_similarity	sifts	True	True	PTR	1008		103	0.308	False	0.308	2	LYS	999	O2P	NZ	2.97	2.97	True	False	True
6ELR	1.8	X-ray	B	301	Tyrosine-Protein Kinase JAK1	P23458	1035	experimental	sifts	True	True	PTR	1035		103	0.308	False	0.308	2	LYS	1026	O3P	NZ	3.08	3.08	True	False	True
8BX9	1.4	X-ray	B	316	Tyrosine-protein kinase JAK2	O60674	1008	by_similarity	sifts	True	True	PTR	1008		103	0.308	False	0.308	2	ARG	897	O3P	NH1	3.32	3.32	True	False	True
6N7B	1.81	X-ray	A	302	Tyrosine-protein kinase JAK1	P23458	1035	experimental	sifts	True	True	PTR	1035		103	0.308	False	0.308	1	LYS	1026	O3P	NZ	3.36	3.36	True	False	True
3LXP	1.65	X-ray	A	318	Non-receptor tyrosine-protein kinase TYK2	P29597	1054	experimental	sifts	True	True	PTR	1054		103	0.308	False	0.308	1	ARG	1056	O3P	NH2	3.81	3.29	True	False	True
1H1R	2.0	X-ray	C	303	CELL DIVISION PROTEIN KINASE 2	P24941	160	experimental	sifts	True	True	TPO	160		75	0.309	False	0.14	3	ARG	150	O2P	NH2	2.47	2.47	True	False	True
3QHW	1.91	X-ray	A	298	Cell division protein kinase 2	P24941	160	experimental	sifts	True	True	TPO	160		75	0.309	False	0.049	3	ARG	126	O1P	NH2	2.51	2.51	True	False	True
1H1R	2.0	X-ray	C	303	CELL DIVISION PROTEIN KINASE 2	P24941	160	experimental	sifts	True	True	TPO	160		75	0.309	False	0.14	3	ARG	126	O1P	NH1	2.59	2.59	True	False	True
1H1R	2.0	X-ray	A	303	CELL DIVISION PROTEIN KINASE 2	P24941	160	experimental	sifts	True	True	TPO	160		75	0.309	False	0.136	3	ARG	126	O2P	NH1	2.67	2.67	True	False	True
1OIU	2.0	X-ray	C	302	CELL DIVISION PROTEIN KINASE 2	P24941	160	experimental	sifts	True	True	TPO	160		75	0.309	False	0.14	3	ARG	126	O3P	NH2	2.72	2.72	True	False	True
1OIU	2.0	X-ray	C	302	CELL DIVISION PROTEIN KINASE 2	P24941	160	experimental	sifts	True	True	TPO	160		75	0.309	False	0.14	3	ARG	50	O3P	NH1	2.73	2.73	True	False	True
5CYI	2.0	X-ray	A	303	Cyclin-dependent kinase 2	P24941	160	experimental	sifts	True	True	TPO	160		75	0.309	False	0.132	3	ARG	126	O1P	NH2	2.81	2.81	True	False	True
3QHW	1.91	X-ray	A	298	Cell division protein kinase 2	P24941	160	experimental	sifts	True	True	TPO	160		75	0.309	False	0.049	3	ARG	150	O3P	NE	2.84	2.84	True	False	True
1H1R	2.0	X-ray	A	303	CELL DIVISION PROTEIN KINASE 2	P24941	160	experimental	sifts	True	True	TPO	160		75	0.309	False	0.136	3	ARG	50	O3P	NH2	2.86	2.86	True	False	True
1H1R	2.0	X-ray	C	303	CELL DIVISION PROTEIN KINASE 2	P24941	160	experimental	sifts	True	True	TPO	160		75	0.309	False	0.14	3	ARG	50	O2P	NH2	2.87	2.87	True	False	True
1H1R	2.0	X-ray	A	303	CELL DIVISION PROTEIN KINASE 2	P24941	160	experimental	sifts	True	True	TPO	160		75	0.309	False	0.136	3	ARG	150	O2P	NE	2.9	2.9	True	False	True
1OIU	2.0	X-ray	C	302	CELL DIVISION PROTEIN KINASE 2	P24941	160	experimental	sifts	True	True	TPO	160		75	0.309	False	0.14	3	ARG	150	O1P	NH2	2.9	2.9	True	False	True
5CYI	2.0	X-ray	A	303	Cyclin-dependent kinase 2	P24941	160	experimental	sifts	True	True	TPO	160		75	0.309	False	0.132	3	ARG	150	O3P	NH2	2.91	2.91	True	False	True
3QHW	1.91	X-ray	A	298	Cell division protein kinase 2	P24941	160	experimental	sifts	True	True	TPO	160		75	0.309	False	0.049	3	ARG	50	O1P	NH1	2.96	2.96	True	False	True
5CYI	2.0	X-ray	A	303	Cyclin-dependent kinase 2	P24941	160	experimental	sifts	True	True	TPO	160		75	0.309	False	0.132	3	ARG	50	O3P	NH2	3.05	3.05	True	False	True
6BDL	1.96	X-ray	A	347	cGMP-dependent protein kinase 1	Q13976	517	not_annotated	sifts	True	True	TPO	517		75	0.309	False	0.251	2	ARG	483	O3P	NH1	2.61	2.61	True	False	True
6BG2	1.83	X-ray	D	347	cGMP-dependent protein kinase 1	Q13976	517	not_annotated	sifts	True	True	TPO	517		75	0.309	False	0.309	2	LYS	507	O1P	NZ	2.67	2.67	True	False	True
6BG2	1.83	X-ray	C	347	cGMP-dependent protein kinase 1	Q13976	517	not_annotated	sifts	True	True	TPO	517		75	0.309	False	0.309	2	LYS	507	O1P	NZ	2.68	2.68	True	False	True
6BG2	1.83	X-ray	D	347	cGMP-dependent protein kinase 1	Q13976	517	not_annotated	sifts	True	True	TPO	517		75	0.309	False	0.309	2	ARG	483	O3P	NH1	2.76	2.76	True	False	True
6BG2	1.83	X-ray	C	347	cGMP-dependent protein kinase 1	Q13976	517	not_annotated	sifts	True	True	TPO	517		75	0.309	False	0.309	2	ARG	483	O3P	NH1	2.78	2.78	True	False	True
6BDL	1.96	X-ray	A	347	cGMP-dependent protein kinase 1	Q13976	517	not_annotated	sifts	True	True	TPO	517		75	0.309	False	0.251	2	LYS	507	O1P	NZ	2.85	2.85	True	False	True
6THX	1.99	X-ray	B	308	Interleukin-1 receptor-associated kinase 4	Q9NWZ3	345	experimental	author_numbering	True		TPO	345		75	0.309	False	0.309	1	ARG	334	O2P	NH1	2.81	2.81	True	False	True
4A06	2.0	X-ray	A	311	3-PHOSPHOINOSITIDE-DEPENDENT PROTEIN KINASE 1	O15530	241	experimental	sifts	True	True	SEP	241		70	0.31	False	0.31	3	ARG	204	O1P	NH2	2.66	2.66	True	False	True
4A06	2.0	X-ray	A	311	3-PHOSPHOINOSITIDE-DEPENDENT PROTEIN KINASE 1	O15530	241	experimental	sifts	True	True	SEP	241		70	0.31	False	0.31	3	LYS	228	O2P	NZ	2.82	2.82	True	False	True
4A06	2.0	X-ray	A	311	3-PHOSPHOINOSITIDE-DEPENDENT PROTEIN KINASE 1	O15530	241	experimental	sifts	True	True	SEP	241		70	0.31	False	0.31	3	ARG	129	O1P	NH1	2.86	2.86	True	False	True
5WO4	1.84	X-ray	A	302	Tyrosine-protein kinase JAK1	P23458	1035	experimental	sifts	True	True	PTR	1035		104	0.311	False	0.311	2	LYS	1038	O2P	NZ	2.85	2.85	True	False	True
5WO4	1.84	X-ray	A	302	Tyrosine-protein kinase JAK1	P23458	1035	experimental	sifts	True	True	PTR	1035		104	0.311	False	0.311	2	LYS	1026	O1P	NZ	3.4	3.4	True	False	True
6RSC	1.85	X-ray	B	302	Tyrosine-protein kinase JAK1	P23458	1035	experimental	sifts	True	True	PTR	1035		104	0.311	False	0.311	1	LYS	1026	O3P	NZ	3.51	3.51	True	False	True
2CCH	1.7	X-ray	C	299	CELL DIVISION PROTEIN KINASE 2	P24941	160	experimental	sifts	True	True	TPO	160		76	0.313	False	0.136	3	ARG	126	O1P	NH2	2.74	2.74	True	False	True
5V62	1.9	X-ray	A	351	Mitogen-activated protein kinase 1	P28482	185	by_similarity	sifts	True	True	TPO	185		76	0.313	False	0.313	3	ARG	70	O1P	NH1	2.74	2.74	True	False	True
5V62	1.9	X-ray	A	351	Mitogen-activated protein kinase 1	P28482	185	by_similarity	sifts	True	True	TPO	185		76	0.313	False	0.313	3	ARG	148	O2P	NH1	2.75	2.75	True	False	True
2CCH	1.7	X-ray	A	299	CELL DIVISION PROTEIN KINASE 2	P24941	160	experimental	sifts	True	True	TPO	160		76	0.313	False	0.148	3	ARG	126	O1P	NH2	2.76	2.76	True	False	True
2CCH	1.7	X-ray	C	299	CELL DIVISION PROTEIN KINASE 2	P24941	160	experimental	sifts	True	True	TPO	160		76	0.313	False	0.136	3	ARG	50	O3P	NH2	2.8	2.8	True	False	True
2CCH	1.7	X-ray	A	299	CELL DIVISION PROTEIN KINASE 2	P24941	160	experimental	sifts	True	True	TPO	160		76	0.313	False	0.148	3	ARG	50	O3P	NH2	2.9	2.9	True	False	True
2CCH	1.7	X-ray	A	299	CELL DIVISION PROTEIN KINASE 2	P24941	160	experimental	sifts	True	True	TPO	160		76	0.313	False	0.148	3	ARG	150	O2P	NE	2.92	2.92	True	False	True
5V62	1.9	X-ray	A	351	Mitogen-activated protein kinase 1	P28482	185	by_similarity	sifts	True	True	TPO	185		76	0.313	False	0.313	3	ARG	172	O2P	NH1	2.93	2.93	True	False	True
2CCH	1.7	X-ray	C	299	CELL DIVISION PROTEIN KINASE 2	P24941	160	experimental	sifts	True	True	TPO	160		76	0.313	False	0.136	3	ARG	150	O2P	NE	3.05	3.05	True	False	True
2IW9	2.0	X-ray	C	302	CELL DIVISION PROTEIN KINASE 2	P24941	160	experimental	sifts	True	True	TPO	160		77	0.317	False	0.144	3	ARG	126	O3P	NH2	2.74	2.74	True	False	True
2IW9	2.0	X-ray	A	302	CELL DIVISION PROTEIN KINASE 2	P24941	160	experimental	sifts	True	True	TPO	160		77	0.317	False	0.148	3	ARG	126	O2P	NH1	2.81	2.81	True	False	True
2IW9	2.0	X-ray	A	302	CELL DIVISION PROTEIN KINASE 2	P24941	160	experimental	sifts	True	True	TPO	160		77	0.317	False	0.148	3	ARG	50	O1P	NH2	2.82	2.82	True	False	True
2IW9	2.0	X-ray	A	302	CELL DIVISION PROTEIN KINASE 2	P24941	160	experimental	sifts	True	True	TPO	160		77	0.317	False	0.148	3	ARG	150	O2P	NE	2.88	2.88	True	False	True
2IW9	2.0	X-ray	C	302	CELL DIVISION PROTEIN KINASE 2	P24941	160	experimental	sifts	True	True	TPO	160		77	0.317	False	0.144	3	ARG	150	O1P	NH2	2.9	2.9	True	False	True
2IW9	2.0	X-ray	C	302	CELL DIVISION PROTEIN KINASE 2	P24941	160	experimental	sifts	True	True	TPO	160		77	0.317	False	0.144	3	ARG	50	O3P	NH1	2.95	2.95	True	False	True
6FRX	1.88	X-ray	A	351	cAMP-dependent protein kinase catalytic subunit alpha	P17612	198	experimental	sifts	True	True	TPO	197		77	0.317	False	0.267	2	ARG	165	O1P	NH1	2.68	2.68	True	False	True
3D0E	2.0	X-ray	A	335	RAC-beta serine/threonine-protein kinase	P31751	309	experimental	sifts	True	True	TPO	309		77	0.317	False	0.317	2	ARG	274	O2P	NH1	2.83	2.83	True	False	True
5CF8	1.8	X-ray	B	301	Tyrosine-protein kinase JAK2	O60674	1008	by_similarity	sifts	True	True	PTR	1008		106	0.317	False	0.317	2	ARG	897	O3P	NH1	2.93	2.93	True	False	True
3D0E	2.0	X-ray	A	335	RAC-beta serine/threonine-protein kinase	P31751	309	experimental	sifts	True	True	TPO	309		77	0.317	False	0.317	2	LYS	298	O3P	NZ	2.97	2.97	True	False	True
6WTO	1.74	X-ray	A	309	Tyrosine-protein kinase JAK2	O60674	1008	by_similarity	sifts	True	True	PTR	1008		106	0.317	False	0.317	2	LYS	999	O1P	NZ	3.03	3.03	True	False	True
6WTO	1.74	X-ray	A	309	Tyrosine-protein kinase JAK2	O60674	1008	by_similarity	sifts	True	True	PTR	1008		106	0.317	False	0.317	2	ARG	897	O2P	NH2	3.23	3.23	True	False	True
6FRX	1.88	X-ray	A	351	cAMP-dependent protein kinase catalytic subunit alpha	P17612	198	experimental	sifts	True	True	TPO	197		77	0.317	False	0.267	2	LYS	189	O2P	NZ	3.57	3.57	True	False	True
5CF8	1.8	X-ray	B	301	Tyrosine-protein kinase JAK2	O60674	1008	by_similarity	sifts	True	True	PTR	1008		106	0.317	False	0.317	2	LYS	999	O3P	NZ	3.83	3.49	True	False	True
3E64	1.8	X-ray	A	293	Tyrosine-protein kinase JAK2	O60674	1008	by_similarity	sifts	True	True	PTR	1008		106	0.317	False	0.317	0							True	False	True
5Y86	1.9	X-ray	A	588	Dual specificity tyrosine-phosphorylation-regulated kinase 3	O43781	512	not_annotated	author_numbering	True		TPO	512		77	0.317	False	0.317	0							True	False	True
3HRF	1.9	X-ray	A	311	3-phosphoinositide-dependent protein kinase 1	O15530	241	experimental	sifts	True	True	SEP	241		72	0.319	False	0.319	3	ARG	204	O1P	NH2	2.61	2.61	True	False	True
3HRC	1.91	X-ray	A	311	3-phosphoinositide-dependent protein kinase 1	O15530	241	experimental	sifts	True	True	SEP	241		72	0.319	False	0.319	3	ARG	204	O1P	NH2	2.62	2.62	True	False	True
3HRC	1.91	X-ray	A	311	3-phosphoinositide-dependent protein kinase 1	O15530	241	experimental	sifts	True	True	SEP	241		72	0.319	False	0.319	3	LYS	228	O2P	NZ	2.82	2.82	True	False	True
3HRF	1.9	X-ray	A	311	3-phosphoinositide-dependent protein kinase 1	O15530	241	experimental	sifts	True	True	SEP	241		72	0.319	False	0.319	3	ARG	129	O1P	NH2	2.82	2.82	True	False	True
3HRC	1.91	X-ray	A	311	3-phosphoinositide-dependent protein kinase 1	O15530	241	experimental	sifts	True	True	SEP	241		72	0.319	False	0.319	3	ARG	129	O1P	NH1	2.89	2.89	True	False	True
3HRF	1.9	X-ray	A	311	3-phosphoinositide-dependent protein kinase 1	O15530	241	experimental	sifts	True	True	SEP	241		72	0.319	False	0.319	3	LYS	228	O2P	NZ	3.78	3.78	True	False	True
7JFL	1.68	X-ray	A	213	Interferon regulatory factor 3	Q14653	386	experimental	author_numbering	True		SEP	386		72	0.319	False	0.075	2	ARG	380	O3P	NH2	2.73	2.73	True	False	True
5LVO	1.09	X-ray	A	311	3-phosphoinositide-dependent protein kinase 1	O15530	241	experimental	sifts	True	True	SEP	241		72	0.319	False	0.319	2	ARG	204	O1P	NH2	2.82	2.82	True	False	True
5LVO	1.09	X-ray	A	311	3-phosphoinositide-dependent protein kinase 1	O15530	241	experimental	sifts	True	True	SEP	241		72	0.319	False	0.319	2	ARG	129	O1P	NH1	3.19	3.19	True	False	True
7JFL	1.68	X-ray	A	213	Interferon regulatory factor 3	Q14653	386	experimental	author_numbering	True		SEP	386		72	0.319	False	0.075	2	ARG	341	O1P	NH2	3.61	3.61	True	False	True
5X3M	1.818	X-ray	A	76	Polyubiquitin-B	P0CG47	217	not_annotated	sifts	True	True	SEP	65		72	0.319	False	0.319	0							True	False	True
3BU3	1.65	X-ray	A	306	insulin receptor subunit beta	P06213	1190	experimental	sifts	True	True	PTR	1163		107	0.32	False	0.32	2	ARG	1155	O3P	NE	2.89	2.89	True	False	True
3EYG	1.9	X-ray	A	290	Tyrosine-protein kinase	P23458	1035	experimental	sifts	True	True	PTR	1035		107	0.32	False	0.32	2	LYS	1038	O2P	NZ	3.0	3.0	True	False	True
3BU3	1.65	X-ray	A	306	insulin receptor subunit beta	P06213	1190	experimental	sifts	True	True	PTR	1163		107	0.32	False	0.32	2	LYS	1165	O2P	NZ	3.05	3.05	True	False	True
3EYG	1.9	X-ray	A	290	Tyrosine-protein kinase	P23458	1035	experimental	sifts	True	True	PTR	1035		107	0.32	False	0.32	2	LYS	1026	O3P	NZ	3.29	3.29	True	False	True
7Q7L	1.97	X-ray	A	316	Tyrosine-protein kinase JAK2	O60674	1008	by_similarity	author_numbering	True		PTR	1008		107	0.32	False	0.32	1	LYS	999	O1P	NZ	2.81	2.81	True	False	True
6RSB	1.8	X-ray	A	302	Tyrosine-protein kinase JAK1	P23458	1035	experimental	sifts	True	True	PTR	1035		107	0.32	False	0.32	1	LYS	1026	O3P	NZ	2.88	2.88	True	False	True
3TNW	2.0	X-ray	A	300	Cyclin-dependent kinase 2	P24941	160	experimental	sifts	True	True	TPO	160		78	0.321	False	0.128	3	ARG	150	O2P	NH1	2.64	2.64	True	False	True
3TNW	2.0	X-ray	A	300	Cyclin-dependent kinase 2	P24941	160	experimental	sifts	True	True	TPO	160		78	0.321	False	0.128	3	ARG	126	O1P	NH2	2.74	2.74	True	False	True
3TNW	2.0	X-ray	A	300	Cyclin-dependent kinase 2	P24941	160	experimental	sifts	True	True	TPO	160		78	0.321	False	0.128	3	ARG	50	O3P	NH2	2.75	2.75	True	False	True
5CYI	2.0	X-ray	C	303	Cyclin-dependent kinase 2	P24941	160	experimental	sifts	True	True	TPO	160		78	0.321	False	0.152	3	ARG	126	O3P	NH2	2.81	2.81	True	False	True
5CYI	2.0	X-ray	C	303	Cyclin-dependent kinase 2	P24941	160	experimental	sifts	True	True	TPO	160		78	0.321	False	0.152	3	ARG	150	O1P	NH2	2.9	2.9	True	False	True
5CYI	2.0	X-ray	C	303	Cyclin-dependent kinase 2	P24941	160	experimental	sifts	True	True	TPO	160		78	0.321	False	0.152	3	ARG	50	O1P	NH2	3.06	3.06	True	False	True
4IZA	1.93	X-ray	A	356	Mitogen-activated protein kinase 1	P28482	185	by_similarity	author_numbering	True		TPO	185		78	0.321	False	0.082	0							True	False	True
3RCJ	1.7	X-ray	A	311	3-phosphoinositide-dependent protein kinase 1	O15530	241	experimental	author_numbering	True		SEP	241		73	0.323	False	0.323	3	ARG	204	O1P	NH1	2.73	2.73	True	False	True
4A07	1.85	X-ray	A	311	3-PHOSPHOINOSITIDE-DEPENDENT PROTEIN KINASE 1	O15530	241	experimental	sifts	True	True	SEP	241		73	0.323	False	0.323	3	ARG	204	O3P	NH2	2.74	2.74	True	False	True
4A07	1.85	X-ray	A	311	3-PHOSPHOINOSITIDE-DEPENDENT PROTEIN KINASE 1	O15530	241	experimental	sifts	True	True	SEP	241		73	0.323	False	0.323	3	ARG	129	O3P	NH1	2.86	2.86	True	False	True
3RCJ	1.7	X-ray	A	311	3-phosphoinositide-dependent protein kinase 1	O15530	241	experimental	author_numbering	True		SEP	241		73	0.323	False	0.323	3	ARG	129	O2P	NH1	3.11	3.11	True	False	True
4A07	1.85	X-ray	A	311	3-PHOSPHOINOSITIDE-DEPENDENT PROTEIN KINASE 1	O15530	241	experimental	sifts	True	True	SEP	241		73	0.323	False	0.323	3	LYS	228	O1P	NZ	3.12	3.12	True	False	True
3RCJ	1.7	X-ray	A	311	3-phosphoinositide-dependent protein kinase 1	O15530	241	experimental	author_numbering	True		SEP	241		73	0.323	False	0.323	3	LYS	228	O3P	NZ	3.75	3.75	True	False	True
7Q7K	1.61	X-ray	A	316	Tyrosine-protein kinase JAK2	O60674	1008	by_similarity	author_numbering	True		PTR	1008		108	0.323	False	0.323	2	ARG	897	O2P	NH1	2.78	2.78	True	False	True
7Q7K	1.61	X-ray	A	316	Tyrosine-protein kinase JAK2	O60674	1008	by_similarity	author_numbering	True		PTR	1008		108	0.323	False	0.323	2	LYS	999	O2P	NZ	3.77	3.53	True	False	True
7A4R	1.8	X-ray	B	355	Dual specificity tyrosine-phosphorylation-regulated kinase 1A	Q13627		unmapped	unmapped	False		SEP	145		73	0.323	False	0.243	1	LYS	193	O3P	NZ	2.64	2.64	True	False	False
8G8X	1.97	X-ray	B	318	Tyrosine-protein kinase JAK2	O60674	1008	by_similarity	author_numbering	True		PTR	1008		108	0.323	False	0.323	1	ARG	897	O1P	NH1	2.9	2.9	True	False	True
9CJ3	1.95	X-ray	A	360	Mitogen-activated protein kinase 14	Q16539	182	experimental	author_numbering	True		PTR	182		108	0.323	False	0.323	1	ARG	186	O2P	NH2	2.95	2.95	True	False	True
4E4N	1.9	X-ray	B	302	Tyrosine-protein kinase JAK1	P23458	1035	experimental	sifts	True	True	PTR	1035		108	0.323	False	0.323	1	LYS	1026	O3P	NZ	3.55	3.55	True	False	True
1H1S	2.0	X-ray	A	303	CELL DIVISION PROTEIN KINASE 2	P24941	160	experimental	sifts	True	True	TPO	160		79	0.325	False	0.152	3	ARG	126	O3P	NH2	2.75	2.75	True	False	True
1H1S	2.0	X-ray	A	303	CELL DIVISION PROTEIN KINASE 2	P24941	160	experimental	sifts	True	True	TPO	160		79	0.325	False	0.152	3	ARG	50	O3P	NH1	2.9	2.9	True	False	True
1H1S	2.0	X-ray	A	303	CELL DIVISION PROTEIN KINASE 2	P24941	160	experimental	sifts	True	True	TPO	160		79	0.325	False	0.152	3	ARG	150	O2P	NE	2.98	2.98	True	False	True
8UCC	1.8	X-ray	B	307	Interleukin-1 receptor-associated kinase 4	Q9NWZ3	345	experimental	author_numbering	True		TPO	345		79	0.325	False	0.325	1	ARG	334	O1P	NH2	2.78	2.78	True	False	True
6RSB	1.8	X-ray	B	302	Tyrosine-protein kinase JAK1	P23458	1035	experimental	sifts	True	True	PTR	1035		109	0.326	False	0.326	1	LYS	1026	O1P	NZ	3.05	3.05	True	False	True
4E6Q	1.948	X-ray	A	298	Tyrosine-protein kinase JAK2	O60674	1008	by_similarity	sifts	True	True	PTR	1008		109	0.326	False	0.326	1	ARG	897	O2P	NH1	3.39	3.39	True	False	True
6RSE	1.8	X-ray	B	302	Tyrosine-protein kinase JAK1	P23458	1035	experimental	sifts	True	True	PTR	1035		109	0.326	False	0.326	1	LYS	1026	O1P	NZ	3.4	3.4	True	False	True
4IVD	1.93	X-ray	B	302	Tyrosine-protein kinase JAK1	P23458	1035	experimental	sifts	True	True	PTR	1035		109	0.326	False	0.326	0							True	False	True
4CT1	1.85	X-ray	A	311	3-PHOSPHOINOSITIDE-DEPENDENT PROTEIN KINASE 1	O15530	241	experimental	sifts	True	True	SEP	241		74	0.327	False	0.327	3	ARG	204	O2P	NH1	2.69	2.69	True	False	True
4CT1	1.85	X-ray	A	311	3-PHOSPHOINOSITIDE-DEPENDENT PROTEIN KINASE 1	O15530	241	experimental	sifts	True	True	SEP	241		74	0.327	False	0.327	3	ARG	129	O3P	NH1	2.78	2.78	True	False	True
4CT1	1.85	X-ray	A	311	3-PHOSPHOINOSITIDE-DEPENDENT PROTEIN KINASE 1	O15530	241	experimental	sifts	True	True	SEP	241		74	0.327	False	0.327	3	LYS	228	O1P	NZ	3.58	3.58	True	False	True
9KBO	2.0	X-ray	D	291	Shiftless antiviral inhibitor of ribosomal frameshifting protein	Q9NUL5	249	not_annotated	sifts	True	True	SEP	249		74	0.327	False	0.305	2	LYS	127	O1P	NZ	2.54	2.54	True	False	True
9KBO	2.0	X-ray	C	291	Shiftless antiviral inhibitor of ribosomal frameshifting protein	Q9NUL5	249	not_annotated	sifts	True	True	SEP	249		74	0.327	False	0.327	2	LYS	127	O1P	NZ	3.1	2.9	True	False	True
9KBO	2.0	X-ray	D	291	Shiftless antiviral inhibitor of ribosomal frameshifting protein	Q9NUL5	249	not_annotated	sifts	True	True	SEP	249		74	0.327	False	0.305	2	LYS	22	O2P	NZ	3.57	3.57	True	False	True
9KBO	2.0	X-ray	C	291	Shiftless antiviral inhibitor of ribosomal frameshifting protein	Q9NUL5	249	not_annotated	sifts	True	True	SEP	249		74	0.327	False	0.327	2	ARG	126	O1P	NH1	3.86	2.92	True	False	True
5LCQ	1.423	X-ray	A	353	cAMP-dependent protein kinase catalytic subunit alpha	P25321	198	by_similarity	sifts	True	True	TPO	197		80	0.329	False	0.329	2	LYS	189	O1P	NZ	2.68	2.68	False	False	False
5LCQ	1.423	X-ray	A	353	cAMP-dependent protein kinase catalytic subunit alpha	P25321	198	by_similarity	sifts	True	True	TPO	197		80	0.329	False	0.329	2	ARG	165	O3P	NH1	2.73	2.73	False	False	False
4IVA	1.5	X-ray	A	300	Tyrosine-protein kinase JAK2	O60674	1008	by_similarity	sifts	True	True	PTR	1008		110	0.329	False	0.329	2	ARG	897	O3P	NH1	2.8	2.8	True	False	True
5CF8	1.8	X-ray	A	301	Tyrosine-protein kinase JAK2	O60674	1008	by_similarity	sifts	True	True	PTR	1008		110	0.329	False	0.329	2	ARG	897	O3P	NH1	2.82	2.82	True	False	True
8W3X	1.765	X-ray	C	323	Interleukin-1 receptor-associated kinase 4	Q9NWZ3	342	experimental	author_numbering	True		TPO	342		80	0.329	False	0.329	2	LYS	441	O2P	NZ	2.84	2.84	True	False	True
4IVA	1.5	X-ray	A	300	Tyrosine-protein kinase JAK2	O60674	1008	by_similarity	sifts	True	True	PTR	1008		110	0.329	False	0.329	2	LYS	999	O1P	NZ	3.12	3.12	True	False	True
8W3X	1.765	X-ray	C	323	Interleukin-1 receptor-associated kinase 4	Q9NWZ3	342	experimental	author_numbering	True		TPO	342		80	0.329	False	0.329	2	LYS	367	O3P	NZ	3.18	3.18	True	False	True
5CF8	1.8	X-ray	A	301	Tyrosine-protein kinase JAK2	O60674	1008	by_similarity	sifts	True	True	PTR	1008		110	0.329	False	0.329	2	LYS	999	O3P	NZ	3.81	3.48	True	False	True
5C26	1.95	X-ray	A	299	Tyrosine-protein kinase SYK	P43405	526	experimental	sifts	True	True	PTR	526		110	0.329	False	0.329	1	LYS	517	O1P	NZ	2.75	2.75	True	False	True
6RSD	1.76	X-ray	A	302	Tyrosine-protein kinase JAK1	P23458	1035	experimental	sifts	True	True	PTR	1035		110	0.329	False	0.329	1	LYS	1026	O3P	NZ	3.17	3.17	True	False	True
4E6Q	1.948	X-ray	B	298	Tyrosine-protein kinase JAK2	O60674	1008	by_similarity	sifts	True	True	PTR	1008		110	0.329	False	0.329	1	ARG	897	O2P	NH1	3.18	3.18	True	False	True
4IVB	1.9	X-ray	A	302	Tyrosine-protein kinase JAK1	P23458	1035	experimental	sifts	True	True	PTR	1035		110	0.329	False	0.329	1	LYS	1026	O3P	NZ	3.52	3.51	True	False	True
4CT2	1.25	X-ray	A	311	3-PHOSPHOINOSITIDE-DEPENDENT PROTEIN KINASE 1	O15530	241	experimental	sifts	True	True	SEP	241		75	0.332	False	0.332	3	ARG	129	O1P	NH1	2.69	2.69	True	False	True
4CT2	1.25	X-ray	A	311	3-PHOSPHOINOSITIDE-DEPENDENT PROTEIN KINASE 1	O15530	241	experimental	sifts	True	True	SEP	241		75	0.332	False	0.332	3	ARG	204	O1P	NH2	2.75	2.75	True	False	True
4CT2	1.25	X-ray	A	311	3-PHOSPHOINOSITIDE-DEPENDENT PROTEIN KINASE 1	O15530	241	experimental	sifts	True	True	SEP	241		75	0.332	False	0.332	3	LYS	228	O2P	NZ	3.47	3.47	True	False	True
3EYH	2.0	X-ray	A	290	Tyrosine-protein kinase	P23458	1035	experimental	sifts	True	True	PTR	1035		111	0.332	False	0.332	2	LYS	1038	O2P	NZ	2.74	2.74	True	False	True
3EYH	2.0	X-ray	A	290	Tyrosine-protein kinase	P23458	1035	experimental	sifts	True	True	PTR	1035		111	0.332	False	0.332	2	LYS	1026	O3P	NZ	3.56	3.45	True	False	True
8S85	1.75	X-ray	A	302	Tyrosine-protein kinase JAK1	P23458	1035	experimental	sifts	True	True	PTR	1035		111	0.332	False	0.332	1	LYS	1026	O3P	NZ	3.35	3.35	True	False	True
2QOQ	1.6	X-ray	A	373	Ephrin receptor	P29320	701	experimental	author_numbering	True		PTR	701		111	0.332	False	0.332	1	LYS	625	O2P	NZ	3.93	3.73	True	False	True
4WZP	1.9	X-ray	G	76	ubiquitin	P0CG47	217	not_annotated	sifts	True	True	SEP	65		75	0.332	False	0.332	0							True	False	True
4EOP	1.99	X-ray	C	300	Cyclin-dependent kinase 2	P24941	160	experimental	sifts	True	True	TPO	160		81	0.333	False	0.16	3	ARG	126	O3P	NH2	2.81	2.81	True	False	True
4EOP	1.99	X-ray	C	300	Cyclin-dependent kinase 2	P24941	160	experimental	sifts	True	True	TPO	160		81	0.333	False	0.16	3	ARG	50	O2P	NH2	2.84	2.84	True	False	True
4EOP	1.99	X-ray	C	300	Cyclin-dependent kinase 2	P24941	160	experimental	sifts	True	True	TPO	160		81	0.333	False	0.16	3	ARG	150	O2P	NH2	2.94	2.94	True	False	True
7T4U	1.99	X-ray	B	469	cGMP-dependent protein kinase 1	Q13976	517	not_annotated	sifts	True	True	TPO	532		81	0.333	False	0.333	2	ARG	498	O1P	NH1	2.77	2.77	True	False	True
7T4U	1.99	X-ray	B	469	cGMP-dependent protein kinase 1	Q13976	517	not_annotated	sifts	True	True	TPO	532		81	0.333	False	0.333	2	LYS	522	O2P	NZ	2.81	2.81	True	False	True
6WTQ	1.79968475557	X-ray	A	309	Tyrosine-protein kinase JAK2	O60674	1008	by_similarity	sifts	True	True	PTR	1008		112	0.335	False	0.335	2	LYS	999	O3P	NZ	2.69	2.69	True	False	True
6WTQ	1.79968475557	X-ray	A	309	Tyrosine-protein kinase JAK2	O60674	1008	by_similarity	sifts	True	True	PTR	1008		112	0.335	False	0.335	2	ARG	897	O1P	NH1	2.95	2.95	True	False	True
4D0X	1.82	X-ray	A	298	TYROSINE-PROTEIN KINASE JAK2	O60674	1008	by_similarity	author_numbering	True		PTR	1008		112	0.335	False	0.335	2	ARG	897	O1P	NH1	2.99	2.99	True	False	True
4D0X	1.82	X-ray	A	298	TYROSINE-PROTEIN KINASE JAK2	O60674	1008	by_similarity	author_numbering	True		PTR	1008		112	0.335	False	0.335	2	LYS	999	O1P	NZ	3.57	3.39	True	False	True
4E4L	2.0	X-ray	E	302	Tyrosine-protein kinase JAK1	P23458	1035	experimental	sifts	True	True	PTR	1035		112	0.335	False	0.335	1	LYS	1026	O1P	NZ	3.07	3.07	True	False	True
4IVD	1.93	X-ray	A	302	Tyrosine-protein kinase JAK1	P23458	1035	experimental	sifts	True	True	PTR	1035		112	0.335	False	0.335	0							True	False	True
4RQK	1.55	X-ray	A	311	3-phosphoinositide-dependent protein kinase 1	O15530	241	experimental	sifts	True	True	SEP	241		76	0.336	False	0.336	3	ARG	204	O1P	NH2	2.67	2.67	True	False	True
5ACK	1.24	X-ray	A	311	3-PHOSPHOINOSITIDE-DEPENDENT PROTEIN KINASE 1	O15530	241	experimental	sifts	True	True	SEP	241		76	0.336	False	0.336	3	ARG	204	O3P	NH2	2.79	2.79	True	False	True
4RQK	1.55	X-ray	A	311	3-phosphoinositide-dependent protein kinase 1	O15530	241	experimental	sifts	True	True	SEP	241		76	0.336	False	0.336	3	ARG	129	O1P	NH1	2.85	2.85	True	False	True
5ACK	1.24	X-ray	A	311	3-PHOSPHOINOSITIDE-DEPENDENT PROTEIN KINASE 1	O15530	241	experimental	sifts	True	True	SEP	241		76	0.336	False	0.336	3	ARG	129	O3P	NH1	2.85	2.85	True	False	True
5ACK	1.24	X-ray	A	311	3-PHOSPHOINOSITIDE-DEPENDENT PROTEIN KINASE 1	O15530	241	experimental	sifts	True	True	SEP	241		76	0.336	False	0.336	3	LYS	228	O1P	NZ	3.69	3.69	True	False	True
4RQK	1.55	X-ray	A	311	3-phosphoinositide-dependent protein kinase 1	O15530	241	experimental	sifts	True	True	SEP	241		76	0.336	False	0.336	3	LYS	228	O3P	NZ	3.75	3.75	True	False	True
4XX9	1.4	X-ray	A	310	3-phosphoinositide-dependent protein kinase 1	O15530	241	experimental	sifts	True	True	SEP	241		76	0.336	False	0.336	2	ARG	204	O1P	NH2	2.75	2.75	True	False	True
5LVL	1.4	X-ray	A	311	3-phosphoinositide-dependent protein kinase 1	O15530	241	experimental	sifts	True	True	SEP	241		76	0.336	False	0.336	2	ARG	204	O1P	NH2	2.76	2.76	True	False	True
5MRD	1.41	X-ray	A	310	3-phosphoinositide-dependent protein kinase 1	O15530	241	experimental	sifts	True	True	SEP	241		76	0.336	False	0.336	2	ARG	204	O1P	NH2	2.76	2.76	True	False	True
5LVL	1.4	X-ray	A	311	3-phosphoinositide-dependent protein kinase 1	O15530	241	experimental	sifts	True	True	SEP	241		76	0.336	False	0.336	2	ARG	129	O1P	NH1	2.83	2.83	True	False	True
5MRD	1.41	X-ray	A	310	3-phosphoinositide-dependent protein kinase 1	O15530	241	experimental	sifts	True	True	SEP	241		76	0.336	False	0.336	2	ARG	129	O1P	NH1	2.83	2.83	True	False	True
4XX9	1.4	X-ray	A	310	3-phosphoinositide-dependent protein kinase 1	O15530	241	experimental	sifts	True	True	SEP	241		76	0.336	False	0.336	2	ARG	129	O1P	NH1	2.88	2.88	True	False	True
9KBO	2.0	X-ray	A	291	Shiftless antiviral inhibitor of ribosomal frameshifting protein	Q9NUL5	249	not_annotated	sifts	True	True	SEP	249		76	0.336	False	0.336	1	LYS	127	O1P	NZ	2.97	2.97	True	False	True
1H1S	2.0	X-ray	C	303	CELL DIVISION PROTEIN KINASE 2	P24941	160	experimental	sifts	True	True	TPO	160		82	0.337	False	0.156	3	ARG	50	O1P	NH2	2.76	2.76	True	False	True
9OB4	1.95	X-ray	A	301	Cyclin-dependent kinase 2	P24941	160	experimental	sifts	True	True	TPO	160		82	0.337	False	0.181	3	ARG	126	O3P	NH2	2.78	2.78	True	False	True
9OB4	1.95	X-ray	A	301	Cyclin-dependent kinase 2	P24941	160	experimental	sifts	True	True	TPO	160		82	0.337	False	0.181	3	ARG	50	O3P	NH1	2.8	2.8	True	False	True
9OB4	1.95	X-ray	A	301	Cyclin-dependent kinase 2	P24941	160	experimental	sifts	True	True	TPO	160		82	0.337	False	0.181	3	ARG	150	O1P	NH1	2.82	2.82	True	False	True
1H1S	2.0	X-ray	C	303	CELL DIVISION PROTEIN KINASE 2	P24941	160	experimental	sifts	True	True	TPO	160		82	0.337	False	0.156	3	ARG	150	O2P	NE	2.83	2.83	True	False	True
1H1S	2.0	X-ray	C	303	CELL DIVISION PROTEIN KINASE 2	P24941	160	experimental	sifts	True	True	TPO	160		82	0.337	False	0.156	3	ARG	126	O3P	NH2	2.91	2.91	True	False	True
8A66	1.901	X-ray	A	298	Serine/threonine-protein kinase 3 36kDa subunit	Q13188		unmapped	unmapped	False		TPO	282		82	0.337	False	0.337	3	ARG	280	O1P	NE	2.97	2.97	True	False	False
8A66	1.901	X-ray	A	298	Serine/threonine-protein kinase 3 36kDa subunit	Q13188		unmapped	unmapped	False		TPO	282		82	0.337	False	0.337	3	ARG	247	O1P	NH2	3.0	3.0	True	False	False
8A66	1.901	X-ray	A	298	Serine/threonine-protein kinase 3 36kDa subunit	Q13188		unmapped	unmapped	False		TPO	282		82	0.337	False	0.337	3	LYS	171	O3P	NZ	3.86	3.86	True	False	False
8W3W	1.976	X-ray	C	323	Interleukin-1 receptor-associated kinase 4	Q9NWZ3	342	experimental	author_numbering	True		TPO	342		82	0.337	False	0.337	2	LYS	441	O2P	NZ	2.73	2.73	True	False	True
8W3W	1.976	X-ray	C	323	Interleukin-1 receptor-associated kinase 4	Q9NWZ3	342	experimental	author_numbering	True		TPO	342		82	0.337	False	0.337	2	LYS	367	O3P	NZ	2.97	2.97	True	False	True
5L8L	1.67	X-ray	A	285	Aurora kinase A	O14965	288	experimental	author_numbering	True		TPO	288		82	0.337	False	0.337	1	ARG	255	O2P	NE	3.38	3.38	True	False	True
4OTI	1.93	X-ray	A	341	Serine/threonine-protein kinase N1	Q16512		unmapped	unmapped	False		SEP	922		77	0.341	False	0.341	3	LYS	634	O1P	NZ	2.49	2.49	True	False	False
4OTI	1.93	X-ray	A	341	Serine/threonine-protein kinase N1	Q16512		unmapped	unmapped	False		SEP	922		77	0.341	False	0.341	3	LYS	653	O3P	NZ	3.0	3.0	True	False	False
4OTI	1.93	X-ray	A	341	Serine/threonine-protein kinase N1	Q16512		unmapped	unmapped	False		SEP	922		77	0.341	False	0.341	3	ARG	629	O1P	NH2	3.17	3.17	True	False	False
4RRV	1.412	X-ray	A	311	3-phosphoinositide-dependent protein kinase 1	O15530	241	experimental	sifts	True	True	SEP	241		77	0.341	False	0.341	2	ARG	204	O1P	NH2	2.76	2.76	True	False	True
4RRV	1.412	X-ray	A	311	3-phosphoinositide-dependent protein kinase 1	O15530	241	experimental	sifts	True	True	SEP	241		77	0.341	False	0.341	2	ARG	129	O1P	NH1	2.84	2.84	True	False	True
8I7S	1.94635467805	X-ray	A	272	Tyrosine-protein kinase ABL1	P00519	393	experimental	sifts	True	True	PTR	393		114	0.341	False	0.21	1	ARG	362	O3P	NH1	2.83	2.83	True	False	True
9OB6	2.0	X-ray	A	301	Cyclin-dependent kinase 2	P24941	160	experimental	sifts	True	True	TPO	160		83	0.342	False	0.181	3	ARG	150	O2P	NE	2.62	2.62	True	False	True
9OB6	2.0	X-ray	A	301	Cyclin-dependent kinase 2	P24941	160	experimental	sifts	True	True	TPO	160		83	0.342	False	0.181	3	ARG	126	O3P	NH2	2.78	2.78	True	False	True
9OB6	2.0	X-ray	A	301	Cyclin-dependent kinase 2	P24941	160	experimental	sifts	True	True	TPO	160		83	0.342	False	0.181	3	ARG	50	O1P	NH2	3.0	3.0	True	False	True
4QMQ	1.769	X-ray	A	310	Serine/threonine-protein kinase 24	Q9Y6E0		unmapped	unmapped	False		TPO	178		83	0.342	False	0.342	2	ARG	143	O1P	NH1	2.35	2.35	True	False	False
4QMQ	1.769	X-ray	A	310	Serine/threonine-protein kinase 24	Q9Y6E0		unmapped	unmapped	False		TPO	178		83	0.342	False	0.342	2	ARG	176	O2P	NH2	2.42	2.42	True	False	False
7Z4V	1.644	X-ray	A	297	Serine/threonine-protein kinase 25	O00506	174	experimental	author_numbering	True		TPO	174		83	0.342	False	0.342	2	ARG	172	O3P	NH2	2.56	2.56	True	False	True
7Z4V	1.644	X-ray	A	297	Serine/threonine-protein kinase 25	O00506	174	experimental	author_numbering	True		TPO	174		83	0.342	False	0.342	2	ARG	139	O2P	NH1	2.66	2.66	True	False	True
4QMO	1.898	X-ray	A	310	Serine/threonine-protein kinase 24	Q9Y6E0		unmapped	unmapped	False		TPO	178		83	0.342	False	0.342	2	ARG	143	O1P	NH1	2.67	2.67	True	False	False
5M0B	1.506	X-ray	A	353	cAMP-dependent protein kinase catalytic subunit alpha	P25321	198	by_similarity	sifts	True	True	TPO	197		83	0.342	False	0.329	2	LYS	189	O1P	NZ	2.68	2.68	False	False	False
5M0U	1.667	X-ray	A	353	cAMP-dependent protein kinase catalytic subunit alpha	P25321	198	by_similarity	sifts	True	True	TPO	197		83	0.342	False	0.259	2	LYS	189	O1P	NZ	2.68	2.68	False	False	False
5M0U	1.667	X-ray	A	353	cAMP-dependent protein kinase catalytic subunit alpha	P25321	198	by_similarity	sifts	True	True	TPO	197		83	0.342	False	0.259	2	ARG	165	O3P	NH1	2.69	2.69	False	False	False
5M0B	1.506	X-ray	A	353	cAMP-dependent protein kinase catalytic subunit alpha	P25321	198	by_similarity	sifts	True	True	TPO	197		83	0.342	False	0.329	2	ARG	165	O3P	NH1	2.72	2.72	False	False	False
7T4U	1.99	X-ray	A	469	cGMP-dependent protein kinase 1	Q13976	517	not_annotated	sifts	True	True	TPO	532		83	0.342	False	0.342	2	ARG	498	O1P	NH1	2.77	2.77	True	False	True
4QMO	1.898	X-ray	A	310	Serine/threonine-protein kinase 24	Q9Y6E0		unmapped	unmapped	False		TPO	178		83	0.342	False	0.342	2	ARG	176	O2P	NH2	2.81	2.81	True	False	False
7T4U	1.99	X-ray	A	469	cGMP-dependent protein kinase 1	Q13976	517	not_annotated	sifts	True	True	TPO	532		83	0.342	False	0.342	2	LYS	522	O2P	NZ	2.82	2.82	True	False	True
1QPC	1.6	X-ray	A	279	Tyrosine-protein kinase Lck	P06239	394	experimental	sifts	True	True	PTR	394		115	0.344	False	0.344	2	ARG	363	O1P	NH2	3.29	3.29	True	False	True
1QPC	1.6	X-ray	A	279	Tyrosine-protein kinase Lck	P06239	394	experimental	sifts	True	True	PTR	394		115	0.344	False	0.344	2	ARG	387	O1P	NH2	3.76	3.3	True	False	True
7Q7I	1.78	X-ray	A	316	Tyrosine-protein kinase JAK2	O60674	1008	by_similarity	author_numbering	True		PTR	1008		115	0.344	False	0.344	1	LYS	999	O1P	NZ	3.09	3.09	True	False	True
8BXC	1.9	X-ray	B	316	Tyrosine-protein kinase JAK2	O60674	1008	by_similarity	sifts	True	True	PTR	1008		115	0.344	False	0.344	0							True	False	True
4JDH	2.0	X-ray	A	346	Serine/threonine-protein kinase PAK 4	O96013	474	experimental	author_numbering	True		SEP	474		78	0.345	False	0.133	2	ARG	439	O2P	NH1	2.77	2.77	True	False	True
4JDH	2.0	X-ray	A	346	Serine/threonine-protein kinase PAK 4	O96013	474	experimental	author_numbering	True		SEP	474		78	0.345	False	0.133	2	ARG	472	O1P	NH2	2.85	2.85	True	False	True
9KBO	2.0	X-ray	B	291	Shiftless antiviral inhibitor of ribosomal frameshifting protein	Q9NUL5	249	not_annotated	sifts	True	True	SEP	249		78	0.345	False	0.345	2	LYS	127	O1P	NZ	3.44	3.08	True	False	True
9KBO	2.0	X-ray	B	291	Shiftless antiviral inhibitor of ribosomal frameshifting protein	Q9NUL5	249	not_annotated	sifts	True	True	SEP	249		78	0.345	False	0.345	2	ARG	126	P	NH1	3.96	2.68	True	False	True
8WZN	1.8	X-ray	B	77	NEDD8	Q15843	65	not_annotated	sifts	True	True	SEP	65		78	0.345	False	0.004	0							True	False	True
6GUC	2.0	X-ray	C	302	Cyclin-dependent kinase 2	P24941	160	experimental	sifts	True	True	TPO	160		84	0.346	False	0.173	3	ARG	150	O2P	NH1	2.83	2.83	True	False	True
6GUC	2.0	X-ray	C	302	Cyclin-dependent kinase 2	P24941	160	experimental	sifts	True	True	TPO	160		84	0.346	False	0.173	3	ARG	50	O2P	NH2	2.88	2.88	True	False	True
6GUC	2.0	X-ray	C	302	Cyclin-dependent kinase 2	P24941	160	experimental	sifts	True	True	TPO	160		84	0.346	False	0.173	3	ARG	126	O3P	NH2	2.89	2.89	True	False	True
6BG2	1.83	X-ray	A	347	cGMP-dependent protein kinase 1	Q13976	517	not_annotated	sifts	True	True	TPO	517		84	0.346	False	0.346	2	LYS	507	O2P	NZ	2.6	2.6	True	False	True
4QMM	1.852	X-ray	A	310	Serine/threonine-protein kinase 24	Q9Y6E0		unmapped	unmapped	False		TPO	178		84	0.346	False	0.346	2	ARG	176	O3P	NH2	2.62	2.62	True	False	False
4QMM	1.852	X-ray	A	310	Serine/threonine-protein kinase 24	Q9Y6E0		unmapped	unmapped	False		TPO	178		84	0.346	False	0.346	2	ARG	143	O1P	NH1	2.65	2.65	True	False	False
9PC1	1.552	X-ray	E	350	cAMP-dependent protein kinase catalytic subunit alpha	P05132	198	experimental	sifts	True	True	TPO	197		84	0.346	False	0.346	2	LYS	189	O2P	NZ	2.65	2.65	False	False	False
6BG2	1.83	X-ray	A	347	cGMP-dependent protein kinase 1	Q13976	517	not_annotated	sifts	True	True	TPO	517		84	0.346	False	0.346	2	ARG	483	O1P	NH1	2.67	2.67	True	False	True
5LCP	1.433	X-ray	A	353	cAMP-dependent protein kinase catalytic subunit alpha	P25321	198	by_similarity	sifts	True	True	TPO	197		84	0.346	False	0.346	2	ARG	165	O1P	NH1	2.68	2.68	False	False	False
9PC1	1.552	X-ray	E	350	cAMP-dependent protein kinase catalytic subunit alpha	P05132	198	experimental	sifts	True	True	TPO	197		84	0.346	False	0.346	2	ARG	165	O3P	NH1	2.71	2.71	False	False	False
5LCP	1.433	X-ray	A	353	cAMP-dependent protein kinase catalytic subunit alpha	P25321	198	by_similarity	sifts	True	True	TPO	197		84	0.346	False	0.346	2	LYS	189	O2P	NZ	2.82	2.82	False	False	False
6N7D	1.78	X-ray	A	302	Tyrosine-protein kinase JAK1	P23458	1035	experimental	sifts	True	True	PTR	1035		116	0.347	False	0.347	2	LYS	1026	O3P	NZ	2.98	2.98	True	False	True
6N7D	1.78	X-ray	A	302	Tyrosine-protein kinase JAK1	P23458	1035	experimental	sifts	True	True	PTR	1035		116	0.347	False	0.347	2	LYS	924	O3P	NZ	3.74	3.74	True	False	True
8RRZ	1.75	X-ray	A	282	Tyrosine-protein kinase SYK	P43405	526	experimental	author_numbering	True		PTR	526		116	0.347	False	0.347	1	LYS	517	O3P	NZ	3.98	3.55	True	False	True
6GUE	1.99	X-ray	A	302	Cyclin-dependent kinase 2	P24941	160	experimental	sifts	True	True	TPO	160		85	0.35	False	0.198	3	ARG	126	O1P	NH1	2.62	2.62	True	False	True
6ATH	1.82	X-ray	A	300	Cyclin-dependent kinase 2	P24941	160	experimental	sifts	True	True	TPO	160		85	0.35	False	0.193	3	ARG	126	O3P	NH2	2.68	2.68	True	False	True
1OIU	2.0	X-ray	A	302	CELL DIVISION PROTEIN KINASE 2	P24941	160	experimental	sifts	True	True	TPO	160		85	0.35	False	0.169	3	ARG	126	O3P	NH2	2.72	2.72	True	False	True
1OIU	2.0	X-ray	A	302	CELL DIVISION PROTEIN KINASE 2	P24941	160	experimental	sifts	True	True	TPO	160		85	0.35	False	0.169	3	ARG	50	O1P	NH2	2.74	2.74	True	False	True
5LVN	1.379	X-ray	A	311	3-phosphoinositide-dependent protein kinase 1	O15530	241	experimental	sifts	True	True	SEP	241		79	0.35	False	0.35	3	ARG	204	O1P	NH2	2.77	2.77	True	False	True
6GUE	1.99	X-ray	A	302	Cyclin-dependent kinase 2	P24941	160	experimental	sifts	True	True	TPO	160		85	0.35	False	0.198	3	ARG	150	O2P	NH1	2.78	2.78	True	False	True
6ATH	1.82	X-ray	A	300	Cyclin-dependent kinase 2	P24941	160	experimental	sifts	True	True	TPO	160		85	0.35	False	0.193	3	ARG	50	O1P	NH2	2.83	2.83	True	False	True
1OIU	2.0	X-ray	A	302	CELL DIVISION PROTEIN KINASE 2	P24941	160	experimental	sifts	True	True	TPO	160		85	0.35	False	0.169	3	ARG	150	O1P	NH2	2.95	2.95	True	False	True
6ATH	1.82	X-ray	A	300	Cyclin-dependent kinase 2	P24941	160	experimental	sifts	True	True	TPO	160		85	0.35	False	0.193	3	ARG	150	O1P	NH2	2.96	2.96	True	False	True
5LVN	1.379	X-ray	A	311	3-phosphoinositide-dependent protein kinase 1	O15530	241	experimental	sifts	True	True	SEP	241		79	0.35	False	0.35	3	ARG	129	O1P	NH1	3.02	3.02	True	False	True
6GUE	1.99	X-ray	A	302	Cyclin-dependent kinase 2	P24941	160	experimental	sifts	True	True	TPO	160		85	0.35	False	0.198	3	ARG	50	O2P	NH2	3.05	3.05	True	False	True
5LVN	1.379	X-ray	A	311	3-phosphoinositide-dependent protein kinase 1	O15530	241	experimental	sifts	True	True	SEP	241		79	0.35	False	0.35	3	LYS	228	O3P	NZ	3.88	3.88	True	False	True
2X39	1.93	X-ray	A	342	RAC-BETA SERINE/THREONINE-PROTEIN KINASE	P31751	309	experimental	sifts	True	False	TPO	309		85	0.35	False	0.272	2	ARG	274	O2P	NH1	2.66	2.66	True	False	True
4QMS	1.883	X-ray	A	310	Serine/threonine-protein kinase 24	Q9Y6E0		unmapped	unmapped	False		TPO	178		85	0.35	False	0.35	2	ARG	176	O2P	NH1	2.66	2.66	True	False	False
5M75	1.538	X-ray	A	353	cAMP-dependent protein kinase catalytic subunit alpha	P25321	198	by_similarity	sifts	True	True	TPO	197		85	0.35	False	0.35	2	ARG	165	O1P	NH1	2.67	2.67	False	False	False
8W3W	1.976	X-ray	A	323	Interleukin-1 receptor-associated kinase 4	Q9NWZ3	342	experimental	sifts	True	True	TPO	342		85	0.35	False	0.35	2	LYS	441	O2P	NZ	2.74	2.74	True	False	True
5M75	1.538	X-ray	A	353	cAMP-dependent protein kinase catalytic subunit alpha	P25321	198	by_similarity	sifts	True	True	TPO	197		85	0.35	False	0.35	2	LYS	189	O2P	NZ	2.77	2.77	False	False	False
5LVM	1.26	X-ray	A	311	3-phosphoinositide-dependent protein kinase 1	O15530	241	experimental	sifts	True	True	SEP	241		79	0.35	False	0.35	2	ARG	204	O1P	NH2	2.79	2.79	True	False	True
8DQT	1.31	X-ray	A	311	3-phosphoinositide-dependent protein kinase 1	O15530	241	experimental	sifts	True	True	SEP	241		79	0.35	False	0.35	2	ARG	129	O3P	NH1	2.82	2.82	True	False	True
4QMS	1.883	X-ray	A	310	Serine/threonine-protein kinase 24	Q9Y6E0		unmapped	unmapped	False		TPO	178		85	0.35	False	0.35	2	ARG	143	O1P	NH1	2.83	2.83	True	False	False
8DQT	1.31	X-ray	A	311	3-phosphoinositide-dependent protein kinase 1	O15530	241	experimental	sifts	True	True	SEP	241		79	0.35	False	0.35	2	ARG	204	O1P	NH1	2.84	2.84	True	False	True
5LVM	1.26	X-ray	A	311	3-phosphoinositide-dependent protein kinase 1	O15530	241	experimental	sifts	True	True	SEP	241		79	0.35	False	0.35	2	ARG	129	O1P	NH1	2.97	2.97	True	False	True
8W3W	1.976	X-ray	A	323	Interleukin-1 receptor-associated kinase 4	Q9NWZ3	342	experimental	sifts	True	True	TPO	342		85	0.35	False	0.35	2	LYS	367	O3P	NZ	2.97	2.97	True	False	True
2X39	1.93	X-ray	A	342	RAC-BETA SERINE/THREONINE-PROTEIN KINASE	P31751	309	experimental	sifts	True	False	TPO	309		85	0.35	False	0.272	2	LYS	298	O3P	NZ	3.03	3.03	True	False	True
6X8E	1.75	X-ray	A	298	Tyrosine-protein kinase JAK2	O60674	1008	by_similarity	author_numbering	True		PTR	1008		117	0.35	False	0.35	2	ARG	897	O1P	NH1	3.09	3.09	True	False	True
6O8U	1.8	X-ray	B	305	Interleukin-1 receptor-associated kinase 4	Q9NWZ3	345	experimental	sifts	True	True	TPO	345		85	0.35	False	0.35	2	ARG	310	O2P	NH1	3.45	3.45	True	False	True
6X8E	1.75	X-ray	A	298	Tyrosine-protein kinase JAK2	O60674	1008	by_similarity	author_numbering	True		PTR	1008		117	0.35	False	0.35	2	LYS	999	O3P	NZ	3.52	3.52	True	False	True
6O8U	1.8	X-ray	B	305	Interleukin-1 receptor-associated kinase 4	Q9NWZ3	345	experimental	sifts	True	True	TPO	345		85	0.35	False	0.35	2	ARG	347	O1P	NH1	3.64	3.62	True	False	True
6F7B	2.0	X-ray	A	361	Mitotic checkpoint serine/threonine-protein kinase BUB1	O43683	969	not_annotated	author_numbering	True		SEP	969		79	0.35	False	0.35	1	LYS	919	O3P	NZ	2.95	2.95	True	False	True
8BPV	1.7	X-ray	A	317	Tyrosine-protein kinase JAK2	O60674	1008	by_similarity	sifts	True	True	PTR	1008		117	0.35	False	0.35	1	LYS	999	O3P	NZ	2.98	2.98	True	False	True
4E4L	2.0	X-ray	A	302	Tyrosine-protein kinase JAK1	P23458	1035	experimental	sifts	True	True	PTR	1035		117	0.35	False	0.35	1	LYS	1026	O1P	NZ	3.11	3.11	True	False	True
7AKA	1.9	X-ray	B	359	Dual specificity tyrosine-phosphorylation-regulated kinase 1A	Q13627		unmapped	unmapped	False		SEP	145		79	0.35	False	0.248	1	LYS	193	O1P	NZ	3.42	3.42	True	False	False
3KRR	1.8	X-ray	A	295	Tyrosine-protein kinase JAK2	O60674	1008	by_similarity	sifts	True	True	PTR	1008		117	0.35	False	0.35	1	ARG	897	O1P	NH1	3.48	3.48	True	False	True
6N78	1.83	X-ray	A	302	Tyrosine-protein kinase JAK1	P23458	1034	experimental	sifts	True	True	PTR	1034		118	0.353	False	0.353	2	LYS	1032	O2P	NZ	2.8	2.8	True	False	True
6N78	1.83	X-ray	A	302	Tyrosine-protein kinase JAK1	P23458	1034	experimental	sifts	True	True	PTR	1034		118	0.353	False	0.353	2	LYS	1057	O1P	NZ	3.69	3.41	True	False	True
6AAH	1.83	X-ray	A	290	Tyrosine-protein kinase JAK1	P23458	1035	experimental	sifts	True	True	PTR	1035		118	0.353	False	0.353	1	LYS	1026	O3P	NZ	2.71	2.71	True	False	True
8BX9	1.4	X-ray	A	316	Tyrosine-protein kinase JAK2	O60674	1008	by_similarity	sifts	True	True	PTR	1008		118	0.353	False	0.353	1	LYS	999	O1P	NZ	2.77	2.77	True	False	True
6GGH	1.7	X-ray	B	292	Tyrosine-protein kinase JAK1	P23458	1035	experimental	sifts	True	True	PTR	1035		118	0.353	False	0.353	1	LYS	1026	O1P	NZ	3.15	3.15	True	False	True
4QMZ	1.88	X-ray	A	310	SERINE/THREONINE-PROTEIN KINASE 24	Q9Y6E0		unmapped	unmapped	False		TPO	178		86	0.354	False	0.354	2	ARG	176	O1P	NH1	2.62	2.62	True	False	False
5M71	1.488	X-ray	A	353	cAMP-dependent protein kinase catalytic subunit alpha	P25321	198	by_similarity	sifts	True	True	TPO	197		86	0.354	False	0.354	2	ARG	165	O3P	NH1	2.73	2.73	False	False	False
4RQV	1.502	X-ray	A	311	3-phosphoinositide-dependent protein kinase 1	O15530	241	experimental	sifts	True	True	SEP	241		80	0.354	False	0.354	2	ARG	204	O1P	NH2	2.75	2.75	True	False	True
8PAV	1.9	X-ray	A	312	Serine/threonine-protein kinase 4 37kDa subunit	Q13043	183	experimental	author_numbering	True		TPO	183		86	0.354	False	0.152	2	ARG	181	O2P	NH1	2.75	2.75	True	False	True
4QMZ	1.88	X-ray	A	310	SERINE/THREONINE-PROTEIN KINASE 24	Q9Y6E0		unmapped	unmapped	False		TPO	178		86	0.354	False	0.354	2	ARG	143	O2P	NH1	2.82	2.82	True	False	False
5M71	1.488	X-ray	A	353	cAMP-dependent protein kinase catalytic subunit alpha	P25321	198	by_similarity	sifts	True	True	TPO	197		86	0.354	False	0.354	2	LYS	189	O1P	NZ	2.83	2.83	False	False	False
8PAV	1.9	X-ray	A	312	Serine/threonine-protein kinase 4 37kDa subunit	Q13043	183	experimental	author_numbering	True		TPO	183		86	0.354	False	0.152	2	ARG	148	O1P	NH1	2.86	2.86	True	False	True
4RQV	1.502	X-ray	A	311	3-phosphoinositide-dependent protein kinase 1	O15530	241	experimental	sifts	True	True	SEP	241		80	0.354	False	0.354	2	ARG	129	O1P	NH1	2.88	2.88	True	False	True
8UCC	1.8	X-ray	A	307	Interleukin-1 receptor-associated kinase 4	Q9NWZ3	345	experimental	author_numbering	True		TPO	345		86	0.354	False	0.354	1	ARG	334	O2P	NH1	2.9	2.9	True	False	True
4AQC	1.9	X-ray	B	301	TYROSINE-PROTEIN KINASE JAK2	O60674	1008	by_similarity	sifts	True	True	PTR	1008		119	0.356	False	0.356	1	LYS	999	O3P	NZ	2.6	2.6	True	False	True
5AEP	1.95	X-ray	A	298	TYROSINE-PROTEIN KINASE JAK2	O60674	1008	by_similarity	author_numbering	True		PTR	1008		119	0.356	False	0.356	1	LYS	999	O1P	NZ	3.37	3.32	True	False	True
4E4L	2.0	X-ray	B	302	Tyrosine-protein kinase JAK1	P23458	1035	experimental	sifts	True	True	PTR	1035		119	0.356	False	0.356	1	LYS	1026	O1P	NZ	3.66	3.36	True	False	True
4OTH	1.8	X-ray	A	341	Serine/threonine-protein kinase N1	Q16512		unmapped	unmapped	False		SEP	922		81	0.358	False	0.358	3	LYS	634	O1P	NZ	2.51	2.51	True	False	False
4OTH	1.8	X-ray	A	341	Serine/threonine-protein kinase N1	Q16512		unmapped	unmapped	False		SEP	922		81	0.358	False	0.358	3	ARG	629	O1P	NH2	2.59	2.59	True	False	False
2XCH	2.0	X-ray	A	309	3-PHOSPHOINOSITIDE DEPENDENT PROTEIN KINASE 1	O15530	241	experimental	sifts	True	True	SEP	241		81	0.358	False	0.358	3	LYS	228	O3P	NZ	2.66	2.66	True	False	True
2XCH	2.0	X-ray	A	309	3-PHOSPHOINOSITIDE DEPENDENT PROTEIN KINASE 1	O15530	241	experimental	sifts	True	True	SEP	241		81	0.358	False	0.358	3	ARG	204	O3P	NH1	2.67	2.67	True	False	True
4OTH	1.8	X-ray	A	341	Serine/threonine-protein kinase N1	Q16512		unmapped	unmapped	False		SEP	922		81	0.358	False	0.358	3	LYS	653	O3P	NZ	2.72	2.72	True	False	False
2XCH	2.0	X-ray	A	309	3-PHOSPHOINOSITIDE DEPENDENT PROTEIN KINASE 1	O15530	241	experimental	sifts	True	True	SEP	241		81	0.358	False	0.358	3	ARG	129	O1P	NH2	3.23	3.23	True	False	True
5LCU	1.579	X-ray	A	353	cAMP-dependent protein kinase catalytic subunit alpha	P25321	198	by_similarity	sifts	True	True	TPO	197		87	0.358	False	0.358	2	ARG	165	O3P	NH1	2.71	2.71	False	False	False
5M6Y	1.367	X-ray	A	353	cAMP-dependent protein kinase catalytic subunit alpha	P25321	198	by_similarity	sifts	True	True	TPO	197		87	0.358	False	0.358	2	ARG	165	O3P	NH1	2.71	2.71	False	False	False
5M6V	1.418	X-ray	A	353	cAMP-dependent protein kinase catalytic subunit alpha	P25321	198	by_similarity	sifts	True	True	TPO	197		87	0.358	False	0.358	2	LYS	189	O2P	NZ	2.72	2.72	False	False	False
3L9N	2.0	X-ray	A	351	cAMP-dependent protein kinase catalytic subunit alpha	P17612	198	experimental	sifts	True	True	TPO	197		87	0.358	False	0.358	2	ARG	165	O2P	NH1	2.74	2.74	True	False	True
4QMW	1.6	X-ray	A	310	SERINE/THREONINE-PROTEIN KINASE 24	Q9Y6E0		unmapped	unmapped	False		TPO	178		87	0.358	False	0.358	2	ARG	143	O2P	NH1	2.74	2.74	True	False	False
5LCU	1.579	X-ray	A	353	cAMP-dependent protein kinase catalytic subunit alpha	P25321	198	by_similarity	sifts	True	True	TPO	197		87	0.358	False	0.358	2	LYS	189	O1P	NZ	2.74	2.74	False	False	False
5M6V	1.418	X-ray	A	353	cAMP-dependent protein kinase catalytic subunit alpha	P25321	198	by_similarity	sifts	True	True	TPO	197		87	0.358	False	0.358	2	ARG	165	O1P	NH1	2.75	2.75	False	False	False
5M6Y	1.367	X-ray	A	353	cAMP-dependent protein kinase catalytic subunit alpha	P25321	198	by_similarity	sifts	True	True	TPO	197		87	0.358	False	0.358	2	LYS	189	O1P	NZ	2.77	2.77	False	False	False
4QMW	1.6	X-ray	A	310	SERINE/THREONINE-PROTEIN KINASE 24	Q9Y6E0		unmapped	unmapped	False		TPO	178		87	0.358	False	0.358	2	ARG	176	O1P	NH1	2.78	2.78	True	False	False
6O94	1.98	X-ray	C	320	Interleukin-1 receptor-associated kinase 4	Q9NWZ3	342	experimental	author_numbering	True		TPO	342		87	0.358	False	0.358	2	LYS	441	O2P	NZ	2.79	2.79	True	False	True
3A7J	1.5	X-ray	A	303	Serine/threonine kinase 24 (STE20 homolog, yeast)	Q9Y6E0		unmapped	unmapped	False		TPO	178		87	0.358	False	0.358	2	ARG	143	O1P	NH2	2.81	2.81	True	False	False
6O94	1.98	X-ray	C	320	Interleukin-1 receptor-associated kinase 4	Q9NWZ3	342	experimental	author_numbering	True		TPO	342		87	0.358	False	0.358	2	LYS	367	O1P	NZ	2.81	2.81	True	False	True
3L9N	2.0	X-ray	A	351	cAMP-dependent protein kinase catalytic subunit alpha	P17612	198	experimental	sifts	True	True	TPO	197		87	0.358	False	0.358	2	LYS	189	O1P	NZ	2.82	2.82	True	False	True
2F57	1.8	X-ray	A	317	Serine/threonine-protein kinase PAK 7	Q9P286	602	not_annotated	sifts	True	True	SEP	602		81	0.358	False	0.358	2	ARG	600	O2P	NE	2.89	2.89	True	False	True
2F57	1.8	X-ray	A	317	Serine/threonine-protein kinase PAK 7	Q9P286	602	not_annotated	sifts	True	True	SEP	602		81	0.358	False	0.358	2	ARG	567	O2P	NH2	2.91	2.91	True	False	True
3A7J	1.5	X-ray	A	303	Serine/threonine kinase 24 (STE20 homolog, yeast)	Q9Y6E0		unmapped	unmapped	False		TPO	178		87	0.358	False	0.358	2	ARG	176	O2P	NH2	2.95	2.95	True	False	False
6GR8	1.75	X-ray	A	274	Aurora kinase C	Q9UQB9	39	not_annotated	sifts	True	True	TPO	39		87	0.358	False	0.358	1	ARG	37	O2P	NH1	3.85	3.48	True	False	True
4ZPZ	1.54	X-ray	A	76	Polyubiquitin-B	P0CG47	217	not_annotated	sifts	True	True	SEP	65		81	0.358	False	0.186	0							True	False	True
4ZPZ	1.54	X-ray	B	76	Polyubiquitin-B	P0CG47	217	not_annotated	sifts	True	True	SEP	65		81	0.358	False	0.181	0							True	False	True
6QAS	1.75	X-ray	A	287	Serine/threonine-protein kinase ULK1	O75385	87	not_annotated	author_numbering	True		SEP	87		81	0.358	False	0.358	0							True	False	True
1QPE	2.0	X-ray	A	279	LCK KINASE	P06239	394	experimental	sifts	True	True	PTR	394		120	0.359	False	0.359	2	ARG	363	O1P	NH2	3.37	3.37	True	False	True
1QPE	2.0	X-ray	A	279	LCK KINASE	P06239	394	experimental	sifts	True	True	PTR	394		120	0.359	False	0.359	2	ARG	387	O1P	NH2	3.58	3.11	True	False	True
10PJ	1.59	X-ray	A	316	Tyrosine-protein kinase JAK2	O60674	1008	by_similarity	sifts	True	True	PTR	1008		120	0.359	False	0.359	1	LYS	999	O1P	NZ	2.89	2.89	True	False	True
3LPB	2.0	X-ray	B	295	Tyrosine-protein kinase JAK2	O60674	1008	by_similarity	sifts	True	True	PTR	1008		120	0.359	False	0.359	1	LYS	999	O3P	NZ	2.92	2.92	True	False	True
4E4L	2.0	X-ray	D	302	Tyrosine-protein kinase JAK1	P23458	1035	experimental	sifts	True	True	PTR	1035		120	0.359	False	0.359	1	LYS	1026	O1P	NZ	3.12	3.12	True	False	True
2QON	1.79	X-ray	A	373	Ephrin receptor	P29320	701	experimental	author_numbering	True		PTR	701		120	0.359	False	0.359	1	LYS	625	O2P	NZ	3.14	3.14	True	False	True
6RSH	1.71	X-ray	A	302	Tyrosine-protein kinase JAK1	P23458	1035	experimental	sifts	True	True	PTR	1035		120	0.359	False	0.359	1	LYS	1026	O3P	NZ	3.58	3.51	True	False	True
8BXC	1.9	X-ray	A	316	Tyrosine-protein kinase JAK2	O60674	1008	by_similarity	sifts	True	True	PTR	1008		120	0.359	False	0.359	0							True	False	True
6GUE	1.99	X-ray	C	302	Cyclin-dependent kinase 2	P24941	160	experimental	sifts	True	True	TPO	160		88	0.362	False	0.198	3	ARG	150	O2P	NH1	2.79	2.79	True	False	True
6GUE	1.99	X-ray	C	302	Cyclin-dependent kinase 2	P24941	160	experimental	sifts	True	True	TPO	160		88	0.362	False	0.198	3	ARG	126	O3P	NH2	2.83	2.83	True	False	True
6GUE	1.99	X-ray	C	302	Cyclin-dependent kinase 2	P24941	160	experimental	sifts	True	True	TPO	160		88	0.362	False	0.198	3	ARG	50	O2P	NH2	2.96	2.96	True	False	True
8FP1	1.85	X-ray	A	353	Protein kinase C eta type	P24723	656	experimental	author_numbering	True		TPO	656		88	0.362	False	0.362	3	LYS	368	O3P	NZ	3.07	3.07	True	False	True
6VNK	2.0	X-ray	D	308	Tyrosine-protein kinase JAK2	O60674	1007	experimental	author_numbering	True		PTR	1007		121	0.362	False	0.362	3	LYS	1009	O2P	NZ	3.44	3.44	True	False	True
8FP1	1.85	X-ray	A	353	Protein kinase C eta type	P24723	656	experimental	author_numbering	True		TPO	656		88	0.362	False	0.362	3	LYS	387	O2P	NZ	3.73	3.73	True	False	True
8FP1	1.85	X-ray	A	353	Protein kinase C eta type	P24723	656	experimental	author_numbering	True		TPO	656		88	0.362	False	0.362	3	ARG	428	O3P	NH2	3.9	2.65	True	False	True
6VNK	2.0	X-ray	D	308	Tyrosine-protein kinase JAK2	O60674	1007	experimental	author_numbering	True		PTR	1007		121	0.362	False	0.362	3	LYS	1030	O1P	NZ	3.95	3.6	True	False	True
6VNK	2.0	X-ray	D	308	Tyrosine-protein kinase JAK2	O60674	1007	experimental	author_numbering	True		PTR	1007		121	0.362	False	0.362	3	LYS	1005	O3P	NZ	3.98	3.17	True	False	True
8A66	1.901	X-ray	B	298	Serine/threonine-protein kinase 3 36kDa subunit	Q13188		unmapped	unmapped	False		TPO	283		88	0.362	False	0.362	2	ARG	281	O1P	NH1	2.51	2.51	True	False	False
4QMX	1.882	X-ray	A	310	SERINE/THREONINE-PROTEIN KINASE 24	Q9Y6E0		unmapped	unmapped	False		TPO	178		88	0.362	False	0.362	2	ARG	176	O1P	NH2	2.6	2.6	True	False	False
3L9M	1.9	X-ray	B	351	cAMP-dependent protein kinase catalytic subunit alpha	P17612	198	experimental	sifts	True	True	TPO	197		88	0.362	False	0.362	2	ARG	165	O3P	NH2	2.76	2.76	True	False	True
8A66	1.901	X-ray	B	298	Serine/threonine-protein kinase 3 36kDa subunit	Q13188		unmapped	unmapped	False		TPO	283		88	0.362	False	0.362	2	ARG	247	O3P	NH2	2.86	2.86	True	False	False
4QMX	1.882	X-ray	A	310	SERINE/THREONINE-PROTEIN KINASE 24	Q9Y6E0		unmapped	unmapped	False		TPO	178		88	0.362	False	0.362	2	ARG	143	O2P	NH1	2.89	2.89	True	False	False
3L9M	1.9	X-ray	B	351	cAMP-dependent protein kinase catalytic subunit alpha	P17612	198	experimental	sifts	True	True	TPO	197		88	0.362	False	0.362	2	LYS	189	O1P	NZ	2.98	2.98	True	False	True
2OFU	2.0	X-ray	A	273	Proto-oncogene tyrosine-protein kinase LCK	P06239	394	experimental	sifts	True	True	PTR	394		121	0.362	False	0.362	1	ARG	387	O2P	NH2	2.94	2.94	True	False	True
4D0X	1.82	X-ray	A	298	TYROSINE-PROTEIN KINASE JAK2	O60674	1007	experimental	author_numbering	True		PTR	1007		122	0.365	False	0.365	3	LYS	1009	O3P	NZ	3.17	3.17	True	False	True
4D0X	1.82	X-ray	A	298	TYROSINE-PROTEIN KINASE JAK2	O60674	1007	experimental	author_numbering	True		PTR	1007		122	0.365	False	0.365	3	LYS	1030	O3P	NZ	3.39	3.39	True	False	True
4D0X	1.82	X-ray	A	298	TYROSINE-PROTEIN KINASE JAK2	O60674	1007	experimental	author_numbering	True		PTR	1007		122	0.365	False	0.365	3	LYS	1005	O1P	NZ	3.94	3.03	True	False	True
6RSE	1.8	X-ray	A	302	Tyrosine-protein kinase JAK1	P23458	1034	experimental	sifts	True	True	PTR	1034		122	0.365	False	0.365	2	LYS	1032	O2P	NZ	2.26	2.26	True	False	True
6VGL	1.9	X-ray	C	308	Tyrosine-protein kinase JAK2	O60674	1007	experimental	author_numbering	True		PTR	1007		122	0.365	False	0.365	2	LYS	1030	O2P	NZ	3.16	3.16	True	False	True
6RSE	1.8	X-ray	A	302	Tyrosine-protein kinase JAK1	P23458	1034	experimental	sifts	True	True	PTR	1034		122	0.365	False	0.365	2	LYS	1057	O3P	NZ	3.87	3.23	True	False	True
6VGL	1.9	X-ray	C	308	Tyrosine-protein kinase JAK2	O60674	1007	experimental	author_numbering	True		PTR	1007		122	0.365	False	0.365	2	LYS	1005	O3P	NZ	3.91	3.07	True	False	True
3AC1	1.99	X-ray	A	285	Proto-oncogene tyrosine-protein kinase LCK	P06239	394	experimental	author_numbering	True		PTR	394		122	0.365	False	0.365	1	ARG	387	O2P	NE	2.65	2.65	True	False	True
4D0W	1.77	X-ray	A	298	TYROSINE-PROTEIN KINASE JAK2	O60674	1008	by_similarity	author_numbering	True		PTR	1008		122	0.365	False	0.365	1	LYS	999	O1P	NZ	3.79	3.61	True	False	True
9OB3	1.98	X-ray	A	301	Cyclin-dependent kinase 2	P24941	160	experimental	sifts	True	True	TPO	160		89	0.366	False	0.185	3	ARG	126	O3P	NH2	2.79	2.79	True	False	True
4EOP	1.99	X-ray	A	300	Cyclin-dependent kinase 2	P24941	160	experimental	sifts	True	True	TPO	160		89	0.366	False	0.193	3	ARG	126	O1P	NH1	2.8	2.8	True	False	True
4EOP	1.99	X-ray	A	300	Cyclin-dependent kinase 2	P24941	160	experimental	sifts	True	True	TPO	160		89	0.366	False	0.193	3	ARG	150	O2P	NH2	2.8	2.8	True	False	True
4EOP	1.99	X-ray	A	300	Cyclin-dependent kinase 2	P24941	160	experimental	sifts	True	True	TPO	160		89	0.366	False	0.193	3	ARG	50	O2P	NH2	2.87	2.87	True	False	True
6GUC	2.0	X-ray	A	302	Cyclin-dependent kinase 2	P24941	160	experimental	sifts	True	True	TPO	160		89	0.366	False	0.202	3	ARG	50	O2P	NH2	2.87	2.87	True	False	True
6GUC	2.0	X-ray	A	302	Cyclin-dependent kinase 2	P24941	160	experimental	sifts	True	True	TPO	160		89	0.366	False	0.202	3	ARG	126	O3P	NH2	2.88	2.88	True	False	True
6GUC	2.0	X-ray	A	302	Cyclin-dependent kinase 2	P24941	160	experimental	sifts	True	True	TPO	160		89	0.366	False	0.202	3	ARG	150	O2P	NH1	2.88	2.88	True	False	True
9OB3	1.98	X-ray	A	301	Cyclin-dependent kinase 2	P24941	160	experimental	sifts	True	True	TPO	160		89	0.366	False	0.185	3	ARG	50	O3P	NH1	2.88	2.88	True	False	True
9OB3	1.98	X-ray	A	301	Cyclin-dependent kinase 2	P24941	160	experimental	sifts	True	True	TPO	160		89	0.366	False	0.185	3	ARG	150	O2P	NH1	2.93	2.93	True	False	True
3L9L	2.0	X-ray	A	351	cAMP-dependent protein kinase catalytic subunit alpha	P17612	198	experimental	sifts	True	True	TPO	197		89	0.366	False	0.366	2	ARG	165	O3P	NH2	2.71	2.71	True	False	True
4QMU	1.546	X-ray	A	310	SERINE/THREONINE-PROTEIN KINASE 24	Q9Y6E0		unmapped	unmapped	False		TPO	178		89	0.366	False	0.366	2	ARG	176	O1P	NH1	2.72	2.72	True	False	False
4QMU	1.546	X-ray	A	310	SERINE/THREONINE-PROTEIN KINASE 24	Q9Y6E0		unmapped	unmapped	False		TPO	178		89	0.366	False	0.366	2	ARG	143	O2P	NH1	2.74	2.74	True	False	False
2JDO	1.8	X-ray	A	342	RAC-BETA SERINE/THREONINE-PROTEIN KINASE	P31751	309	experimental	sifts	True	False	TPO	309		89	0.366	False	0.292	2	ARG	274	O2P	NH1	2.77	2.77	True	False	True
5LI9	1.79	X-ray	A	350	Protein kinase C iota type	P41743	412	by_similarity	sifts	True	True	TPO	412		89	0.366	False	0.366	2	ARG	377	O1P	NH1	2.77	2.77	True	False	True
2JDO	1.8	X-ray	A	342	RAC-BETA SERINE/THREONINE-PROTEIN KINASE	P31751	309	experimental	sifts	True	False	TPO	309		89	0.366	False	0.292	2	LYS	298	O3P	NZ	2.83	2.83	True	False	True
3L9L	2.0	X-ray	A	351	cAMP-dependent protein kinase catalytic subunit alpha	P17612	198	experimental	sifts	True	True	TPO	197		89	0.366	False	0.366	2	LYS	189	O1P	NZ	3.01	3.01	True	False	True
5LI9	1.79	X-ray	A	350	Protein kinase C iota type	P41743	412	by_similarity	sifts	True	True	TPO	412		89	0.366	False	0.366	2	LYS	401	O3P	NZ	3.02	3.02	True	False	True
9AVW	1.747	X-ray	B	152	Ubiquitin	P0CG47	65	experimental	author_numbering	True		SEP	65		83	0.367	False	0.221	0							True	False	True
4IWD	1.99	X-ray	A	306	Hepatocyte growth factor receptor	P08581	1234	experimental	sifts	True	True	PTR	1234		123	0.368	False	0.368	2	LYS	1232	O2P	NZ	2.76	2.76	True	False	True
4IWD	1.99	X-ray	A	306	Hepatocyte growth factor receptor	P08581	1234	experimental	sifts	True	True	PTR	1234		123	0.368	False	0.368	2	LYS	1259	O1P	NZ	3.71	3.71	True	False	True
9T1U	1.65	X-ray	A	316	Tyrosine-protein kinase JAK2	O60674	1008	by_similarity	sifts	True	True	PTR	1008		123	0.368	False	0.368	1	LYS	999	O3P	NZ	2.47	2.47	True	False	True
10PJ	1.59	X-ray	B	316	Tyrosine-protein kinase JAK2	O60674	1008	by_similarity	sifts	True	True	PTR	1008		123	0.368	False	0.368	1	LYS	999	O1P	NZ	3.01	3.01	True	False	True
4EOI	2.0	X-ray	A	299	Cyclin-dependent kinase 2	P24941	160	experimental	sifts	True	True	TPO	160		90	0.37	False	0.202	3	ARG	126	O2P	NH1	2.73	2.73	True	False	True
4EOI	2.0	X-ray	A	299	Cyclin-dependent kinase 2	P24941	160	experimental	sifts	True	True	TPO	160		90	0.37	False	0.202	3	ARG	50	O3P	NH1	2.86	2.86	True	False	True
4EOI	2.0	X-ray	A	299	Cyclin-dependent kinase 2	P24941	160	experimental	sifts	True	True	TPO	160		90	0.37	False	0.202	3	ARG	150	O1P	NH2	2.91	2.91	True	False	True
5LCR	1.565	X-ray	A	353	cAMP-dependent protein kinase catalytic subunit alpha	P25321	198	by_similarity	sifts	True	True	TPO	197		90	0.37	False	0.37	2	ARG	165	O1P	NH1	2.73	2.73	False	False	False
4QMT	1.5	X-ray	A	310	Serine/threonine-protein kinase 24	Q9Y6E0		unmapped	unmapped	False		TPO	178		90	0.37	False	0.37	2	ARG	176	O1P	NH2	2.74	2.74	True	False	False
8PAV	1.9	X-ray	B	312	Serine/threonine-protein kinase 4 37kDa subunit	Q13043	183	experimental	author_numbering	True		TPO	183		90	0.37	False	0.354	2	ARG	181	O1P	NH1	2.75	2.75	True	False	True
4QMT	1.5	X-ray	A	310	Serine/threonine-protein kinase 24	Q9Y6E0		unmapped	unmapped	False		TPO	178		90	0.37	False	0.37	2	ARG	143	O2P	NH2	2.77	2.77	True	False	False
3L9M	1.9	X-ray	A	351	cAMP-dependent protein kinase catalytic subunit alpha	P17612	198	experimental	sifts	True	True	TPO	197		90	0.37	False	0.37	2	ARG	165	O3P	NH2	2.79	2.79	True	False	True
5LCR	1.565	X-ray	A	353	cAMP-dependent protein kinase catalytic subunit alpha	P25321	198	by_similarity	sifts	True	True	TPO	197		90	0.37	False	0.37	2	LYS	189	O2P	NZ	2.82	2.82	False	False	False
8PAV	1.9	X-ray	B	312	Serine/threonine-protein kinase 4 37kDa subunit	Q13043	183	experimental	author_numbering	True		TPO	183		90	0.37	False	0.354	2	ARG	148	O2P	NH1	2.84	2.84	True	False	True
3L9M	1.9	X-ray	A	351	cAMP-dependent protein kinase catalytic subunit alpha	P17612	198	experimental	sifts	True	True	TPO	197		90	0.37	False	0.37	2	LYS	189	O1P	NZ	2.95	2.95	True	False	True
4D0W	1.77	X-ray	A	298	TYROSINE-PROTEIN KINASE JAK2	O60674	1007	experimental	author_numbering	True		PTR	1007		124	0.371	False	0.371	3	LYS	1009	O3P	NZ	2.83	2.83	True	False	True
4D0W	1.77	X-ray	A	298	TYROSINE-PROTEIN KINASE JAK2	O60674	1007	experimental	author_numbering	True		PTR	1007		124	0.371	False	0.371	3	LYS	1030	O3P	NZ	3.61	3.61	True	False	True
4D0W	1.77	X-ray	A	298	TYROSINE-PROTEIN KINASE JAK2	O60674	1007	experimental	author_numbering	True		PTR	1007		124	0.371	False	0.371	3	LYS	1005	O1P	NZ	3.63	3.32	True	False	True
5AEP	1.95	X-ray	A	298	TYROSINE-PROTEIN KINASE JAK2	O60674	1007	experimental	author_numbering	True		PTR	1007		124	0.371	False	0.371	2	LYS	1030	O3P	NZ	3.54	3.54	True	False	True
5AEP	1.95	X-ray	A	298	TYROSINE-PROTEIN KINASE JAK2	O60674	1007	experimental	author_numbering	True		PTR	1007		124	0.371	False	0.371	2	LYS	1009	O3P	NZ	3.88	3.88	True	False	True
3LCK	1.7	X-ray	A	271	PROTO-ONCOGENE TYROSINE-PROTEIN KINASE	P06239	394	experimental	sifts	True	True	PTR	394		124	0.371	False	0.371	1	ARG	387	O2P	NH2	2.93	2.93	True	False	True
2B7A	2.0	X-ray	A	293	Tyrosine-protein kinase JAK2	O60674	1008	by_similarity	sifts	True	True	PTR	1008		124	0.371	False	0.371	0							True	False	True
3NX8	2.0	X-ray	A	351	cAMP-dependent protein kinase catalytic subunit alpha	P17612	339	experimental	sifts	True	True	SEP	338		84	0.372	False	0.372	1	LYS	342	O3P	NZ	3.68	3.43	True	False	True
6QAS	1.75	X-ray	B	287	Serine/threonine-protein kinase ULK1	O75385	87	not_annotated	author_numbering	True		SEP	87		84	0.372	False	0.372	0							True	False	True
4W8D	1.77	X-ray	A	290	Serine/threonine-protein kinase 24 36 kDa subunit	Q9Y6E0	190	experimental	sifts	True	True	TPO	178		91	0.374	False	0.374	2	ARG	143	O2P	NH1	2.53	2.53	True	False	True
4W8D	1.77	X-ray	A	290	Serine/threonine-protein kinase 24 36 kDa subunit	Q9Y6E0	190	experimental	sifts	True	True	TPO	178		91	0.374	False	0.374	2	ARG	176	O1P	NH2	2.64	2.64	True	False	True
5LCT	1.615	X-ray	A	353	cAMP-dependent protein kinase catalytic subunit alpha	P25321	198	by_similarity	sifts	True	True	TPO	197		91	0.374	False	0.374	2	ARG	165	O3P	NH1	2.69	2.69	False	False	False
5LCT	1.615	X-ray	A	353	cAMP-dependent protein kinase catalytic subunit alpha	P25321	198	by_similarity	sifts	True	True	TPO	197		91	0.374	False	0.374	2	LYS	189	O1P	NZ	2.75	2.75	False	False	False
4GV1	1.49	X-ray	A	340	RAC-alpha serine/threonine-protein kinase	P31749	308	experimental	sifts	True	True	TPO	308		91	0.374	False	0.374	2	ARG	273	O1P	NH2	2.85	2.85	True	False	True
4GV1	1.49	X-ray	A	340	RAC-alpha serine/threonine-protein kinase	P31749	308	experimental	sifts	True	True	TPO	308		91	0.374	False	0.374	2	LYS	297	O3P	NZ	2.89	2.89	True	False	True
6VGL	1.9	X-ray	D	308	Tyrosine-protein kinase JAK2	O60674	1007	experimental	author_numbering	True		PTR	1007		125	0.374	False	0.374	2	LYS	1030	O2P	NZ	3.14	3.14	True	False	True
6VGL	1.9	X-ray	D	308	Tyrosine-protein kinase JAK2	O60674	1007	experimental	author_numbering	True		PTR	1007		125	0.374	False	0.374	2	LYS	1005	O1P	NZ	3.75	3.39	True	False	True
4YJQ	1.34	X-ray	A	281	Tyrosine-protein kinase SYK	P43405	526	experimental	author_numbering	True		PTR	526		125	0.374	False	0.374	1	LYS	517	O3P	NZ	2.73	2.73	True	False	True
8BM2	1.5	X-ray	A	317	Tyrosine-protein kinase JAK2	O60674	1008	by_similarity	sifts	True	True	PTR	1008		125	0.374	False	0.374	1	LYS	999	O2P	NZ	3.13	3.13	True	False	True
6X8E	1.75	X-ray	A	298	Tyrosine-protein kinase JAK2	O60674	1007	experimental	author_numbering	True		PTR	1007		125	0.374	False	0.374	1	LYS	1009	O2P	NZ	3.26	3.26	True	False	True
6UYA	1.74	X-ray	B	320	Interleukin-1 receptor-associated kinase 4	Q9NWZ3	342	experimental	author_numbering	True		TPO	342		91	0.374	False	0.374	1	LYS	367	O2P	NZ	3.37	3.37	True	False	True
2QOB	1.65	X-ray	A	344	Ephrin receptor	P29320	701	experimental	author_numbering	True		PTR	701		125	0.374	False	0.374	0							True	False	True
1H1W	2.0	X-ray	A	289	3-PHOSPHOINOSITIDE DEPENDENT PROTEIN KINASE-1	O15530	241	experimental	sifts	True	True	SEP	241		85	0.376	False	0.376	3	ARG	129	O1P	NH2	3.03	3.03	True	False	True
1H1W	2.0	X-ray	A	289	3-PHOSPHOINOSITIDE DEPENDENT PROTEIN KINASE-1	O15530	241	experimental	sifts	True	True	SEP	241		85	0.376	False	0.376	3	ARG	204	O3P	NH1	3.05	3.05	True	False	True
1H1W	2.0	X-ray	A	289	3-PHOSPHOINOSITIDE DEPENDENT PROTEIN KINASE-1	O15530	241	experimental	sifts	True	True	SEP	241		85	0.376	False	0.376	3	LYS	228	O3P	NZ	3.42	3.42	True	False	True
5M71	1.488	X-ray	A	353	cAMP-dependent protein kinase catalytic subunit alpha	P25321	339	by_similarity	sifts	True	True	SEP	338		85	0.376	False	0.376	1	ARG	336	O3P	NH1	2.26	2.26	False	False	False
6VNJ	1.9	X-ray	B	308	Tyrosine-protein kinase JAK2	O60674	1007	experimental	author_numbering	True		PTR	1007		126	0.377	False	0.377	2	LYS	1030	O1P	NZ	2.86	2.86	True	False	True
6VNJ	1.9	X-ray	A	308	Tyrosine-protein kinase JAK2	O60674	1007	experimental	sifts	True	True	PTR	1007		126	0.377	False	0.377	2	LYS	1030	O2P	NZ	3.03	3.03	True	False	True
6VNJ	1.9	X-ray	B	308	Tyrosine-protein kinase JAK2	O60674	1007	experimental	author_numbering	True		PTR	1007		126	0.377	False	0.377	2	LYS	1005	O2P	NZ	3.11	3.11	True	False	True
6VNJ	1.9	X-ray	A	308	Tyrosine-protein kinase JAK2	O60674	1007	experimental	sifts	True	True	PTR	1007		126	0.377	False	0.377	2	LYS	1009	O2P	NZ	3.96	3.87	True	False	True
8S85	1.75	X-ray	B	302	Tyrosine-protein kinase JAK1	P23458	1034	experimental	sifts	True	True	PTR	1034		126	0.377	False	0.377	1	LYS	1032	O1P	NZ	3.22	3.22	True	False	True
4IVB	1.9	X-ray	B	302	Tyrosine-protein kinase JAK1	P23458	1034	experimental	sifts	True	True	PTR	1034		126	0.377	False	0.377	1	LYS	1057	O3P	NZ	3.82	2.92	True	False	True
3QKL	1.9	X-ray	A	341	RAC-alpha serine/threonine-protein kinase	P31749	308	experimental	sifts	True	True	TPO	308		92	0.379	False	0.296	2	ARG	273	O2P	NH2	2.68	2.68	True	False	True
3L9L	2.0	X-ray	B	351	cAMP-dependent protein kinase catalytic subunit alpha	P17612	198	experimental	sifts	True	True	TPO	197		92	0.379	False	0.379	2	ARG	165	O3P	NH2	2.8	2.8	True	False	True
3QKL	1.9	X-ray	A	341	RAC-alpha serine/threonine-protein kinase	P31749	308	experimental	sifts	True	True	TPO	308		92	0.379	False	0.296	2	LYS	297	O3P	NZ	2.86	2.86	True	False	True
6RA7	1.2	X-ray	A	306	TRAF2 and NCK-interacting protein kinase	Q9UKE5	187	by_similarity	sifts	True	True	TPO	187		92	0.379	False	0.379	2	ARG	185	O1P	NH2	2.88	2.88	True	False	True
6RA7	1.2	X-ray	A	306	TRAF2 and NCK-interacting protein kinase	Q9UKE5	187	by_similarity	sifts	True	True	TPO	187		92	0.379	False	0.379	2	ARG	152	O1P	NH2	2.92	2.92	True	False	True
3L9L	2.0	X-ray	B	351	cAMP-dependent protein kinase catalytic subunit alpha	P17612	198	experimental	sifts	True	True	TPO	197		92	0.379	False	0.379	2	LYS	189	O1P	NZ	3.07	3.07	True	False	True
3E64	1.8	X-ray	A	293	Tyrosine-protein kinase JAK2	O60674	1007	experimental	sifts	True	True	PTR	1007		127	0.38	False	0.38	2	LYS	1005	O1P	NZ	3.58	3.35	True	False	True
3E64	1.8	X-ray	A	293	Tyrosine-protein kinase JAK2	O60674	1007	experimental	sifts	True	True	PTR	1007		127	0.38	False	0.38	2	LYS	1030	O3P	NZ	3.62	3.55	True	False	True
8UWN	1.8	X-ray	A	360	Dual specificity protein kinase CLK1	P49759	341	not_annotated	sifts	True	True	SEP	341		86	0.381	False	0.381	2	ARG	198	O3P	NH1	2.49	2.49	True	False	True
8UWN	1.8	X-ray	A	360	Dual specificity protein kinase CLK1	P49759	341	not_annotated	sifts	True	True	SEP	341		86	0.381	False	0.381	2	ARG	343	O2P	NH1	3.01	3.01	True	False	True
7AKA	1.9	X-ray	A	359	Dual specificity tyrosine-phosphorylation-regulated kinase 1A	Q13627		unmapped	unmapped	False		SEP	145		86	0.381	False	0.288	1	LYS	191	O2P	NZ	3.77	3.2	True	False	False
4WZP	1.9	X-ray	C	76	ubiquitin	P0CG47	217	not_annotated	sifts	True	True	SEP	65		86	0.381	False	0.381	0							True	False	True
4QMP	2.0	X-ray	A	310	Serine/threonine-protein kinase 24	Q9Y6E0		unmapped	unmapped	False		TPO	178		93	0.383	False	0.383	2	ARG	143	O1P	NH1	2.34	2.34	True	False	False
4QMP	2.0	X-ray	A	310	Serine/threonine-protein kinase 24	Q9Y6E0		unmapped	unmapped	False		TPO	178		93	0.383	False	0.383	2	ARG	176	O2P	NH2	2.39	2.39	True	False	False
4U8Z	1.63	X-ray	A	290	Serine/threonine-protein kinase 24	Q9Y6E0	190	experimental	sifts	True	True	TPO	178		93	0.383	False	0.383	2	ARG	143	O2P	NH2	2.76	2.76	True	False	True
4U8Z	1.63	X-ray	A	290	Serine/threonine-protein kinase 24	Q9Y6E0	190	experimental	sifts	True	True	TPO	178		93	0.383	False	0.383	2	ARG	176	O1P	NH2	2.79	2.79	True	False	True
3CQW	2.0	X-ray	A	342	RAC-alpha serine/threonine-protein kinase	P31749	308	experimental	sifts	True	True	TPO	308		93	0.383	False	0.321	2	ARG	273	O2P	NH1	2.87	2.87	True	False	True
3CQW	2.0	X-ray	A	342	RAC-alpha serine/threonine-protein kinase	P31749	308	experimental	sifts	True	True	TPO	308		93	0.383	False	0.321	2	LYS	297	O1P	NZ	2.92	2.92	True	False	True
6PDJ	1.81	X-ray	A	288	Tyrosine-protein kinase Lck	P06239	394	experimental	sifts	True	True	PTR	394		128	0.383	False	0.383	1	ARG	387	O1P	NE	2.8	2.8	True	False	True
4YJT	1.52	X-ray	A	281	Tyrosine-protein kinase SYK	P43405	526	experimental	author_numbering	True		PTR	526		128	0.383	False	0.383	1	LYS	517	O3P	NZ	2.83	2.83	True	False	True
5WEV	1.854	X-ray	A	319	Tyrosine-protein kinase JAK2	O60674	1008	by_similarity	sifts	True	True	PTR	1008		128	0.383	False	0.383	1	ARG	897	O3P	NH1	3.43	3.43	True	False	True
3QC4	1.8	X-ray	A	314	3-phosphoinositide-dependent protein kinase 1	O15530	241	experimental	sifts	True	True	SEP	241		87	0.385	False	0.385	2	LYS	228	O2P	NZ	2.63	2.63	True	False	True
6GR8	1.75	X-ray	B	70	Inner centromere protein	Q9NQS7	894	experimental	sifts	True	True	SEP	894		87	0.385	False	0.004	2	ARG	891	O2P	NE	2.67	2.67	True	False	True
3QC4	1.8	X-ray	A	314	3-phosphoinositide-dependent protein kinase 1	O15530	241	experimental	sifts	True	True	SEP	241		87	0.385	False	0.385	2	ARG	204	O3P	NH2	2.9	2.9	True	False	True
6GR8	1.75	X-ray	B	70	Inner centromere protein	Q9NQS7	894	experimental	sifts	True	True	SEP	894		87	0.385	False	0.004	2	ARG	887	O2P	NH1	2.94	2.94	True	False	True
7A4R	1.8	X-ray	A	355	Dual specificity tyrosine-phosphorylation-regulated kinase 1A	Q13627		unmapped	unmapped	False		SEP	145		87	0.385	False	0.354	1	LYS	191	O2P	NZ	3.0	3.0	True	False	False
8IKM	1.92	X-ray	B	75	Ubiquitin	P62987	65	experimental	sifts	True	True	SEP	65		87	0.385	False	0.013	0							True	False	True
6VS3	2.0	X-ray	A	308	Tyrosine-protein kinase JAK2	O60674	1007	experimental	author_numbering	True		PTR	1007		129	0.386	False	0.386	2	LYS	1005	O1P	NZ	2.92	2.92	True	False	True
6VS3	2.0	X-ray	A	308	Tyrosine-protein kinase JAK2	O60674	1007	experimental	author_numbering	True		PTR	1007		129	0.386	False	0.386	2	LYS	1030	O2P	NZ	2.94	2.94	True	False	True
6RSD	1.76	X-ray	A	302	Tyrosine-protein kinase JAK1	P23458	1034	experimental	sifts	True	True	PTR	1034		129	0.386	False	0.386	2	LYS	1032	O2P	NZ	3.0	3.0	True	False	True
6RSD	1.76	X-ray	A	302	Tyrosine-protein kinase JAK1	P23458	1034	experimental	sifts	True	True	PTR	1034		129	0.386	False	0.386	2	LYS	1057	O3P	NZ	3.22	3.22	True	False	True
3AD5	2.0	X-ray	A	285	Proto-oncogene tyrosine-protein kinase LCK	P06239	394	experimental	author_numbering	True		PTR	394		129	0.386	False	0.386	1	ARG	387	O2P	NH2	2.6	2.6	True	False	True
6RSH	1.71	X-ray	A	302	Tyrosine-protein kinase JAK1	P23458	1034	experimental	sifts	True	True	PTR	1034		129	0.386	False	0.386	1	LYS	1032	O2P	NZ	2.63	2.63	True	False	True
4YJU	1.67	X-ray	A	281	Tyrosine-protein kinase SYK	P43405	525	experimental	author_numbering	True		PTR	525		129	0.386	False	0.386	1	LYS	548	O3P	NZ	2.89	2.89	True	False	True
4YTF	1.78	X-ray	A	296	Tyrosine-protein kinase JAK2	O60674	1007	experimental	sifts	True	True	PTR	1007		129	0.386	False	0.386	1	LYS	1030	O3P	NZ	3.04	3.04	True	False	True
4W8E	1.79	X-ray	A	291	Serine/threonine-protein kinase 24 36 kDa subunit	Q9Y6E0	190	experimental	sifts	True	True	TPO	178		94	0.387	False	0.387	2	ARG	176	O2P	NH2	2.77	2.77	True	False	True
4W8E	1.79	X-ray	A	291	Serine/threonine-protein kinase 24 36 kDa subunit	Q9Y6E0	190	experimental	sifts	True	True	TPO	178		94	0.387	False	0.387	2	ARG	143	O1P	NH2	2.99	2.99	True	False	True
1UU7	1.9	X-ray	A	310	3-PHOSPHOINOSITIDE DEPENDENT PROTEIN KINASE-1	O15530	241	experimental	author_numbering	True		SEP	241		88	0.389	False	0.389	2	ARG	129	O2P	NH2	2.86	2.86	True	False	True
1UU7	1.9	X-ray	A	310	3-PHOSPHOINOSITIDE DEPENDENT PROTEIN KINASE-1	O15530	241	experimental	author_numbering	True		SEP	241		88	0.389	False	0.389	2	ARG	204	O1P	NH2	2.88	2.88	True	False	True
6VGL	1.9	X-ray	B	308	Tyrosine-protein kinase JAK2	O60674	1007	experimental	sifts	True	True	PTR	1007		130	0.389	False	0.147	2	LYS	1009	O2P	NZ	3.1	3.1	True	False	True
6VGL	1.9	X-ray	B	308	Tyrosine-protein kinase JAK2	O60674	1007	experimental	sifts	True	True	PTR	1007		130	0.389	False	0.147	2	LYS	1030	O2P	NZ	3.23	3.23	True	False	True
4E4N	1.9	X-ray	B	302	Tyrosine-protein kinase JAK1	P23458	1034	experimental	sifts	True	True	PTR	1034		130	0.389	False	0.389	2	LYS	1057	O3P	NZ	3.63	3.12	True	False	True
4E4N	1.9	X-ray	B	302	Tyrosine-protein kinase JAK1	P23458	1034	experimental	sifts	True	True	PTR	1034		130	0.389	False	0.389	2	LYS	1032	O2P	NZ	3.87	3.57	True	False	True
3AGM	2.0	X-ray	A	351	cAMP-dependent protein kinase catalytic subunit alpha	P17612	339	experimental	sifts	True	True	SEP	338		88	0.389	False	0.389	1	LYS	342	O1P	NZ	3.13	3.13	True	False	True
4AQC	1.9	X-ray	A	301	TYROSINE-PROTEIN KINASE JAK2	O60674	1008	by_similarity	sifts	True	True	PTR	1008		130	0.389	False	0.389	1	LYS	999	O1P	NZ	3.17	3.17	True	False	True
6WTN	1.83	X-ray	A	309	Tyrosine-protein kinase JAK2	O60674	1007	experimental	sifts	True	True	PTR	1007		130	0.389	False	0.389	1	LYS	1005	O2P	NZ	3.62	3.29	True	False	True
4QNA	1.849	X-ray	A	310	SERINE/THREONINE-PROTEIN KINASE 24	Q9Y6E0		unmapped	unmapped	False		TPO	178		95	0.391	False	0.391	2	ARG	176	O1P	NH1	2.61	2.61	True	False	False
3A7I	1.45	X-ray	A	303	Serine/threonine kinase 24 (STE20 homolog, yeast)	Q9Y6E0		unmapped	unmapped	False		TPO	178		95	0.391	False	0.391	2	ARG	176	O2P	NH2	2.71	2.71	True	False	False
1XJD	2.0	X-ray	A	345	Protein kinase C, theta type	Q04759	538	by_similarity	author_numbering	True		TPO	538		95	0.391	False	0.391	2	ARG	503	O2P	NH1	2.82	2.82	True	False	True
3A7I	1.45	X-ray	A	303	Serine/threonine kinase 24 (STE20 homolog, yeast)	Q9Y6E0		unmapped	unmapped	False		TPO	178		95	0.391	False	0.391	2	ARG	143	O1P	NH2	2.84	2.84	True	False	False
4QNA	1.849	X-ray	A	310	SERINE/THREONINE-PROTEIN KINASE 24	Q9Y6E0		unmapped	unmapped	False		TPO	178		95	0.391	False	0.391	2	ARG	143	O2P	NH1	2.84	2.84	True	False	False
1XJD	2.0	X-ray	A	345	Protein kinase C, theta type	Q04759	538	by_similarity	author_numbering	True		TPO	538		95	0.391	False	0.391	2	LYS	527	O3P	NZ	2.94	2.94	True	False	True
5CF8	1.8	X-ray	B	301	Tyrosine-protein kinase JAK2	O60674	1007	experimental	sifts	True	True	PTR	1007		131	0.392	False	0.392	2	LYS	1030	O3P	NZ	2.93	2.93	True	False	True
6VN8	1.9	X-ray	A	308	Tyrosine-protein kinase JAK2	O60674	1007	experimental	sifts	True	True	PTR	1007		131	0.392	False	0.392	2	LYS	1030	O2P	NZ	3.25	3.25	True	False	True
6VN8	1.9	X-ray	A	308	Tyrosine-protein kinase JAK2	O60674	1007	experimental	sifts	True	True	PTR	1007		131	0.392	False	0.392	2	LYS	1009	O2P	NZ	3.26	3.26	True	False	True
5CF8	1.8	X-ray	B	301	Tyrosine-protein kinase JAK2	O60674	1007	experimental	sifts	True	True	PTR	1007		131	0.392	False	0.392	2	LYS	1005	O1P	NZ	3.52	3.27	True	False	True
3BYO	2.0	X-ray	A	271	Proto-oncogene tyrosine-protein kinase LCK	P06239	394	experimental	sifts	True	True	PTR	394		131	0.392	False	0.392	1	ARG	387	O2P	NH2	2.43	2.43	True	False	True
3BYM	2.0	X-ray	A	272	Proto-oncogene tyrosine-protein kinase LCK	P06239	394	experimental	sifts	True	True	PTR	394		131	0.392	False	0.392	1	ARG	387	O2P	NH2	2.96	2.96	True	False	True
6N7C	1.69	X-ray	B	302	Tyrosine-protein kinase JAK1	P23458	1035	experimental	sifts	True	True	PTR	1035		131	0.392	False	0.392	1	LYS	1026	O1P	NZ	3.02	3.02	True	False	True
6AAH	1.83	X-ray	B	290	Tyrosine-protein kinase JAK1	P23458	1035	experimental	sifts	True	True	PTR	1035		131	0.392	False	0.392	1	LYS	1026	O2P	NZ	3.32	3.32	True	False	True
4E4N	1.9	X-ray	A	302	Tyrosine-protein kinase JAK1	P23458	1035	experimental	sifts	True	True	PTR	1035		131	0.392	False	0.392	1	LYS	1026	O1P	NZ	3.54	3.44	True	False	True
5NP2	1.6	X-ray	B	61	Tyrosine-protein kinase ABL1	P00519	115	experimental	sifts	True	True	PTR	115		131	0.392	False	0.392	0							True	False	True
6ITV	1.881	X-ray	A	331	Mast/stem cell growth factor receptor Kit	P10721	570	experimental	author_numbering	True		PTR	570		131	0.392	False	0.392	0							True	False	True
2F57	1.8	X-ray	B	317	Serine/threonine-protein kinase PAK 7	Q9P286	602	not_annotated	sifts	True	True	SEP	602		89	0.394	False	0.394	2	ARG	567	O1P	NH2	2.73	2.73	True	False	True
2F57	1.8	X-ray	B	317	Serine/threonine-protein kinase PAK 7	Q9P286	602	not_annotated	sifts	True	True	SEP	602		89	0.394	False	0.394	2	ARG	600	O1P	NE	2.82	2.82	True	False	True
5IZJ	1.85	X-ray	A	351	cAMP-dependent protein kinase catalytic subunit alpha	P17612	339	experimental	sifts	True	True	SEP	338		89	0.394	False	0.394	1	LYS	342	O2P	NZ	2.85	2.85	True	False	True
4WZP	1.9	X-ray	A	76	ubiquitin	P0CG47	217	not_annotated	sifts	True	True	SEP	65		89	0.394	False	0.363	0							True	False	True
6GLC	1.8	X-ray	B	76	Polyubiquitin-B	P0CG47	217	not_annotated	sifts	True	True	SEP	65		89	0.394	False	0.018	0							True	False	True
6MNH	1.73	X-ray	A	287	Serine/threonine-protein kinase ULK1	O75385	87	not_annotated	sifts	True	True	SEP	87		89	0.394	False	0.394	0							True	False	True
4QMY	1.883	X-ray	A	310	SERINE/THREONINE-PROTEIN KINASE 24	Q9Y6E0		unmapped	unmapped	False		TPO	178		96	0.395	False	0.395	2	ARG	176	O1P	NH1	2.47	2.47	True	False	False
6O94	1.98	X-ray	A	320	Interleukin-1 receptor-associated kinase 4	Q9NWZ3	342	experimental	author_numbering	True		TPO	342		96	0.395	False	0.374	2	LYS	367	O2P	NZ	2.8	2.8	True	False	True
6VN8	1.9	X-ray	B	308	Tyrosine-protein kinase JAK2	O60674	1007	experimental	author_numbering	True		PTR	1007		132	0.395	False	0.395	2	LYS	1030	O2P	NZ	2.85	2.85	True	False	True
3LPB	2.0	X-ray	A	295	Tyrosine-protein kinase JAK2	O60674	1007	experimental	author_numbering	True		PTR	1007		132	0.395	False	0.395	2	LYS	1030	O3P	NZ	2.9	2.9	True	False	True
4QMY	1.883	X-ray	A	310	SERINE/THREONINE-PROTEIN KINASE 24	Q9Y6E0		unmapped	unmapped	False		TPO	178		96	0.395	False	0.395	2	ARG	143	O2P	NH1	2.91	2.91	True	False	False
6O94	1.98	X-ray	A	320	Interleukin-1 receptor-associated kinase 4	Q9NWZ3	342	experimental	author_numbering	True		TPO	342		96	0.395	False	0.374	2	LYS	441	O3P	NZ	3.06	3.06	True	False	True
2B7A	2.0	X-ray	B	293	Tyrosine-protein kinase JAK2	O60674	1007	experimental	sifts	True	True	PTR	1007		132	0.395	False	0.395	2	LYS	1030	O3P	NZ	3.08	3.08	True	False	True
6VN8	1.9	X-ray	B	308	Tyrosine-protein kinase JAK2	O60674	1007	experimental	author_numbering	True		PTR	1007		132	0.395	False	0.395	2	LYS	1005	O3P	NZ	3.13	3.13	True	False	True
3LPB	2.0	X-ray	A	295	Tyrosine-protein kinase JAK2	O60674	1007	experimental	author_numbering	True		PTR	1007		132	0.395	False	0.395	2	LYS	1005	O2P	NZ	3.32	3.32	True	False	True
2B7A	2.0	X-ray	B	293	Tyrosine-protein kinase JAK2	O60674	1007	experimental	sifts	True	True	PTR	1007		132	0.395	False	0.395	2	LYS	1009	O3P	NZ	3.95	3.95	True	False	True
2B7A	2.0	X-ray	A	293	Tyrosine-protein kinase JAK2	O60674	1007	experimental	sifts	True	True	PTR	1007		133	0.398	False	0.398	2	LYS	1005	O2P	NZ	2.78	2.78	True	False	True
2B7A	2.0	X-ray	A	293	Tyrosine-protein kinase JAK2	O60674	1007	experimental	sifts	True	True	PTR	1007		133	0.398	False	0.398	2	LYS	1030	O3P	NZ	2.87	2.87	True	False	True
5CF8	1.8	X-ray	A	301	Tyrosine-protein kinase JAK2	O60674	1007	experimental	sifts	True	True	PTR	1007		133	0.398	False	0.398	2	LYS	1005	O3P	NZ	2.99	2.99	True	False	True
5CF8	1.8	X-ray	A	301	Tyrosine-protein kinase JAK2	O60674	1007	experimental	sifts	True	True	PTR	1007		133	0.398	False	0.398	2	LYS	1030	O2P	NZ	3.06	3.06	True	False	True
7Q7I	1.78	X-ray	A	316	Tyrosine-protein kinase JAK2	O60674	1007	experimental	author_numbering	True		PTR	1007		133	0.398	False	0.398	2	LYS	1005	O3P	NZ	3.61	3.39	True	False	True
7Q7I	1.78	X-ray	A	316	Tyrosine-protein kinase JAK2	O60674	1007	experimental	author_numbering	True		PTR	1007		133	0.398	False	0.398	2	LYS	1030	O1P	NZ	3.62	3.62	True	False	True
6SM8	1.85	X-ray	A	302	Tyrosine-protein kinase JAK1	P23458	1034	experimental	sifts	True	True	PTR	1034		133	0.398	False	0.398	1	LYS	1057	O3P	NZ	2.87	2.87	True	False	True
4YJR	1.32	X-ray	A	281	Tyrosine-protein kinase SYK	P43405	525	experimental	author_numbering	True		PTR	525		133	0.398	False	0.398	1	LYS	548	O3P	NZ	3.0	3.0	True	False	True
3A7H	1.96	X-ray	A	303	Serine/threonine kinase 24 (STE20 homolog, yeast)	Q9Y6E0		unmapped	unmapped	False		TPO	178		97	0.399	False	0.399	2	ARG	143	O1P	NH1	2.37	2.37	True	False	False
3A7F	1.55	X-ray	A	303	Serine/threonine kinase 24 (STE20 homolog, yeast)	Q9Y6E0		unmapped	unmapped	False		TPO	178		97	0.399	False	0.399	2	ARG	143	O1P	NH1	2.59	2.59	True	False	False
8R4V	1.9	X-ray	A	328	Serine/threonine-protein kinase SIK3	Q9Y2K2	221	experimental	sifts	True	True	TPO	221		97	0.399	False	0.399	2	ARG	187	O1P	NH2	2.75	2.75	True	False	True
3A7H	1.96	X-ray	A	303	Serine/threonine kinase 24 (STE20 homolog, yeast)	Q9Y6E0		unmapped	unmapped	False		TPO	178		97	0.399	False	0.399	2	ARG	176	O2P	NH2	2.76	2.76	True	False	False
3A7F	1.55	X-ray	A	303	Serine/threonine kinase 24 (STE20 homolog, yeast)	Q9Y6E0		unmapped	unmapped	False		TPO	178		97	0.399	False	0.399	2	ARG	176	O2P	NH2	2.91	2.91	True	False	False
8R4V	1.9	X-ray	A	328	Serine/threonine-protein kinase SIK3	Q9Y2K2	221	experimental	sifts	True	True	TPO	221		97	0.399	False	0.399	2	ARG	112	O1P	NH1	3.49	3.49	True	False	True
7REE	1.38	X-ray	A	297	Tyrosine-protein kinase JAK2	O60674	1007	experimental	sifts	True	True	PTR	1007		134	0.401	False	0.401	2	LYS	1005	O3P	NZ	2.48	2.48	True	False	True
7REE	1.38	X-ray	A	297	Tyrosine-protein kinase JAK2	O60674	1007	experimental	sifts	True	True	PTR	1007		134	0.401	False	0.401	2	LYS	1030	O2P	NZ	2.52	2.52	True	False	True
4AQC	1.9	X-ray	A	301	TYROSINE-PROTEIN KINASE JAK2	O60674	1007	experimental	sifts	True	True	PTR	1007		134	0.401	False	0.401	2	LYS	1030	O3P	NZ	2.82	2.82	True	False	True
4AQC	1.9	X-ray	A	301	TYROSINE-PROTEIN KINASE JAK2	O60674	1007	experimental	sifts	True	True	PTR	1007		134	0.401	False	0.401	2	LYS	1005	O2P	NZ	2.95	2.95	True	False	True
29RX	1.8	X-ray	A	316	Tyrosine-protein kinase JAK2	O60674	1008	by_similarity	sifts	True	True	PTR	1008		134	0.401	False	0.401	1	LYS	999	O1P	NZ	2.44	2.44	True	False	True
6VNK	2.0	X-ray	C	308	Tyrosine-protein kinase JAK2	O60674	1007	experimental	author_numbering	True		PTR	1007		134	0.401	False	0.401	1	LYS	1030	O1P	NZ	2.73	2.73	True	False	True
4YJQ	1.34	X-ray	A	281	Tyrosine-protein kinase SYK	P43405	525	experimental	author_numbering	True		PTR	525		134	0.401	False	0.401	1	LYS	548	O3P	NZ	2.96	2.96	True	False	True
6RSE	1.8	X-ray	A	302	Tyrosine-protein kinase JAK1	P23458	1035	experimental	sifts	True	True	PTR	1035		134	0.401	False	0.401	1	LYS	1026	O3P	NZ	2.97	2.97	True	False	True
6N7A	1.33	X-ray	B	304	Tyrosine-protein kinase JAK1	P23458	1035	experimental	sifts	True	True	PTR	1035		134	0.401	False	0.401	1	LYS	1026	O3P	NZ	2.99	2.99	True	False	True
4YJV	1.652	X-ray	A	281	Tyrosine-protein kinase SYK	P43405	525	experimental	author_numbering	True		PTR	525		134	0.401	False	0.401	1	LYS	548	O3P	NZ	3.13	3.13	True	False	True
6N7C	1.69	X-ray	A	302	Tyrosine-protein kinase JAK1	P23458	1035	experimental	sifts	True	True	PTR	1035		134	0.401	False	0.401	1	LYS	1026	O3P	NZ	3.14	3.14	True	False	True
8RRQ	1.6	X-ray	A	282	Tyrosine-protein kinase SYK	P43405	526	experimental	author_numbering	True		PTR	526		134	0.401	False	0.401	1	LYS	517	O2P	NZ	3.6	3.6	True	False	True
8R4V	1.9	X-ray	C	328	Serine/threonine-protein kinase SIK3	Q9Y2K2	221	experimental	sifts	True	True	TPO	221		98	0.403	False	0.403	2	ARG	187	O1P	NH2	2.73	2.73	True	False	True
8R4V	1.9	X-ray	C	328	Serine/threonine-protein kinase SIK3	Q9Y2K2	221	experimental	sifts	True	True	TPO	221		98	0.403	False	0.403	2	ARG	112	O1P	NH1	3.46	3.46	True	False	True
3L9L	2.0	X-ray	A	351	cAMP-dependent protein kinase catalytic subunit alpha	P17612	339	experimental	sifts	True	True	SEP	338		91	0.403	False	0.403	1	LYS	342	O2P	NZ	2.6	2.6	True	False	True
3L9N	2.0	X-ray	A	351	cAMP-dependent protein kinase catalytic subunit alpha	P17612	339	experimental	sifts	True	True	SEP	338		91	0.403	False	0.403	1	LYS	342	O1P	NZ	3.33	3.33	True	False	True
7Q7L	1.97	X-ray	A	316	Tyrosine-protein kinase JAK2	O60674	1007	experimental	author_numbering	True		PTR	1007		135	0.404	False	0.404	2	LYS	1030	O3P	NZ	2.8	2.8	True	False	True
7Q7L	1.97	X-ray	A	316	Tyrosine-protein kinase JAK2	O60674	1007	experimental	author_numbering	True		PTR	1007		135	0.404	False	0.404	2	LYS	1005	O2P	NZ	3.08	3.0	True	False	True
3E63	1.9	X-ray	A	293	Tyrosine-protein kinase JAK2	O60674	1007	experimental	sifts	True	True	PTR	1007		135	0.404	False	0.404	2	LYS	1005	O1P	NZ	3.16	3.01	True	False	True
3E63	1.9	X-ray	A	293	Tyrosine-protein kinase JAK2	O60674	1007	experimental	sifts	True	True	PTR	1007		135	0.404	False	0.404	2	LYS	1030	O3P	NZ	3.43	3.43	True	False	True
4YJT	1.52	X-ray	A	281	Tyrosine-protein kinase SYK	P43405	525	experimental	author_numbering	True		PTR	525		135	0.404	False	0.404	1	LYS	548	O3P	NZ	3.03	3.03	True	False	True
7Q7K	1.61	X-ray	A	316	Tyrosine-protein kinase JAK2	O60674	1007	experimental	author_numbering	True		PTR	1007		135	0.404	False	0.404	1	LYS	1030	O1P	NZ	3.42	3.42	True	False	True
3A7G	2.0	X-ray	A	303	Serine/threonine kinase 24 (STE20 homolog, yeast)	Q9Y6E0		unmapped	unmapped	False		TPO	178		99	0.407	False	0.407	2	ARG	143	O2P	NH1	2.36	2.36	True	False	False
4EKL	2.0	X-ray	A	341	RAC-alpha serine/threonine-protein kinase	P31749	308	experimental	sifts	True	True	TPO	308		99	0.407	False	0.407	2	ARG	273	O1P	NH2	2.79	2.79	True	False	True
8BXH	1.3	X-ray	A	316	Tyrosine-protein kinase JAK2	O60674	1007	experimental	sifts	True	True	PTR	1007		136	0.407	False	0.407	2	LYS	1030	O2P	NZ	2.82	2.82	True	False	True
8BXH	1.3	X-ray	A	316	Tyrosine-protein kinase JAK2	O60674	1007	experimental	sifts	True	True	PTR	1007		136	0.407	False	0.407	2	LYS	1005	O1P	NZ	2.83	2.83	True	False	True
3A7G	2.0	X-ray	A	303	Serine/threonine kinase 24 (STE20 homolog, yeast)	Q9Y6E0		unmapped	unmapped	False		TPO	178		99	0.407	False	0.407	2	ARG	176	O1P	NH1	3.03	2.81	True	False	False
4EKL	2.0	X-ray	A	341	RAC-alpha serine/threonine-protein kinase	P31749	308	experimental	sifts	True	True	TPO	308		99	0.407	False	0.407	2	LYS	297	O3P	NZ	3.1	3.1	True	False	True
3L9M	1.9	X-ray	A	351	cAMP-dependent protein kinase catalytic subunit alpha	P17612	339	experimental	sifts	True	True	SEP	338		92	0.407	False	0.407	1	LYS	342	O2P	NZ	2.55	2.55	True	False	True
6AAH	1.83	X-ray	A	290	Tyrosine-protein kinase JAK1	P23458	1034	experimental	sifts	True	True	PTR	1034		136	0.407	False	0.407	1	LYS	1057	O3P	NZ	2.92	2.92	True	False	True
4D1S	1.66	X-ray	A	298	TYROSINE-PROTEIN KINASE JAK2	O60674	1008	by_similarity	author_numbering	True		PTR	1008		136	0.407	False	0.407	1	LYS	999	O3P	NZ	2.94	2.94	True	False	True
4E4L	2.0	X-ray	A	302	Tyrosine-protein kinase JAK1	P23458	1034	experimental	sifts	True	True	PTR	1034		136	0.407	False	0.407	0							True	False	True
4JIA	1.85	X-ray	A	300	Tyrosine-protein kinase JAK2	O60674	1008	by_similarity	sifts	True	True	PTR	1008		136	0.407	False	0.407	0							True	False	True
8BPW	1.8	X-ray	A	317	Tyrosine-protein kinase JAK2	O60674	1007	experimental	sifts	True	True	PTR	1007		137	0.41	False	0.41	2	LYS	1005	O3P	NZ	2.95	2.95	True	False	True
7Q7W	1.85	X-ray	A	316	Tyrosine-protein kinase JAK2	O60674	1007	experimental	author_numbering	True		PTR	1007		137	0.41	False	0.41	2	LYS	1005	O3P	NZ	3.22	3.22	True	False	True
8BPW	1.8	X-ray	A	317	Tyrosine-protein kinase JAK2	O60674	1007	experimental	sifts	True	True	PTR	1007		137	0.41	False	0.41	2	LYS	1030	O2P	NZ	3.28	3.28	True	False	True
7Q7W	1.85	X-ray	A	316	Tyrosine-protein kinase JAK2	O60674	1007	experimental	author_numbering	True		PTR	1007		137	0.41	False	0.41	2	LYS	1030	O1P	NZ	3.71	3.66	True	False	True
2XIK	1.97	X-ray	A	294	SERINE/THREONINE PROTEIN KINASE 25	O00506	174	experimental	author_numbering	True		TPO	174		100	0.412	False	0.412	2	ARG	139	O2P	NH2	2.5	2.5	True	False	True
2OIB	2.0	X-ray	D	301	Interleukin-1 receptor-associated kinase 4	Q9NWZ3	342	experimental	author_numbering	True		TPO	342		100	0.412	False	0.412	2	LYS	441	O1P	NZ	2.63	2.63	True	False	True
5LI1	2.0	X-ray	A	354	Protein kinase C iota type	P41743	412	by_similarity	sifts	True	True	TPO	412		100	0.412	False	0.086	2	ARG	377	O3P	NH2	2.71	2.71	True	False	True
2XIK	1.97	X-ray	A	294	SERINE/THREONINE PROTEIN KINASE 25	O00506	174	experimental	author_numbering	True		TPO	174		100	0.412	False	0.412	2	ARG	172	O1P	NH2	2.81	2.81	True	False	True
5LI1	2.0	X-ray	A	354	Protein kinase C iota type	P41743	412	by_similarity	sifts	True	True	TPO	412		100	0.412	False	0.086	2	LYS	401	O1P	NZ	3.22	3.22	True	False	True
2OIB	2.0	X-ray	D	301	Interleukin-1 receptor-associated kinase 4	Q9NWZ3	342	experimental	author_numbering	True		TPO	342		100	0.412	False	0.412	2	LYS	367	O2P	NZ	3.68	3.65	True	False	True
4WZP	1.9	X-ray	F	76	ubiquitin	P0CG47	217	not_annotated	sifts	True	True	SEP	65		93	0.412	False	0.19	0							True	False	True
4WZP	1.9	X-ray	H	76	ubiquitin	P0CG47	217	not_annotated	sifts	True	True	SEP	65		93	0.412	False	0.296	0							True	False	True
8BX9	1.4	X-ray	B	316	Tyrosine-protein kinase JAK2	O60674	1007	experimental	sifts	True	True	PTR	1007		138	0.413	False	0.413	2	LYS	1005	O3P	NZ	2.68	2.68	True	False	True
8BX6	1.5	X-ray	A	316	Tyrosine-protein kinase JAK2	O60674	1007	experimental	sifts	True	True	PTR	1007		138	0.413	False	0.413	2	LYS	1005	O1P	NZ	2.83	2.83	True	False	True
7LL5	1.5	X-ray	A	293	Tyrosine-protein kinase JAK2	O60674	1007	experimental	sifts	True	True	PTR	1007		138	0.413	False	0.413	2	LYS	1030	O3P	NZ	2.84	2.84	True	False	True
8BX6	1.5	X-ray	A	316	Tyrosine-protein kinase JAK2	O60674	1007	experimental	sifts	True	True	PTR	1007		138	0.413	False	0.413	2	LYS	1030	O2P	NZ	2.9	2.9	True	False	True
8BX9	1.4	X-ray	B	316	Tyrosine-protein kinase JAK2	O60674	1007	experimental	sifts	True	True	PTR	1007		138	0.413	False	0.413	2	LYS	1030	O2P	NZ	3.06	3.06	True	False	True
7LL5	1.5	X-ray	A	293	Tyrosine-protein kinase JAK2	O60674	1007	experimental	sifts	True	True	PTR	1007		138	0.413	False	0.413	2	LYS	1005	O2P	NZ	3.66	3.33	True	False	True
7LL4	1.31	X-ray	A	297	Tyrosine-protein kinase JAK2	O60674	1007	experimental	sifts	True	True	PTR	1007		138	0.413	False	0.413	1	LYS	1030	O2P	NZ	2.44	2.44	True	False	True
6N77	1.64	X-ray	B	302	Tyrosine-protein kinase JAK1	P23458	1034	experimental	sifts	True	True	PTR	1034		138	0.413	False	0.413	1	LYS	1057	O2P	NZ	2.81	2.81	True	False	True
29RX	1.8	X-ray	C	316	Tyrosine-protein kinase JAK2	O60674	1008	by_similarity	sifts	True	True	PTR	1008		138	0.413	False	0.413	1	LYS	999	O1P	NZ	2.82	2.82	True	False	True
29RX	1.8	X-ray	B	316	Tyrosine-protein kinase JAK2	O60674	1008	by_similarity	sifts	True	True	PTR	1008		138	0.413	False	0.413	1	LYS	999	O1P	NZ	2.93	2.93	True	False	True
9T1U	1.65	X-ray	A	316	Tyrosine-protein kinase JAK2	O60674	1007	experimental	sifts	True	True	PTR	1007		138	0.413	False	0.413	1	LYS	1030	O2P	NZ	3.13	3.13	True	False	True
6N7A	1.33	X-ray	B	304	Tyrosine-protein kinase JAK1	P23458	1034	experimental	sifts	True	True	PTR	1034		138	0.413	False	0.413	1	LYS	1057	O2P	NZ	3.16	3.16	True	False	True
3EYG	1.9	X-ray	A	290	Tyrosine-protein kinase	P23458	1034	experimental	sifts	True	True	PTR	1034		138	0.413	False	0.413	1	LYS	1057	O3P	NZ	3.41	3.41	True	False	True
4OTD	2.0	X-ray	A	341	Serine/threonine-protein kinase N1	Q16512	774	experimental	sifts	True	True	TPO	780		101	0.416	False	0.416	2	ARG	745	O2P	NH1	2.66	2.66	True	False	True
4OTD	2.0	X-ray	A	341	Serine/threonine-protein kinase N1	Q16512	774	experimental	sifts	True	True	TPO	780		101	0.416	False	0.416	2	LYS	769	O1P	NZ	2.82	2.82	True	False	True
5LMB	1.95	X-ray	B	277	Tyrosine-protein kinase SYK	P43405	525	experimental	author_numbering	True		PTR	525		139	0.416	False	0.416	1	LYS	548	O1P	NZ	2.6	2.6	True	False	True
7V0G	1.63	X-ray	E	350	cAMP-dependent protein kinase catalytic subunit alpha	P05132	339	by_similarity	sifts	True	True	SEP	338		94	0.416	False	0.416	1	LYS	342	O2P	NZ	2.93	2.93	False	False	False
9TM5	1.45	X-ray	A	316	Tyrosine-protein kinase JAK2	O60674	1008	by_similarity	sifts	True	True	PTR	1008		139	0.416	False	0.416	1	LYS	999	O1P	NZ	3.02	3.02	True	False	True
5LMA	1.43	X-ray	A	277	Tyrosine-protein kinase SYK	P43405	525	experimental	author_numbering	True		PTR	525		139	0.416	False	0.416	1	LYS	548	O2P	NZ	3.11	3.11	True	False	True
29RY	1.75	X-ray	A	316	Tyrosine-protein kinase JAK2	O60674	1008	by_similarity	sifts	True	True	PTR	1008		139	0.416	False	0.416	1	LYS	999	O1P	NZ	3.13	3.13	True	False	True
4E4N	1.9	X-ray	A	302	Tyrosine-protein kinase JAK1	P23458	1034	experimental	sifts	True	True	PTR	1034		139	0.416	False	0.416	0							True	False	True
4WZP	1.9	X-ray	B	76	ubiquitin	P0CG47	217	not_annotated	sifts	True	True	SEP	65		94	0.416	False	0.177	0							True	False	True
6GGH	1.7	X-ray	A	292	Tyrosine-protein kinase JAK1	P23458	1034	experimental	sifts	True	True	PTR	1034		139	0.416	False	0.416	0							True	False	True
6N7B	1.81	X-ray	A	302	Tyrosine-protein kinase JAK1	P23458	1034	experimental	sifts	True	True	PTR	1034		139	0.416	False	0.416	0							True	False	True
8P0D	1.31	X-ray	B	31	E3 ubiquitin-protein ligase Mdm2	Q00987	186	not_annotated	author_numbering	True		SEP	186		94	0.416	False	0.15	0							True	False	True
8BX9	1.4	X-ray	A	316	Tyrosine-protein kinase JAK2	O60674	1007	experimental	sifts	True	True	PTR	1007		140	0.419	False	0.419	2	LYS	1005	O3P	NZ	2.77	2.77	True	False	True
8BX9	1.4	X-ray	A	316	Tyrosine-protein kinase JAK2	O60674	1007	experimental	sifts	True	True	PTR	1007		140	0.419	False	0.419	2	LYS	1030	O1P	NZ	2.96	2.96	True	False	True
8BM2	1.5	X-ray	A	317	Tyrosine-protein kinase JAK2	O60674	1007	experimental	sifts	True	True	PTR	1007		140	0.419	False	0.419	2	LYS	1030	O2P	NZ	3.24	3.24	True	False	True
8BM2	1.5	X-ray	A	317	Tyrosine-protein kinase JAK2	O60674	1007	experimental	sifts	True	True	PTR	1007		140	0.419	False	0.419	2	LYS	1005	O1P	NZ	3.76	3.02	True	False	True
6N77	1.64	X-ray	B	302	Tyrosine-protein kinase JAK1	P23458	1035	experimental	sifts	True	True	PTR	1035		140	0.419	False	0.419	1	LYS	1026	O3P	NZ	2.81	2.81	True	False	True
6VNK	2.0	X-ray	B	308	Tyrosine-protein kinase JAK2	O60674	1007	experimental	sifts	True	True	PTR	1007		140	0.419	False	0.419	1	LYS	1030	O2P	NZ	2.88	2.88	True	False	True
8BX6	1.5	X-ray	A	316	Tyrosine-protein kinase JAK2	O60674	1008	by_similarity	sifts	True	True	PTR	1008		140	0.419	False	0.419	1	LYS	999	O3P	NZ	3.05	3.05	True	False	True
3E62	1.922	X-ray	A	293	Tyrosine-protein kinase JAK2	O60674	1007	experimental	sifts	True	True	PTR	1007		140	0.419	False	0.419	1	LYS	1030	O3P	NZ	3.47	3.47	True	False	True
4WZP	1.9	X-ray	D	76	ubiquitin	P0CG47	217	not_annotated	sifts	True	True	SEP	65		95	0.42	False	0.345	0							True	False	True
4WZP	1.9	X-ray	E	76	ubiquitin	P0CG47	217	not_annotated	sifts	True	True	SEP	65		95	0.42	False	0.186	0							True	False	True
5USY	2.0	X-ray	B	316	Tyrosine-protein kinase JAK2	O60674	1007	experimental	sifts	True	True	PTR	1007		141	0.422	False	0.422	2	LYS	1005	O2P	NZ	2.63	2.63	True	False	True
5USY	2.0	X-ray	B	316	Tyrosine-protein kinase JAK2	O60674	1007	experimental	sifts	True	True	PTR	1007		141	0.422	False	0.422	2	LYS	1030	O3P	NZ	2.81	2.81	True	False	True
9TM5	1.45	X-ray	A	316	Tyrosine-protein kinase JAK2	O60674	1007	experimental	sifts	True	True	PTR	1007		141	0.422	False	0.422	2	LYS	1030	O2P	NZ	3.24	3.24	True	False	True
9TM5	1.45	X-ray	A	316	Tyrosine-protein kinase JAK2	O60674	1007	experimental	sifts	True	True	PTR	1007		141	0.422	False	0.422	2	LYS	1005	O3P	NZ	3.32	3.32	True	False	True
8BXH	1.3	X-ray	A	316	Tyrosine-protein kinase JAK2	O60674	1008	by_similarity	sifts	True	True	PTR	1008		141	0.422	False	0.422	1	LYS	999	O3P	NZ	2.67	2.67	True	False	True
1QPD	2.0	X-ray	A	279	LCK KINASE	P06239	394	experimental	sifts	True	True	PTR	394		141	0.422	False	0.422	1	ARG	387	O2P	NE	2.91	2.91	True	False	True
8RRQ	1.6	X-ray	A	282	Tyrosine-protein kinase SYK	P43405	525	experimental	author_numbering	True		PTR	525		141	0.422	False	0.422	1	LYS	548	O1P	NZ	3.14	3.14	True	False	True
8BM2	1.5	X-ray	B	317	Tyrosine-protein kinase JAK2	O60674	1008	by_similarity	sifts	True	True	PTR	1008		141	0.422	False	0.422	1	LYS	999	O3P	NZ	3.36	3.36	True	False	True
4E4L	2.0	X-ray	D	302	Tyrosine-protein kinase JAK1	P23458	1034	experimental	sifts	True	True	PTR	1034		141	0.422	False	0.422	1	LYS	1057	O3P	NZ	3.44	3.44	True	False	True
5NP5	1.4	X-ray	A	61	Abelson tyrosine-protein kinase 2	P42684	161	by_similarity	sifts	True	True	PTR	115		141	0.422	False	0.422	0							True	False	True
6O94	1.98	X-ray	B	320	Interleukin-1 receptor-associated kinase 4	Q9NWZ3	342	experimental	author_numbering	True		TPO	342		103	0.424	False	0.424	2	LYS	441	O2P	NZ	2.8	2.8	True	False	True
6O94	1.98	X-ray	B	320	Interleukin-1 receptor-associated kinase 4	Q9NWZ3	342	experimental	author_numbering	True		TPO	342		103	0.424	False	0.424	2	LYS	367	O1P	NZ	2.81	2.81	True	False	True
8BPW	1.8	X-ray	B	317	Tyrosine-protein kinase JAK2	O60674	1007	experimental	sifts	True	True	PTR	1007		142	0.425	False	0.425	2	LYS	1005	O3P	NZ	2.69	2.69	True	False	True
3LPB	2.0	X-ray	B	295	Tyrosine-protein kinase JAK2	O60674	1007	experimental	sifts	True	True	PTR	1007		142	0.425	False	0.425	2	LYS	1030	O3P	NZ	2.77	2.77	True	False	True
6VS3	2.0	X-ray	B	308	Tyrosine-protein kinase JAK2	O60674	1007	experimental	sifts	True	True	PTR	1007		142	0.425	False	0.425	2	LYS	1030	O2P	NZ	2.96	2.96	True	False	True
8BPW	1.8	X-ray	B	317	Tyrosine-protein kinase JAK2	O60674	1007	experimental	sifts	True	True	PTR	1007		142	0.425	False	0.425	2	LYS	1030	O1P	NZ	2.98	2.98	True	False	True
4AQC	1.9	X-ray	B	301	TYROSINE-PROTEIN KINASE JAK2	O60674	1007	experimental	sifts	True	True	PTR	1007		142	0.425	False	0.425	2	LYS	1030	O3P	NZ	3.25	3.25	True	False	True
6VGL	1.9	X-ray	A	308	Tyrosine-protein kinase JAK2	O60674	1007	experimental	sifts	True	True	PTR	1007		142	0.425	False	0.425	2	LYS	1030	O1P	NZ	3.43	3.43	True	False	True
6VS3	2.0	X-ray	B	308	Tyrosine-protein kinase JAK2	O60674	1007	experimental	sifts	True	True	PTR	1007		142	0.425	False	0.425	2	LYS	1009	O2P	NZ	3.64	3.64	True	False	True
4AQC	1.9	X-ray	B	301	TYROSINE-PROTEIN KINASE JAK2	O60674	1007	experimental	sifts	True	True	PTR	1007		142	0.425	False	0.425	2	LYS	1009	O3P	NZ	3.68	3.68	True	False	True
6VGL	1.9	X-ray	A	308	Tyrosine-protein kinase JAK2	O60674	1007	experimental	sifts	True	True	PTR	1007		142	0.425	False	0.425	2	LYS	1009	O1P	NZ	3.76	3.76	True	False	True
3LPB	2.0	X-ray	B	295	Tyrosine-protein kinase JAK2	O60674	1007	experimental	sifts	True	True	PTR	1007		142	0.425	False	0.425	2	LYS	1009	O3P	NZ	3.83	3.83	True	False	True
3Q6W	1.75	X-ray	A	307	Hepatocyte growth factor receptor	P08581	1234	experimental	sifts	True	True	PTR	1234		142	0.425	False	0.425	1	LYS	1232	O2P	NZ	2.95	2.95	True	False	True
4Z84	1.554	X-ray	A	351	cAMP-dependent protein kinase catalytic subunit alpha	P00517	339	experimental	sifts	True	True	SEP	338		96	0.425	False	0.425	1	LYS	342	O2P	NZ	3.17	3.17	False	False	False
4E4L	2.0	X-ray	E	302	Tyrosine-protein kinase JAK1	P23458	1034	experimental	sifts	True	True	PTR	1034		142	0.425	False	0.425	0							True	False	True
8BM2	1.5	X-ray	B	317	Tyrosine-protein kinase JAK2	O60674	1007	experimental	sifts	True	True	PTR	1007		143	0.428	False	0.428	2	LYS	1005	O3P	NZ	2.73	2.73	True	False	True
8BM2	1.5	X-ray	B	317	Tyrosine-protein kinase JAK2	O60674	1007	experimental	sifts	True	True	PTR	1007		143	0.428	False	0.428	2	LYS	1030	O1P	NZ	2.97	2.97	True	False	True
8G8X	1.97	X-ray	A	318	Tyrosine-protein kinase JAK2	O60674	1007	experimental	author_numbering	True		PTR	1007		143	0.428	False	0.428	2	LYS	1030	O2P	NZ	3.41	3.41	True	False	True
8G8X	1.97	X-ray	A	318	Tyrosine-protein kinase JAK2	O60674	1007	experimental	author_numbering	True		PTR	1007		143	0.428	False	0.428	2	LYS	1009	O3P	NZ	3.92	3.92	True	False	True
8BPW	1.8	X-ray	A	317	Tyrosine-protein kinase JAK2	O60674	1008	by_similarity	sifts	True	True	PTR	1008		143	0.428	False	0.428	1	LYS	999	O2P	NZ	3.41	3.41	True	False	True
4IVD	1.93	X-ray	B	302	Tyrosine-protein kinase JAK1	P23458	1034	experimental	sifts	True	True	PTR	1034		143	0.428	False	0.428	1	LYS	1057	O3P	NZ	3.71	3.03	True	False	True
3LPB	2.0	X-ray	A	295	Tyrosine-protein kinase JAK2	O60674	1008	by_similarity	author_numbering	True		PTR	1008		143	0.428	False	0.428	1	LYS	999	O3P	NZ	3.72	3.53	True	False	True
4IVB	1.9	X-ray	A	302	Tyrosine-protein kinase JAK1	P23458	1034	experimental	sifts	True	True	PTR	1034		143	0.428	False	0.428	1	LYS	1057	O2P	NZ	3.91	2.72	True	False	True
4E4L	2.0	X-ray	B	302	Tyrosine-protein kinase JAK1	P23458	1034	experimental	sifts	True	True	PTR	1034		143	0.428	False	0.428	0							True	False	True
5M6V	1.418	X-ray	A	353	cAMP-dependent protein kinase catalytic subunit alpha	P25321	339	by_similarity	sifts	True	True	SEP	338		97	0.429	False	0.429	1	LYS	342	O1P	NZ	2.92	2.92	False	False	False
8BXC	1.9	X-ray	A	316	Tyrosine-protein kinase JAK2	O60674	1007	experimental	sifts	True	True	PTR	1007		144	0.431	False	0.431	2	LYS	1030	O2P	NZ	2.65	2.65	True	False	True
8BXC	1.9	X-ray	A	316	Tyrosine-protein kinase JAK2	O60674	1007	experimental	sifts	True	True	PTR	1007		144	0.431	False	0.431	2	LYS	1005	O3P	NZ	2.66	2.66	True	False	True
6N77	1.64	X-ray	A	302	Tyrosine-protein kinase JAK1	P23458	1035	experimental	sifts	True	True	PTR	1035		144	0.431	False	0.431	1	LYS	1026	O3P	NZ	2.78	2.78	True	False	True
6N7A	1.33	X-ray	A	304	Tyrosine-protein kinase JAK1	P23458	1035	experimental	sifts	True	True	PTR	1035		144	0.431	False	0.431	1	LYS	1026	O3P	NZ	2.83	2.83	True	False	True
6RSC	1.85	X-ray	A	302	Tyrosine-protein kinase JAK1	P23458	1034	experimental	sifts	True	True	PTR	1034		144	0.431	False	0.431	1	LYS	1057	O1P	NZ	3.19	3.19	True	False	True
6RSB	1.8	X-ray	B	302	Tyrosine-protein kinase JAK1	P23458	1034	experimental	sifts	True	True	PTR	1034		144	0.431	False	0.431	0							True	False	True
6X8E	1.75	X-ray	B	298	Tyrosine-protein kinase JAK2	O60674	1007	experimental	sifts	True	True	PTR	1007		145	0.434	False	0.434	2	LYS	1030	O2P	NZ	2.79	2.79	True	False	True
4IVA	1.5	X-ray	A	300	Tyrosine-protein kinase JAK2	O60674	1007	experimental	sifts	True	True	PTR	1007		145	0.434	False	0.434	2	LYS	1005	O2P	NZ	2.84	2.84	True	False	True
4IVA	1.5	X-ray	A	300	Tyrosine-protein kinase JAK2	O60674	1007	experimental	sifts	True	True	PTR	1007		145	0.434	False	0.434	2	LYS	1030	O1P	NZ	2.92	2.92	True	False	True
6X8E	1.75	X-ray	B	298	Tyrosine-protein kinase JAK2	O60674	1007	experimental	sifts	True	True	PTR	1007		145	0.434	False	0.434	2	LYS	1009	O3P	NZ	3.01	3.01	True	False	True
5LMB	1.95	X-ray	A	277	Tyrosine-protein kinase SYK	P43405	525	experimental	author_numbering	True		PTR	525		145	0.434	False	0.434	1	LYS	548	O1P	NZ	2.62	2.62	True	False	True
6SM8	1.85	X-ray	B	301	Tyrosine-protein kinase JAK1	P23458	1034	experimental	sifts	True	True	PTR	1034		145	0.434	False	0.434	1	LYS	1057	O3P	NZ	2.87	2.87	True	False	True
4D1S	1.66	X-ray	A	298	TYROSINE-PROTEIN KINASE JAK2	O60674	1007	experimental	author_numbering	True		PTR	1007		145	0.434	False	0.434	1	LYS	1030	O3P	NZ	3.33	3.33	True	False	True
4E5W	1.86	X-ray	B	302	Tyrosine-protein kinase JAK1	P23458	1034	experimental	author_numbering	True		PTR	1034		145	0.434	False	0.434	1	LYS	1057	O3P	NZ	3.39	3.39	True	False	True
8FP1	1.85	X-ray	A	353	Protein kinase C eta type	P24723	513	by_similarity	author_numbering	True		TPO	513		106	0.436	False	0.436	2	ARG	478	O1P	NH1	2.76	2.76	True	False	True
8FP1	1.85	X-ray	A	353	Protein kinase C eta type	P24723	513	by_similarity	author_numbering	True		TPO	513		106	0.436	False	0.436	2	LYS	502	O2P	NZ	2.87	2.87	True	False	True
4QML	1.882	X-ray	A	310	Serine/threonine-protein kinase 24	Q9Y6E0		unmapped	unmapped	False		TPO	178		106	0.436	False	0.436	2	ARG	143	O2P	NH1	2.93	2.93	True	False	False
4QML	1.882	X-ray	A	310	Serine/threonine-protein kinase 24	Q9Y6E0		unmapped	unmapped	False		TPO	178		106	0.436	False	0.436	2	ARG	176	O1P	NH1	3.21	2.98	True	False	False
4JS8	1.94	X-ray	A	281	Dual specificity protein kinase TTK	P33981	686	not_annotated	sifts	True	True	TPO	686		106	0.436	False	0.436	0							True	False	True
10PJ	1.59	X-ray	B	316	Tyrosine-protein kinase JAK2	O60674	1007	experimental	sifts	True	True	PTR	1007		146	0.437	False	0.437	2	LYS	1030	O1P	NZ	3.08	3.08	True	False	True
10PJ	1.59	X-ray	B	316	Tyrosine-protein kinase JAK2	O60674	1007	experimental	sifts	True	True	PTR	1007		146	0.437	False	0.437	2	LYS	1005	O2P	NZ	3.74	2.93	True	False	True
4YJR	1.32	X-ray	A	281	Tyrosine-protein kinase SYK	P43405	526	experimental	author_numbering	True		PTR	526		146	0.437	False	0.437	1	LYS	517	O3P	NZ	2.67	2.67	True	False	True
8BPW	1.8	X-ray	B	317	Tyrosine-protein kinase JAK2	O60674	1008	by_similarity	sifts	True	True	PTR	1008		146	0.437	False	0.437	1	LYS	999	O1P	NZ	2.96	2.96	True	False	True
6N7C	1.69	X-ray	B	302	Tyrosine-protein kinase JAK1	P23458	1034	experimental	sifts	True	True	PTR	1034		146	0.437	False	0.437	1	LYS	1057	O2P	NZ	3.09	3.09	True	False	True
8S85	1.75	X-ray	A	302	Tyrosine-protein kinase JAK1	P23458	1034	experimental	sifts	True	True	PTR	1034		146	0.437	False	0.437	1	LYS	1057	O2P	NZ	3.91	3.34	True	False	True
3A8X	2.0	X-ray	A	345	Protein kinase C iota type	P41743	412	by_similarity	sifts	True	True	TPO	403		107	0.44	False	0.44	2	ARG	368	O2P	NH1	2.69	2.69	True	False	True
3A7G	2.0	X-ray	B	303	Serine/threonine kinase 24 (STE20 homolog, yeast)	Q9Y6E0		unmapped	unmapped	False		TPO	178		107	0.44	False	0.44	2	ARG	143	O2P	NH1	2.94	2.94	True	False	False
3A7G	2.0	X-ray	B	303	Serine/threonine kinase 24 (STE20 homolog, yeast)	Q9Y6E0		unmapped	unmapped	False		TPO	178		107	0.44	False	0.44	2	ARG	176	O2P	NH1	3.36	2.99	True	False	False
3A8X	2.0	X-ray	A	345	Protein kinase C iota type	P41743	412	by_similarity	sifts	True	True	TPO	403		107	0.44	False	0.44	2	LYS	392	O3P	NZ	3.62	3.62	True	False	True
29RX	1.8	X-ray	A	316	Tyrosine-protein kinase JAK2	O60674	1007	experimental	sifts	True	True	PTR	1007		147	0.44	False	0.44	1	LYS	1030	O2P	NZ	2.65	2.65	True	False	True
5IZJ	1.85	X-ray	A	351	cAMP-dependent protein kinase catalytic subunit alpha	P17612	198	experimental	sifts	True	True	TPO	197		107	0.44	False	0.44	1	ARG	165	O2P	NH1	2.76	2.76	True	False	True
7C3N	1.98	X-ray	A	315	Tyrosine-protein kinase JAK3	P52333	981	experimental	author_numbering	True		PTR	981		147	0.44	False	0.44	1	LYS	972	O1P	NZ	3.49	3.49	True	False	True
5F9E	2.0	X-ray	B	353	Protein kinase C theta type	Q04759	695	experimental	author_numbering	True		SEP	695		100	0.442	False	0.442	0							True	False	True
29RX	1.8	X-ray	B	316	Tyrosine-protein kinase JAK2	O60674	1007	experimental	sifts	True	True	PTR	1007		148	0.443	False	0.443	2	LYS	1005	O3P	NZ	2.83	2.83	True	False	True
29RX	1.8	X-ray	B	316	Tyrosine-protein kinase JAK2	O60674	1007	experimental	sifts	True	True	PTR	1007		148	0.443	False	0.443	2	LYS	1030	O2P	NZ	2.83	2.83	True	False	True
4YJV	1.652	X-ray	A	281	Tyrosine-protein kinase SYK	P43405	526	experimental	author_numbering	True		PTR	526		148	0.443	False	0.443	1	LYS	517	O3P	NZ	2.68	2.68	True	False	True
4YJU	1.67	X-ray	A	281	Tyrosine-protein kinase SYK	P43405	526	experimental	author_numbering	True		PTR	526		148	0.443	False	0.443	1	LYS	517	O3P	NZ	2.77	2.77	True	False	True
6RSE	1.8	X-ray	B	302	Tyrosine-protein kinase JAK1	P23458	1034	experimental	sifts	True	True	PTR	1034		148	0.443	False	0.443	0							True	False	True
3FXZ	1.64	X-ray	A	297	Serine/threonine-protein kinase PAK 1	Q13153	423	experimental	sifts	True	True	TPO	423		108	0.444	False	0.444	2	ARG	388	O2P	NH1	2.91	2.91	True	False	True
3FXZ	1.64	X-ray	A	297	Serine/threonine-protein kinase PAK 1	Q13153	423	experimental	sifts	True	True	TPO	423		108	0.444	False	0.444	2	ARG	421	O2P	NH1	2.92	2.92	True	False	True
6RSC	1.85	X-ray	B	302	Tyrosine-protein kinase JAK1	P23458	1034	experimental	sifts	True	True	PTR	1034		149	0.446	False	0.446	0							True	False	True
8G8X	1.97	X-ray	B	318	Tyrosine-protein kinase JAK2	O60674	1007	experimental	author_numbering	True		PTR	1007		149	0.446	False	0.446	0							True	False	True
6XKB	1.6	X-ray	G	20	S2,S5p-CTD peptide	P24928		unmapped	unmapped	False		SEP	5		101	0.447	False	0.314	0							True	True	False
6XKB	1.6	X-ray	K	20	S2,S5p-CTD peptide	P24928	1791	not_annotated	sifts	True	True	SEP	5		101	0.447	False	0.212	0							True	True	False
8X5Z	1.8	X-ray	A	297	Serine/threonine-protein kinase PAK 1	Q13153	423	experimental	sifts	True	True	TPO	423		109	0.449	False	0.449	2	ARG	388	O3P	NH1	2.87	2.87	True	False	True
4DAW	2.0	X-ray	A	297	Serine/threonine-protein kinase PAK 1	Q13153	423	experimental	sifts	True	True	TPO	423		109	0.449	False	0.449	2	ARG	388	O2P	NH1	2.9	2.9	True	False	True
8X5Z	1.8	X-ray	A	297	Serine/threonine-protein kinase PAK 1	Q13153	423	experimental	sifts	True	True	TPO	423		109	0.449	False	0.449	2	ARG	421	O3P	NE	3.09	3.09	True	False	True
4DAW	2.0	X-ray	A	297	Serine/threonine-protein kinase PAK 1	Q13153	423	experimental	sifts	True	True	TPO	423		109	0.449	False	0.449	2	ARG	421	O1P	NH1	3.27	3.16	True	False	True
29RX	1.8	X-ray	C	316	Tyrosine-protein kinase JAK2	O60674	1007	experimental	sifts	True	True	PTR	1007		150	0.449	False	0.449	1	LYS	1030	O2P	NZ	2.49	2.49	True	False	True
5IZJ	1.85	X-ray	B	351	cAMP-dependent protein kinase catalytic subunit alpha	P17612	198	experimental	sifts	True	True	TPO	197		109	0.449	False	0.449	1	ARG	165	O2P	NH1	2.72	2.72	True	False	True
3EYH	2.0	X-ray	A	290	Tyrosine-protein kinase	P23458	1034	experimental	sifts	True	True	PTR	1034		150	0.449	False	0.449	1	LYS	1057	O3P	NZ	2.76	2.76	True	False	True
5C26	1.95	X-ray	A	299	Tyrosine-protein kinase SYK	P43405	525	experimental	sifts	True	True	PTR	525		150	0.449	False	0.449	1	LYS	548	O3P	NZ	3.0	3.0	True	False	True
5F9E	2.0	X-ray	A	353	Protein kinase C theta type	Q04759	676	experimental	sifts	True	True	SEP	676		102	0.451	False	0.093	2	LYS	393	O2P	NZ	3.06	3.06	True	False	True
5F9E	2.0	X-ray	A	353	Protein kinase C theta type	Q04759	676	experimental	sifts	True	True	SEP	676		102	0.451	False	0.093	2	ARG	674	O3P	NH2	3.16	3.16	True	False	True
29RY	1.75	X-ray	A	316	Tyrosine-protein kinase JAK2	O60674	1007	experimental	sifts	True	True	PTR	1007		151	0.452	False	0.452	2	LYS	1030	O2P	NZ	3.36	3.35	True	False	True
29RY	1.75	X-ray	A	316	Tyrosine-protein kinase JAK2	O60674	1007	experimental	sifts	True	True	PTR	1007		151	0.452	False	0.452	2	LYS	1005	O3P	NZ	3.39	3.17	True	False	True
4IVD	1.93	X-ray	A	302	Tyrosine-protein kinase JAK1	P23458	1034	experimental	sifts	True	True	PTR	1034		151	0.452	False	0.452	1	LYS	1057	O3P	NZ	2.86	2.86	True	False	True
6RSB	1.8	X-ray	A	302	Tyrosine-protein kinase JAK1	P23458	1034	experimental	sifts	True	True	PTR	1034		151	0.452	False	0.452	1	LYS	1057	O3P	NZ	3.25	3.25	True	False	True
5WO4	1.84	X-ray	B	302	Tyrosine-protein kinase JAK1	P23458	1034	experimental	sifts	True	True	PTR	1034		151	0.452	False	0.452	1	LYS	1057	O3P	NZ	3.62	3.62	True	False	True
6VNK	2.0	X-ray	A	308	Tyrosine-protein kinase JAK2	O60674	1007	experimental	sifts	True	True	PTR	1007		151	0.452	False	0.189	1	LYS	1030	O2P	NZ	3.66	3.51	True	False	True
5NP2	1.6	X-ray	A	61	Tyrosine-protein kinase ABL1	P00519	115	experimental	sifts	True	True	PTR	115		151	0.452	False	0.452	0							True	False	True
6RSH	1.71	X-ray	B	302	Tyrosine-protein kinase JAK1	P23458	1034	experimental	sifts	True	True	PTR	1034		151	0.452	False	0.452	0							True	False	True
3Q52	1.801	X-ray	A	306	Serine/threonine-protein kinase PAK 1	Q13153	423	experimental	author_numbering	True		TPO	423		110	0.453	False	0.453	2	ARG	388	O1P	NH1	3.05	3.05	True	False	True
3Q52	1.801	X-ray	A	306	Serine/threonine-protein kinase PAK 1	Q13153	423	experimental	author_numbering	True		TPO	423		110	0.453	False	0.453	2	ARG	421	O1P	NH1	3.35	2.93	True	False	True
6HM7	1.64	X-ray	A	276	Tyrosine-protein kinase SYK	P43405	525	experimental	author_numbering	True		PTR	525		152	0.455	False	0.455	2	LYS	548	O3P	NZ	2.76	2.76	True	False	True
6HM7	1.64	X-ray	A	276	Tyrosine-protein kinase SYK	P43405	525	experimental	author_numbering	True		PTR	525		152	0.455	False	0.455	2	LYS	527	O3P	NZ	3.78	3.78	True	False	True
5NP5	1.4	X-ray	B	61	Abelson tyrosine-protein kinase 2	P42684	161	by_similarity	sifts	True	True	PTR	115		152	0.455	False	0.455	0							True	False	True
3QC4	1.8	X-ray	B	314	3-phosphoinositide-dependent protein kinase 1	O15530	241	experimental	sifts	True	True	SEP	241		103	0.456	False	0.456	2	ARG	204	O2P	NH1	2.84	2.84	True	False	True
3QC4	1.8	X-ray	B	314	3-phosphoinositide-dependent protein kinase 1	O15530	241	experimental	sifts	True	True	SEP	241		103	0.456	False	0.456	2	LYS	228	O2P	NZ	2.89	2.89	True	False	True
5Y86	1.9	X-ray	A	588	Dual specificity tyrosine-phosphorylation-regulated kinase 3	O43781	350	experimental	author_numbering	True		SEP	350		103	0.456	False	0.456	1	LYS	344	O2P	NZ	2.71	2.71	True	False	True
6XKB	1.6	X-ray	I	20	S2,S5p-CTD peptide	P24928	1791	not_annotated	sifts	True	True	SEP	5		103	0.456	False	0.252	0							True	True	False
9WS2	1.9	X-ray	A	300	PAK-2p34	Q13177	402	by_similarity	sifts	True	True	TPO	402		111	0.457	False	0.457	2	ARG	367	O1P	NH1	3.03	3.03	True	False	True
9WS2	1.9	X-ray	A	300	PAK-2p34	Q13177	402	by_similarity	sifts	True	True	TPO	402		111	0.457	False	0.457	2	ARG	400	O3P	NE	3.14	3.14	True	False	True
3A8X	2.0	X-ray	B	345	Protein kinase C iota type	P41743	412	by_similarity	sifts	True	True	TPO	403		111	0.457	False	0.457	1	ARG	368	O3P	NH2	2.99	2.99	True	False	True
7KPM	1.608	X-ray	A	279	Ephrin type-B receptor 1	P54762	647	not_annotated	sifts	True	True	PTR	647		153	0.458	False	0.458	2	ARG	637	O1P	NH2	2.89	2.89	True	False	True
7KPM	1.608	X-ray	A	279	Ephrin type-B receptor 1	P54762	647	not_annotated	sifts	True	True	PTR	647		153	0.458	False	0.458	2	LYS	635	O2P	NZ	3.26	3.26	True	False	True
6XKB	1.6	X-ray	F	20	S2,S5p-CTD peptide	P24928		unmapped	unmapped	False		SEP	5		104	0.46	False	0.31	0							True	True	False
6XKB	1.6	X-ray	J	20	S2,S5p-CTD peptide	P24928		unmapped	unmapped	False		SEP	5		104	0.46	False	0.296	0							True	True	False
9WS3	1.85	X-ray	A	300	PAK-2p34	Q13177	402	by_similarity	sifts	True	True	TPO	402		112	0.461	False	0.461	2	ARG	367	O1P	NH1	2.78	2.78	True	False	True
5CI7	1.74	X-ray	A	287	Serine/threonine-protein kinase ULK1	O75385	180	not_annotated	author_numbering	True		TPO	180		112	0.461	False	0.461	2	ARG	170	O1P	NH2	2.82	2.82	True	False	True
5CI7	1.74	X-ray	A	287	Serine/threonine-protein kinase ULK1	O75385	180	not_annotated	author_numbering	True		TPO	180		112	0.461	False	0.461	2	ARG	137	O1P	NH1	2.84	2.84	True	False	True
9WS3	1.85	X-ray	A	300	PAK-2p34	Q13177	402	by_similarity	sifts	True	True	TPO	402		112	0.461	False	0.461	2	ARG	400	O1P	NH1	3.07	3.07	True	False	True
7P7F	1.96	X-ray	D	296	Casein kinase I isoform delta	P48730	220	not_annotated	sifts	True	True	TPO	220		112	0.461	False	0.461	1	ARG	222	O3P	NE	2.7	2.7	True	False	True
5WO4	1.84	X-ray	A	302	Tyrosine-protein kinase JAK1	P23458	1034	experimental	sifts	True	True	PTR	1034		154	0.461	False	0.461	1	LYS	1057	O3P	NZ	3.62	3.54	True	False	True
6GGH	1.7	X-ray	B	292	Tyrosine-protein kinase JAK1	P23458	1034	experimental	sifts	True	True	PTR	1034		154	0.461	False	0.461	0							True	False	True
8A66	1.901	X-ray	B	298	Serine/threonine-protein kinase 3 36kDa subunit	Q13188		unmapped	unmapped	False		TPO	371		112	0.461	False	0.461	0							True	False	False
7AKL	2.0	X-ray	A	359	Dual specificity tyrosine-phosphorylation-regulated kinase 1A	Q13627	321	experimental	sifts	True	True	PTR	321		155	0.464	False	0.464	2	ARG	328	O2P	NH2	2.64	2.64	True	False	True
7A4Z	1.9	X-ray	A	359	Dual specificity tyrosine-phosphorylation-regulated kinase 1A	Q13627	321	experimental	sifts	True	True	PTR	321		155	0.464	False	0.464	2	ARG	328	O2P	NH2	2.75	2.75	True	False	True
7AKL	2.0	X-ray	A	359	Dual specificity tyrosine-phosphorylation-regulated kinase 1A	Q13627	321	experimental	sifts	True	True	PTR	321		155	0.464	False	0.464	2	ARG	325	O3P	NE	2.8	2.8	True	False	True
7A4Z	1.9	X-ray	A	359	Dual specificity tyrosine-phosphorylation-regulated kinase 1A	Q13627	321	experimental	sifts	True	True	PTR	321		155	0.464	False	0.464	2	ARG	325	O1P	NH2	2.82	2.82	True	False	True
6UMW	1.982	X-ray	A	301	Ephrin type-B receptor 1	P54762	647	not_annotated	author_numbering	True		PTR	647		155	0.464	False	0.464	2	ARG	637	O1P	NH2	2.86	2.86	True	False	True
6UMW	1.982	X-ray	A	301	Ephrin type-B receptor 1	P54762	647	not_annotated	author_numbering	True		PTR	647		155	0.464	False	0.464	2	LYS	635	O2P	NZ	3.26	3.26	True	False	True
1IR3	1.9	X-ray	A	306	INSULIN RECEPTOR	P06213	1189	experimental	sifts	True	True	PTR	1162		155	0.464	False	0.464	1	ARG	1164	O3P	NH2	2.67	2.67	True	False	True
3A7H	1.96	X-ray	B	303	Serine/threonine kinase 24 (STE20 homolog, yeast)	Q9Y6E0		unmapped	unmapped	False		TPO	178		113	0.465	False	0.465	2	ARG	143	O1P	NH1	2.64	2.64	True	False	False
8P5L	1.836	X-ray	A	284	Serine/threonine-protein kinase ULK1	O75385	180	not_annotated	author_numbering	True		TPO	180		113	0.465	False	0.136	2	ARG	137	O2P	NH1	2.81	2.81	True	False	True
3A7H	1.96	X-ray	B	303	Serine/threonine kinase 24 (STE20 homolog, yeast)	Q9Y6E0		unmapped	unmapped	False		TPO	178		113	0.465	False	0.465	2	ARG	176	O2P	NH2	2.86	2.86	True	False	False
8P5L	1.836	X-ray	A	284	Serine/threonine-protein kinase ULK1	O75385	180	not_annotated	author_numbering	True		TPO	180		113	0.465	False	0.136	2	ARG	170	O2P	NH2	2.94	2.94	True	False	True
5M75	1.538	X-ray	A	353	cAMP-dependent protein kinase catalytic subunit alpha	P25321	339	by_similarity	sifts	True	True	SEP	338		105	0.465	False	0.465	1	LYS	342	O1P	NZ	3.09	3.09	False	False	False
7AJ4	2.0	X-ray	A	359	Dual specificity tyrosine-phosphorylation-regulated kinase 1A	Q13627	321	experimental	author_numbering	True		PTR	321		156	0.467	False	0.467	2	ARG	325	O3P	NE	2.71	2.71	True	False	True
7AJ4	2.0	X-ray	A	359	Dual specificity tyrosine-phosphorylation-regulated kinase 1A	Q13627	321	experimental	author_numbering	True		PTR	321		156	0.467	False	0.467	2	ARG	328	O2P	NH2	2.74	2.74	True	False	True
10PJ	1.59	X-ray	A	316	Tyrosine-protein kinase JAK2	O60674	1007	experimental	sifts	True	True	PTR	1007		156	0.467	False	0.467	1	LYS	1030	O1P	NZ	3.0	3.0	True	False	True
8RRZ	1.75	X-ray	A	282	Tyrosine-protein kinase SYK	P43405	525	experimental	author_numbering	True		PTR	525		156	0.467	False	0.467	1	LYS	548	O1P	NZ	3.08	2.71	True	False	True
4WNP	1.88	X-ray	A	287	Serine/threonine-protein kinase ULK1	O75385	180	not_annotated	author_numbering	True		TPO	180		114	0.469	False	0.469	2	ARG	170	O3P	NH2	2.76	2.76	True	False	True
4WNP	1.88	X-ray	A	287	Serine/threonine-protein kinase ULK1	O75385	180	not_annotated	author_numbering	True		TPO	180		114	0.469	False	0.469	2	ARG	137	O3P	NH1	2.8	2.8	True	False	True
8IKM	1.92	X-ray	C	146	E3 ubiquitin-protein ligase parkin	O60260	65	experimental	sifts	True	True	SEP	65		106	0.469	False	0.022	0							True	False	True
7AJ5	2.0	X-ray	A	359	Dual specificity tyrosine-phosphorylation-regulated kinase 1A	Q13627	321	experimental	author_numbering	True		PTR	321		157	0.47	False	0.47	2	ARG	325	O3P	NE	2.59	2.59	True	False	True
7AJ8	2.0	X-ray	A	359	Dual specificity tyrosine-phosphorylation-regulated kinase 1A	Q13627	321	experimental	sifts	True	True	PTR	321		157	0.47	False	0.47	2	ARG	325	O3P	NE	2.64	2.64	True	False	True
7AJ8	2.0	X-ray	A	359	Dual specificity tyrosine-phosphorylation-regulated kinase 1A	Q13627	321	experimental	sifts	True	True	PTR	321		157	0.47	False	0.47	2	ARG	328	O2P	NH2	2.75	2.75	True	False	True
7AJ5	2.0	X-ray	A	359	Dual specificity tyrosine-phosphorylation-regulated kinase 1A	Q13627	321	experimental	author_numbering	True		PTR	321		157	0.47	False	0.47	2	ARG	328	O2P	NH2	2.77	2.77	True	False	True
5V62	1.9	X-ray	A	351	Mitogen-activated protein kinase 1	P28482	187	experimental	sifts	True	True	PTR	187		158	0.473	False	0.473	2	ARG	194	O3P	NH1	2.78	2.78	True	False	True
8P5L	1.836	X-ray	B	284	Serine/threonine-protein kinase ULK1	O75385	180	not_annotated	author_numbering	True		TPO	180		115	0.473	False	0.148	2	ARG	137	O1P	NH1	2.8	2.8	True	False	True
8P5L	1.836	X-ray	B	284	Serine/threonine-protein kinase ULK1	O75385	180	not_annotated	author_numbering	True		TPO	180		115	0.473	False	0.148	2	ARG	170	O1P	NH2	2.85	2.85	True	False	True
5V62	1.9	X-ray	A	351	Mitogen-activated protein kinase 1	P28482	187	experimental	sifts	True	True	PTR	187		158	0.473	False	0.473	2	ARG	191	O2P	NH2	2.89	2.89	True	False	True
3SRV	1.95	X-ray	A	277	Tyrosine-protein kinase SYK	P43405	525	experimental	author_numbering	True		PTR	525		158	0.473	False	0.473	1	LYS	548	O2P	NZ	3.32	3.16	True	False	True
2VAG	1.8	X-ray	A	339	DUAL SPECIFICITY PROTEIN KINASE CLK1	P49759	341	not_annotated	sifts	True	True	SEP	341		107	0.473	False	0.473	1	ARG	343	O2P	NH1	3.4	3.11	True	False	True
4E5W	1.86	X-ray	A	302	Tyrosine-protein kinase JAK1	P23458	1034	experimental	sifts	True	True	PTR	1034		158	0.473	False	0.473	1	LYS	1057	O3P	NZ	3.41	3.41	True	False	True
7NZY	1.85	X-ray	B	314	Casein kinase I isoform delta	P48730	220	not_annotated	sifts	True	True	TPO	220		115	0.473	False	0.473	1	ARG	222	O1P	NH1	3.55	3.06	True	False	True
6RSD	1.76	X-ray	B	302	Tyrosine-protein kinase JAK1	P23458	1034	experimental	sifts	True	True	PTR	1034		158	0.473	False	0.473	1	LYS	1057	O3P	NZ	4.0	3.51	True	False	True
7P7F	1.96	X-ray	A	296	Casein kinase I isoform delta	P48730	220	not_annotated	sifts	True	True	TPO	220		115	0.473	False	0.473	0							True	False	True
3BU3	1.65	X-ray	A	306	insulin receptor subunit beta	P06213	1189	experimental	sifts	True	True	PTR	1162		159	0.476	False	0.476	1	ARG	1164	O3P	NH2	2.72	2.72	True	False	True
6N7A	1.33	X-ray	A	304	Tyrosine-protein kinase JAK1	P23458	1034	experimental	sifts	True	True	PTR	1034		159	0.476	False	0.476	0							True	False	True
8R4V	1.9	X-ray	B	328	Serine/threonine-protein kinase SIK3	Q9Y2K2	221	experimental	author_numbering	True		TPO	221		116	0.477	False	0.477	1	ARG	187	O1P	NH2	2.77	2.77	True	False	True
7NDY	1.44	X-ray	B	89	Barrier-to-autointegration factor, N-terminally processed	O75531	3	experimental	sifts	True	True	TPO	3		116	0.477	False	0.477	1	LYS	72	O3P	NZ	2.84	2.84	True	False	True
7B1F	1.75	X-ray	D	26	Mitotic checkpoint serine/threonine-protein kinase BUB1	O43683	461	not_annotated	author_numbering	True		TPO	461		116	0.477	False	0.321	0							True	True	False
8T2H	1.85	X-ray	A	365	Dual specificity tyrosine-phosphorylation-regulated kinase 1A	Q13627	321	experimental	author_numbering	True		PTR	321		160	0.479	False	0.069	2	ARG	325	O1P	NH2	2.56	2.56	True	False	True
8T2H	1.85	X-ray	A	365	Dual specificity tyrosine-phosphorylation-regulated kinase 1A	Q13627	321	experimental	author_numbering	True		PTR	321		160	0.479	False	0.069	2	ARG	328	O2P	NH2	2.79	2.79	True	False	True
6N77	1.64	X-ray	A	302	Tyrosine-protein kinase JAK1	P23458	1034	experimental	sifts	True	True	PTR	1034		160	0.479	False	0.479	0							True	False	True
8P5I	1.829	X-ray	A	284	Serine/threonine-protein kinase ULK1	O75385	180	not_annotated	author_numbering	True		TPO	180		117	0.481	False	0.148	2	ARG	137	O2P	NH1	2.8	2.8	True	False	True
8P5I	1.829	X-ray	A	284	Serine/threonine-protein kinase ULK1	O75385	180	not_annotated	author_numbering	True		TPO	180		117	0.481	False	0.148	2	ARG	170	O2P	NH2	2.86	2.86	True	False	True
3BU6	1.95	X-ray	A	306	insulin receptor subunit beta	P06213	1189	experimental	sifts	True	True	PTR	1162		161	0.482	False	0.482	1	ARG	1164	O3P	NH2	3.07	3.07	True	False	True
5IL2	1.606	X-ray	B	300	METTL14	Q9HCE5	399	experimental	author_numbering	True		SEP	399		109	0.482	False	0.412	1	ARG	298	O3P	NE	3.48	3.48	True	False	True
6ZQS	1.95	X-ray	A	362	Mitogen-activated protein kinase 14	Q16539	182	experimental	author_numbering	True		PTR	182		162	0.485	False	0.413	2	ARG	189	O1P	NH2	2.85	2.85	True	False	True
6ZQS	1.95	X-ray	A	362	Mitogen-activated protein kinase 14	Q16539	182	experimental	author_numbering	True		PTR	182		162	0.485	False	0.413	2	ARG	186	O3P	NH1	3.15	3.15	True	False	True
6ELR	1.8	X-ray	A	301	Tyrosine-Protein Kinase JAK1	P23458	1034	experimental	sifts	True	True	PTR	1034		162	0.485	False	0.485	1	LYS	1057	O3P	NZ	3.5	3.46	True	False	True
4WNO	1.56	X-ray	A	287	Serine/threonine-protein kinase ULK1	O75385	180	not_annotated	author_numbering	True		TPO	180		118	0.486	False	0.486	2	ARG	137	O1P	NH1	2.76	2.76	True	False	True
8P5H	1.941	X-ray	A	284	Serine/threonine-protein kinase ULK1	O75385	180	not_annotated	author_numbering	True		TPO	180		118	0.486	False	0.486	2	ARG	137	O2P	NH1	2.83	2.83	True	False	True
4WNO	1.56	X-ray	A	287	Serine/threonine-protein kinase ULK1	O75385	180	not_annotated	author_numbering	True		TPO	180		118	0.486	False	0.486	2	ARG	170	O1P	NH2	2.88	2.88	True	False	True
8P5H	1.941	X-ray	A	284	Serine/threonine-protein kinase ULK1	O75385	180	not_annotated	author_numbering	True		TPO	180		118	0.486	False	0.486	2	ARG	170	O2P	NH2	2.93	2.93	True	False	True
3D9N	1.6	X-ray	Z	14	CTD-PEPTIDE	P24928		unmapped	unmapped	False		SEP	2		110	0.487	False	0.296	0							True	True	False
8P5I	1.829	X-ray	B	284	Serine/threonine-protein kinase ULK1	O75385	180	not_annotated	author_numbering	True		TPO	180		119	0.49	False	0.148	2	ARG	137	O1P	NH1	2.83	2.83	True	False	True
8P5I	1.829	X-ray	B	284	Serine/threonine-protein kinase ULK1	O75385	180	not_annotated	author_numbering	True		TPO	180		119	0.49	False	0.148	2	ARG	170	O1P	NH2	2.85	2.85	True	False	True
8P5H	1.941	X-ray	B	284	Serine/threonine-protein kinase ULK1	O75385	180	not_annotated	author_numbering	True		TPO	180		119	0.49	False	0.49	2	ARG	137	O2P	NH1	2.86	2.86	True	False	True
8P5H	1.941	X-ray	B	284	Serine/threonine-protein kinase ULK1	O75385	180	not_annotated	author_numbering	True		TPO	180		119	0.49	False	0.49	2	ARG	170	O2P	NH2	2.91	2.91	True	False	True
6AAH	1.83	X-ray	B	290	Tyrosine-protein kinase JAK1	P23458	1034	experimental	sifts	True	True	PTR	1034		164	0.491	False	0.491	1	LYS	1057	O3P	NZ	2.73	2.73	True	False	True
4E6Q	1.948	X-ray	B	298	Tyrosine-protein kinase JAK2	O60674	1007	experimental	sifts	True	True	PTR	1007		164	0.491	False	0.491	1	LYS	1030	O3P	NZ	2.96	2.96	True	False	True
6WTO	1.74	X-ray	A	309	Tyrosine-protein kinase JAK2	O60674	1007	experimental	sifts	True	True	PTR	1007		164	0.491	False	0.491	1	LYS	1030	O1P	NZ	2.96	2.96	True	False	True
4E6Q	1.948	X-ray	A	298	Tyrosine-protein kinase JAK2	O60674	1007	experimental	sifts	True	True	PTR	1007		164	0.491	False	0.491	1	LYS	1030	O2P	NZ	3.01	3.01	True	False	True
6N7C	1.69	X-ray	A	302	Tyrosine-protein kinase JAK1	P23458	1034	experimental	sifts	True	True	PTR	1034		164	0.491	False	0.491	1	LYS	1057	O2P	NZ	3.21	3.21	True	False	True
4WNP	1.88	X-ray	C	287	Serine/threonine-protein kinase ULK1	O75385	180	not_annotated	author_numbering	True		TPO	180		120	0.494	False	0.494	2	ARG	137	O3P	NH1	2.69	2.69	True	False	True
6QAS	1.75	X-ray	A	287	Serine/threonine-protein kinase ULK1	O75385	180	not_annotated	author_numbering	True		TPO	180		120	0.494	False	0.494	2	ARG	137	O1P	NH2	2.79	2.79	True	False	True
8P5I	1.829	X-ray	C	284	Serine/threonine-protein kinase ULK1	O75385	180	not_annotated	author_numbering	True		TPO	180		120	0.494	False	0.148	2	ARG	137	O2P	NH1	2.79	2.79	True	False	True
4WNP	1.88	X-ray	C	287	Serine/threonine-protein kinase ULK1	O75385	180	not_annotated	author_numbering	True		TPO	180		120	0.494	False	0.494	2	ARG	170	O3P	NH2	2.85	2.85	True	False	True
8P5I	1.829	X-ray	C	284	Serine/threonine-protein kinase ULK1	O75385	180	not_annotated	author_numbering	True		TPO	180		120	0.494	False	0.148	2	ARG	170	O2P	NH2	2.87	2.87	True	False	True
6QAS	1.75	X-ray	A	287	Serine/threonine-protein kinase ULK1	O75385	180	not_annotated	author_numbering	True		TPO	180		120	0.494	False	0.494	2	ARG	170	O1P	NH1	2.9	2.9	True	False	True
1XJD	2.0	X-ray	A	345	Protein kinase C, theta type	Q04759	695	experimental	author_numbering	True		SEP	695		112	0.496	False	0.496	0							True	False	True
5LCP	1.433	X-ray	A	353	cAMP-dependent protein kinase catalytic subunit alpha	P25321	339	by_similarity	sifts	True	True	SEP	338		112	0.496	False	0.496	0							False	False	False
5EFQ	2.0	X-ray	A	347	Cyclin-dependent kinase 13	Q14004	871	by_similarity	author_numbering	True		TPO	871		121	0.498	False	0.498	2	ARG	836	O3P	NH2	2.55	2.55	True	False	True
4WNP	1.88	X-ray	B	287	Serine/threonine-protein kinase ULK1	O75385	180	not_annotated	author_numbering	True		TPO	180		121	0.498	False	0.498	2	ARG	137	O1P	NH1	2.75	2.75	True	False	True
9SE8	2.0	X-ray	A	285	Serine/threonine-protein kinase ULK1	O75385	180	not_annotated	author_numbering	True		TPO	180		121	0.498	False	0.498	2	ARG	137	O1P	NH1	2.79	2.79	True	False	True
4WNP	1.88	X-ray	B	287	Serine/threonine-protein kinase ULK1	O75385	180	not_annotated	author_numbering	True		TPO	180		121	0.498	False	0.498	2	ARG	170	O1P	NH2	2.81	2.81	True	False	True
9SE8	2.0	X-ray	B	285	Serine/threonine-protein kinase ULK1	O75385	180	not_annotated	author_numbering	True		TPO	180		121	0.498	False	0.498	2	ARG	137	O3P	NH1	2.81	2.81	True	False	True
9SE8	2.0	X-ray	A	285	Serine/threonine-protein kinase ULK1	O75385	180	not_annotated	author_numbering	True		TPO	180		121	0.498	False	0.498	2	ARG	170	O3P	NH1	2.92	2.92	True	False	True
9SE8	2.0	X-ray	B	285	Serine/threonine-protein kinase ULK1	O75385	180	not_annotated	author_numbering	True		TPO	180		121	0.498	False	0.498	2	ARG	170	O3P	NH2	2.94	2.94	True	False	True
5EFQ	2.0	X-ray	A	347	Cyclin-dependent kinase 13	Q14004	871	by_similarity	author_numbering	True		TPO	871		121	0.498	False	0.498	2	ARG	860	O3P	NH1	3.49	3.49	True	False	True
7B1F	1.75	X-ray	C	26	Mitotic checkpoint serine/threonine-protein kinase BUB1	O43683	461	not_annotated	author_numbering	True		TPO	461		121	0.498	False	0.321	0							True	True	False
6FRX	1.88	X-ray	A	351	cAMP-dependent protein kinase catalytic subunit alpha	P17612	140	by_similarity	sifts	True	True	SEP	139		113	0.5	False	0.5	0							True	False	True
6YA8	1.79	X-ray	B	144	Protein DBF4 homolog A	Q9UBU7	226	not_annotated	sifts	True	True	SEP	226		113	0.5	False	0.434	0							True	False	True
6QAS	1.75	X-ray	B	287	Serine/threonine-protein kinase ULK1	O75385	180	not_annotated	author_numbering	True		TPO	180		122	0.502	False	0.502	2	ARG	137	O1P	NH2	2.77	2.77	True	False	True
8P5I	1.829	X-ray	D	284	Serine/threonine-protein kinase ULK1	O75385	180	not_annotated	author_numbering	True		TPO	180		122	0.502	False	0.16	2	ARG	137	O1P	NH1	2.79	2.79	True	False	True
8P5I	1.829	X-ray	D	284	Serine/threonine-protein kinase ULK1	O75385	180	not_annotated	author_numbering	True		TPO	180		122	0.502	False	0.16	2	ARG	170	O1P	NH2	2.86	2.86	True	False	True
6QAS	1.75	X-ray	B	287	Serine/threonine-protein kinase ULK1	O75385	180	not_annotated	author_numbering	True		TPO	180		122	0.502	False	0.502	2	ARG	170	O1P	NH1	2.87	2.87	True	False	True
3KRR	1.8	X-ray	A	295	Tyrosine-protein kinase JAK2	O60674	1007	experimental	sifts	True	True	PTR	1007		168	0.503	False	0.503	1	LYS	1030	O3P	NZ	3.34	3.34	True	False	True
8P0D	1.31	X-ray	B	31	E3 ubiquitin-protein ligase Mdm2	Q00987	166	experimental	author_numbering	True		SEP	166		114	0.504	False	0.035	0							True	False	True
7A51	1.9	X-ray	A	359	Dual specificity tyrosine-phosphorylation-regulated kinase 1A	Q13627	321	experimental	sifts	True	True	PTR	321		169	0.506	False	0.506	2	ARG	328	O2P	NH2	2.74	2.74	True	False	True
4WNP	1.88	X-ray	D	287	Serine/threonine-protein kinase ULK1	O75385	180	not_annotated	author_numbering	True		TPO	180		123	0.506	False	0.506	2	ARG	170	O1P	NH2	2.75	2.75	True	False	True
7A5D	1.8	X-ray	A	359	Dual specificity tyrosine-phosphorylation-regulated kinase 1A	Q13627	321	experimental	sifts	True	True	PTR	321		169	0.506	False	0.506	2	ARG	328	O2P	NH2	2.75	2.75	True	False	True
7A5D	1.8	X-ray	A	359	Dual specificity tyrosine-phosphorylation-regulated kinase 1A	Q13627	321	experimental	sifts	True	True	PTR	321		169	0.506	False	0.506	2	ARG	325	O3P	NE	2.79	2.79	True	False	True
4WNP	1.88	X-ray	D	287	Serine/threonine-protein kinase ULK1	O75385	180	not_annotated	author_numbering	True		TPO	180		123	0.506	False	0.506	2	ARG	137	O1P	NH1	2.82	2.82	True	False	True
7A51	1.9	X-ray	A	359	Dual specificity tyrosine-phosphorylation-regulated kinase 1A	Q13627	321	experimental	sifts	True	True	PTR	321		169	0.506	False	0.506	2	ARG	325	O3P	NE	2.83	2.83	True	False	True
7NDY	1.44	X-ray	A	89	Barrier-to-autointegration factor, N-terminally processed	O75531	3	experimental	sifts	True	True	TPO	3		123	0.506	False	0.506	1	LYS	72	O1P	NZ	2.76	2.76	True	False	True
5IL0	1.882	X-ray	B	300	METTL14	Q9HCE5	399	experimental	author_numbering	True		SEP	399		115	0.509	False	0.42	0							True	False	True
5LCT	1.615	X-ray	A	353	cAMP-dependent protein kinase catalytic subunit alpha	P25321	339	by_similarity	sifts	True	True	SEP	338		115	0.509	False	0.509	0							False	False	False
9PSS	1.93	X-ray	A	304	Interleukin-1 receptor-associated kinase 4	Q9NWZ3	342	experimental	author_numbering	True		TPO	342		124	0.51	False	0.51	2	LYS	367	O2P	NZ	2.35	2.35	True	False	True
8TX0	2.0	X-ray	B	307	Interleukin-1 receptor-associated kinase 4	Q9NWZ3	342	experimental	author_numbering	True		TPO	342		124	0.51	False	0.51	2	LYS	441	O2P	NZ	2.72	2.72	True	False	True
9PSS	1.93	X-ray	A	304	Interleukin-1 receptor-associated kinase 4	Q9NWZ3	342	experimental	author_numbering	True		TPO	342		124	0.51	False	0.51	2	LYS	441	O1P	NZ	2.8	2.8	True	False	True
5EFQ	2.0	X-ray	C	347	Cyclin-dependent kinase 13	Q14004	871	by_similarity	author_numbering	True		TPO	871		124	0.51	False	0.51	2	ARG	836	O1P	NH1	2.89	2.89	True	False	True
5EFQ	2.0	X-ray	C	347	Cyclin-dependent kinase 13	Q14004	871	by_similarity	author_numbering	True		TPO	871		124	0.51	False	0.51	2	ARG	860	O1P	NH1	3.4	3.4	True	False	True
8TX0	2.0	X-ray	B	307	Interleukin-1 receptor-associated kinase 4	Q9NWZ3	342	experimental	author_numbering	True		TPO	342		124	0.51	False	0.51	2	LYS	367	O3P	NZ	3.5	3.5	True	False	True
2J90	2.0	X-ray	B	304	DEATH-ASSOCIATED PROTEIN KINASE 3	O43293	265	experimental	author_numbering	True		TPO	265		124	0.51	False	0.51	0							True	False	True
7A4R	1.8	X-ray	A	355	Dual specificity tyrosine-phosphorylation-regulated kinase 1A	Q13627	321	experimental	sifts	True	True	PTR	321		171	0.512	False	0.269	2	LYS	390	O2P	NZ	2.92	2.92	True	False	True
7A4R	1.8	X-ray	A	355	Dual specificity tyrosine-phosphorylation-regulated kinase 1A	Q13627	321	experimental	sifts	True	True	PTR	321		171	0.512	False	0.269	2	LYS	393	O2P	NZ	3.96	3.96	True	False	True
7P7F	1.96	X-ray	B	296	Casein kinase I isoform delta	P48730	220	not_annotated	sifts	True	True	TPO	220		125	0.514	False	0.514	1	ARG	222	O2P	NE	3.98	3.22	True	False	True
1YWN	1.71	X-ray	A	316	Vascular endothelial growth factor receptor 2	P35968	1054	experimental	sifts	True	True	PTR	1052		172	0.515	False	0.515	1	ARG	840	O2P	NH2	3.06	3.03	True	False	True
7C3N	1.98	X-ray	A	315	Tyrosine-protein kinase JAK3	P52333	980	experimental	author_numbering	True		PTR	980		173	0.518	False	0.518	1	LYS	978	O3P	NZ	3.19	3.19	True	False	True
5IL1	1.71	X-ray	B	300	METTL14	Q9HCE5	399	experimental	author_numbering	True		SEP	399		118	0.522	False	0.447	0							True	False	True
7P7F	1.96	X-ray	C	296	Casein kinase I isoform delta	P48730	220	not_annotated	sifts	True	True	TPO	220		127	0.523	False	0.523	0							True	False	True
7A4O	1.9	X-ray	A	382	Dual specificity tyrosine-phosphorylation-regulated kinase 1A	Q13627	321	experimental	author_numbering	True		PTR	321		175	0.524	False	0.054	2	ARG	328	O2P	NH2	2.81	2.81	True	False	True
7A4O	1.9	X-ray	A	382	Dual specificity tyrosine-phosphorylation-regulated kinase 1A	Q13627	321	experimental	author_numbering	True		PTR	321		175	0.524	False	0.054	2	ARG	325	O1P	NH2	2.89	2.89	True	False	True
8BPV	1.7	X-ray	A	317	Tyrosine-protein kinase JAK2	O60674	1007	experimental	sifts	True	True	PTR	1007		175	0.524	False	0.524	1	LYS	1030	O2P	NZ	2.78	2.78	True	False	True
6ELR	1.8	X-ray	B	301	Tyrosine-Protein Kinase JAK1	P23458	1034	experimental	sifts	True	True	PTR	1034		175	0.524	False	0.524	0							True	False	True
9PSS	1.93	X-ray	B	304	Interleukin-1 receptor-associated kinase 4	Q9NWZ3	342	experimental	author_numbering	True		TPO	342		128	0.527	False	0.527	2	LYS	441	O2P	NZ	2.37	2.37	True	False	True
9PSS	1.93	X-ray	B	304	Interleukin-1 receptor-associated kinase 4	Q9NWZ3	342	experimental	author_numbering	True		TPO	342		128	0.527	False	0.527	2	LYS	367	O3P	NZ	2.71	2.71	True	False	True
5USY	2.0	X-ray	A	316	Tyrosine-protein kinase JAK2	O60674	1007	experimental	sifts	True	True	PTR	1007		176	0.527	False	0.527	1	LYS	1030	O3P	NZ	2.56	2.56	True	False	True
2J90	2.0	X-ray	A	304	DEATH-ASSOCIATED PROTEIN KINASE 3	O43293	265	experimental	author_numbering	True		TPO	265		128	0.527	False	0.527	0							True	False	True
5M0U	1.667	X-ray	A	353	cAMP-dependent protein kinase catalytic subunit alpha	P25321	339	by_similarity	sifts	True	True	SEP	338		119	0.527	False	0.527	0							False	False	False
8CNN	1.48	X-ray	A	166	GTPase HRas	P01112	64	not_annotated	sifts	True	True	PTR	64		176	0.527	False	0.527	0							True	False	True
8BXC	1.9	X-ray	B	316	Tyrosine-protein kinase JAK2	O60674	1007	experimental	sifts	True	True	PTR	1007		178	0.533	False	0.533	1	LYS	1030	O1P	NZ	2.78	2.78	True	False	True
5EXA	1.95	X-ray	D	11	GRB2-associated-binding protein 2	Q9UQC2	391	experimental	sifts	True	True	TPO	391		130	0.535	False	0.037	2	ARG	389	O3P	NH1	3.06	3.06	True	True	False
5EXA	1.95	X-ray	D	11	GRB2-associated-binding protein 2	Q9UQC2	391	experimental	sifts	True	True	TPO	391		130	0.535	False	0.037	2	ARG	388	O2P	NH1	3.2	3.2	True	True	False
8C2Z	1.91	X-ray	A	372	Dual specificity tyrosine-phosphorylation-regulated kinase 1B	Q9Y463	273	experimental	author_numbering	True		PTR	273		179	0.536	False	0.536	2	ARG	277	O3P	NH2	2.64	2.64	True	False	True
8C2Z	1.91	X-ray	A	372	Dual specificity tyrosine-phosphorylation-regulated kinase 1B	Q9Y463	273	experimental	author_numbering	True		PTR	273		179	0.536	False	0.536	2	ARG	280	O2P	NH2	2.67	2.67	True	False	True
2PVF	1.8	X-ray	A	334	Fibroblast growth factor receptor 2	P21802	656	experimental	author_numbering	True		PTR	656		179	0.536	False	0.536	0							True	False	True
6N7D	1.78	X-ray	A	302	Tyrosine-protein kinase JAK1	P23458	1034	experimental	sifts	True	True	PTR	1034		179	0.536	False	0.536	0							True	False	True
2OIB	2.0	X-ray	A	301	Interleukin-1 receptor-associated kinase 4	Q9NWZ3	342	experimental	author_numbering	True		TPO	342		131	0.539	False	0.539	2	LYS	441	O1P	NZ	2.73	2.73	True	False	True
2OIB	2.0	X-ray	A	301	Interleukin-1 receptor-associated kinase 4	Q9NWZ3	342	experimental	author_numbering	True		TPO	342		131	0.539	False	0.539	2	LYS	367	O2P	NZ	3.02	3.02	True	False	True
7OR3	1.8	X-ray	B	11	Neurogenic locus notch homolog protein 4	Q99466	1917	not_annotated	author_numbering	True		SEP	1917		122	0.54	False	0.04	1	ARG	1915	O2P	NH1	2.66	2.66	True	True	False
2C1N	2.0	X-ray	E	8	HISTONE H3 ACETYLPHOSPHOPEPTIDE	P68431	11	experimental	sifts	True	True	SEP	10		122	0.54	False	0.049	1	ARG	8	O1P	NH2	2.68	2.68	True	True	False
5F9E	2.0	X-ray	A	353	Protein kinase C theta type	Q04759	695	experimental	sifts	True	True	SEP	695		122	0.54	False	0.54	0							True	False	True
6XKB	1.6	X-ray	F	20	S2,S5p-CTD peptide	P24928	8	not_annotated	author_numbering	True		SEP	8		122	0.54	False	0.292	0							True	True	False
6UYA	1.74	X-ray	C	320	Interleukin-1 receptor-associated kinase 4	Q9NWZ3	342	experimental	author_numbering	True		TPO	342		132	0.543	False	0.543	2	LYS	441	O2P	NZ	2.8	2.8	True	False	True
6UYA	1.74	X-ray	C	320	Interleukin-1 receptor-associated kinase 4	Q9NWZ3	342	experimental	author_numbering	True		TPO	342		132	0.543	False	0.543	2	LYS	367	O1P	NZ	2.81	2.81	True	False	True
8B2I	1.4	X-ray	B	10	Estrogen Related Receptor gamma phosphopeptide			no_uniprot_data	unmapped	False		SEP	179		123	0.544	False	0.071	1	ARG	177	O3P	NH2	2.76	2.76	False	True	False
8SCE	1.89	X-ray	B	305	Interleukin-1 receptor-associated kinase 4	Q9NWZ3	342	experimental	author_numbering	True		TPO	342		133	0.547	False	0.547	2	LYS	441	O2P	NZ	2.8	2.8	True	False	True
8SCE	1.89	X-ray	B	305	Interleukin-1 receptor-associated kinase 4	Q9NWZ3	342	experimental	author_numbering	True		TPO	342		133	0.547	False	0.547	2	LYS	367	O1P	NZ	2.81	2.81	True	False	True
2PVF	1.8	X-ray	A	334	Fibroblast growth factor receptor 2	P21802	586	experimental	author_numbering	True		PTR	586		183	0.548	False	0.536	1	ARG	577	O2P	NH2	2.7	2.7	True	False	True
6XY5	1.3	X-ray	B	9	Estrogen Related Receptor gamma phosphopeptide	P62508	179	not_annotated	author_numbering	True		SEP	179		124	0.549	False	0.031	1	ARG	177	O3P	NH2	2.72	2.72	True	True	False
2VO3	1.98	X-ray	A	351	CAMP-DEPENDENT PROTEIN KINASE, ALPHA-CATALYTIC SUBUNIT	P00517	140	by_similarity	sifts	True	True	SEP	139		124	0.549	False	0.549	0							False	False	False
4L1J	1.824	X-ray	B	204	HD domain-containing protein 2 (Phosphorylate)	Q7Z4H3	10	not_annotated	author_numbering	True		SEP	10		124	0.549	False	0.549	0							True	False	True
4Q94	1.85	X-ray	C	21	rpb1-ctd			no_uniprot_data	unmapped	False		SEP	1623		124	0.549	False	0.385	0							False	True	False
4Q94	1.85	X-ray	D	21	rpb1-ctd			no_uniprot_data	unmapped	False		SEP	1623		124	0.549	False	0.389	0							False	True	False
8SCE	1.89	X-ray	D	305	Interleukin-1 receptor-associated kinase 4	Q9NWZ3	342	experimental	author_numbering	True		TPO	342		134	0.551	False	0.551	2	LYS	441	O2P	NZ	2.78	2.78	True	False	True
8SCE	1.89	X-ray	E	305	Interleukin-1 receptor-associated kinase 4	Q9NWZ3	342	experimental	author_numbering	True		TPO	342		134	0.551	False	0.551	2	LYS	441	O2P	NZ	2.78	2.78	True	False	True
8SCE	1.89	X-ray	D	305	Interleukin-1 receptor-associated kinase 4	Q9NWZ3	342	experimental	author_numbering	True		TPO	342		134	0.551	False	0.551	2	LYS	367	O3P	NZ	2.83	2.83	True	False	True
8SCE	1.89	X-ray	E	305	Interleukin-1 receptor-associated kinase 4	Q9NWZ3	342	experimental	author_numbering	True		TPO	342		134	0.551	False	0.551	2	LYS	367	O1P	NZ	2.84	2.84	True	False	True
7A4R	1.8	X-ray	B	355	Dual specificity tyrosine-phosphorylation-regulated kinase 1A	Q13627	321	experimental	sifts	True	True	PTR	321		184	0.551	False	0.222	2	ARG	328	O2P	NH2	2.9	2.9	True	False	True
7A4O	1.9	X-ray	B	382	Dual specificity tyrosine-phosphorylation-regulated kinase 1A	Q13627	321	experimental	author_numbering	True		PTR	321		184	0.551	False	0.222	2	LYS	390	O2P	NZ	2.96	2.96	True	False	True
7A4R	1.8	X-ray	B	355	Dual specificity tyrosine-phosphorylation-regulated kinase 1A	Q13627	321	experimental	sifts	True	True	PTR	321		184	0.551	False	0.222	2	ARG	325	O3P	NH2	3.04	3.04	True	False	True
7A4O	1.9	X-ray	B	382	Dual specificity tyrosine-phosphorylation-regulated kinase 1A	Q13627	321	experimental	author_numbering	True		PTR	321		184	0.551	False	0.222	2	LYS	393	O1P	NZ	3.07	3.07	True	False	True
9KBO	2.0	X-ray	C	291	Shiftless antiviral inhibitor of ribosomal frameshifting protein	Q9NUL5	256	not_annotated	sifts	True	True	SEP	256		125	0.553	False	0.553	2	ARG	14	O1P	NH1	2.99	2.76	True	False	True
9KBO	2.0	X-ray	C	291	Shiftless antiviral inhibitor of ribosomal frameshifting protein	Q9NUL5	256	not_annotated	sifts	True	True	SEP	256		125	0.553	False	0.553	2	LYS	10	O1P	NZ	3.38	3.29	True	False	True
8B4Q	1.4	X-ray	B	10	Estrogen-related receptor gamma	P62508	179	not_annotated	author_numbering	True		SEP	179		125	0.553	False	0.08	1	ARG	177	O3P	NH2	2.75	2.75	True	True	False
8BJN	1.4	X-ray	B	10	Estrogen-related receptor gamma	P62508	179	not_annotated	sifts	True	True	SEP	179		125	0.553	False	0.084	1	ARG	177	O3P	NH2	2.76	2.76	True	True	False
5LCU	1.579	X-ray	A	353	cAMP-dependent protein kinase catalytic subunit alpha	P25321	339	by_similarity	sifts	True	True	SEP	338		125	0.553	False	0.553	0							False	False	False
8TVN	1.95	X-ray	B	307	Interleukin-1 receptor-associated kinase 4	Q9NWZ3	342	experimental	author_numbering	True		TPO	342		135	0.556	False	0.379	1	LYS	367	O1P	NZ	2.7	2.7	True	False	True
5NP2	1.6	X-ray	B	61	Tyrosine-protein kinase ABL1	P00519	70	experimental	sifts	True	True	PTR	70		186	0.557	False	0.557	0							True	False	True
8B5P	1.4	X-ray	B	10	Estrogen Related Receptor gamma phosphopeptide			no_uniprot_data	unmapped	False		SEP	179		126	0.558	False	0.062	1	ARG	177	O3P	NH2	2.74	2.74	False	True	False
8BM5	1.4	X-ray	B	10	Estrogen-related receptor gamma	P62508	179	not_annotated	sifts	True	True	SEP	179		126	0.558	False	0.071	1	ARG	177	O1P	NH2	2.74	2.74	True	True	False
4AFJ	1.98	X-ray	A	367	GLYCOGEN SYNTHASE KINASE-3 BETA	P49841	216	experimental	author_numbering	True		PTR	216		187	0.56	False	0.431	2	ARG	223	O1P	NH2	2.62	2.62	True	False	True
4AFJ	1.98	X-ray	A	367	GLYCOGEN SYNTHASE KINASE-3 BETA	P49841	216	experimental	author_numbering	True		PTR	216		187	0.56	False	0.431	2	ARG	220	O2P	NH2	2.78	2.78	True	False	True
2C1N	2.0	X-ray	C	8	HISTONE H3 ACETYLPHOSPHOPEPTIDE	P68431	11	experimental	sifts	True	True	SEP	10		127	0.562	False	0.049	1	ARG	8	O1P	NH2	2.74	2.74	True	True	False
7OR7	1.8	X-ray	B	11	Neurogenic locus notch homolog protein 4	Q99466	1917	not_annotated	author_numbering	True		SEP	1917		127	0.562	False	0.035	1	ARG	1915	O2P	NH1	2.74	2.74	True	True	False
2VO6	1.97	X-ray	A	351	CAMP-DEPENDENT PROTEIN KINASE, ALPHA-CATALYTIC SUBUNIT	P00517	140	by_similarity	sifts	True	True	SEP	139		127	0.562	False	0.562	0							False	False	False
5Y86	1.9	X-ray	A	588	Dual specificity tyrosine-phosphorylation-regulated kinase 3	O43781	369	by_similarity	author_numbering	True		PTR	369		188	0.563	False	0.563	2	ARG	373	O3P	NH2	2.83	2.83	True	False	True
5Y86	1.9	X-ray	A	588	Dual specificity tyrosine-phosphorylation-regulated kinase 3	O43781	369	by_similarity	author_numbering	True		PTR	369		188	0.563	False	0.563	2	ARG	376	O2P	NH2	2.84	2.84	True	False	True
4JIA	1.85	X-ray	A	300	Tyrosine-protein kinase JAK2	O60674	1007	experimental	sifts	True	True	PTR	1007		188	0.563	False	0.563	1	LYS	1030	O3P	NZ	2.61	2.61	True	False	True
6N8G	2.0	X-ray	D	297	Interleukin-1 receptor-associated kinase 4	Q9NWZ3	342	experimental	sifts	True	True	TPO	342		137	0.564	False	0.564	2	LYS	441	O1P	NZ	2.59	2.59	True	False	True
8W3W	1.976	X-ray	D	323	Interleukin-1 receptor-associated kinase 4	Q9NWZ3	342	experimental	author_numbering	True		TPO	342		137	0.564	False	0.564	2	LYS	441	O3P	NZ	2.8	2.8	True	False	True
8W3W	1.976	X-ray	D	323	Interleukin-1 receptor-associated kinase 4	Q9NWZ3	342	experimental	author_numbering	True		TPO	342		137	0.564	False	0.564	2	LYS	367	O1P	NZ	3.0	3.0	True	False	True
6N8G	2.0	X-ray	D	297	Interleukin-1 receptor-associated kinase 4	Q9NWZ3	342	experimental	sifts	True	True	TPO	342		137	0.564	False	0.564	2	LYS	367	O2P	NZ	3.08	3.08	True	False	True
9SIV	1.5	X-ray	B	296	Casein kinase I isoform delta	P48730	220	not_annotated	author_numbering	True		TPO	220		137	0.564	False	0.564	0							True	False	True
6Y18	1.3	X-ray	B	9	Estrogen Related Receptor gamma phosphopeptide	P62508	179	not_annotated	author_numbering	True		SEP	179		128	0.566	False	0.035	1	ARG	177	O3P	NH2	2.69	2.69	True	True	False
2UVZ	1.94	X-ray	A	351	CAMP-DEPENDENT PROTEIN KINASE, ALPHA-CATALYTIC SUBUNIT	P00517	140	by_similarity	sifts	True	True	SEP	139		128	0.566	False	0.566	0							False	False	False
2UW0	2.0	X-ray	A	351	CAMP-DEPENDENT PROTEIN KINASE, ALPHA-CATALYTIC SUBUNIT	P00517	140	by_similarity	sifts	True	True	SEP	139		128	0.566	False	0.566	0							False	False	False
2VNY	1.96	X-ray	A	351	CAMP-DEPENDENT PROTEIN KINASE, ALPHA-CATALYTIC SUBUNIT	P00517	140	by_similarity	sifts	True	True	SEP	139		128	0.566	False	0.566	0							False	False	False
4IAK	1.6	X-ray	A	356	cAMP-dependent protein kinase catalytic subunit alpha	P05132	140	experimental	sifts	True	True	SEP	139		128	0.566	False	0.566	0							False	False	False
6WTQ	1.79968475557	X-ray	A	309	Tyrosine-protein kinase JAK2	O60674	1007	experimental	sifts	True	True	PTR	1007		189	0.566	False	0.566	0							True	False	True
6XKB	1.6	X-ray	K	20	S2,S5p-CTD peptide	P24928	1794	not_annotated	sifts	True	True	SEP	8		128	0.566	False	0.323	0							True	True	False
6YA6	1.44	X-ray	B	144	Protein DBF4 homolog A	Q9UBU7	226	not_annotated	sifts	True	True	SEP	226		128	0.566	False	0.473	0							True	False	True
3QD3	2.0	X-ray	A	312	3-phosphoinositide-dependent protein kinase 1	O15530	241	experimental	author_numbering	True		SEP	241		129	0.571	False	0.571	2	ARG	204	O1P	NH2	2.65	2.65	True	False	True
3QD3	2.0	X-ray	A	312	3-phosphoinositide-dependent protein kinase 1	O15530	241	experimental	author_numbering	True		SEP	241		129	0.571	False	0.571	2	LYS	228	O3P	NZ	3.93	3.93	True	False	True
9RJ4	1.85	X-ray	A	364	Mitotic checkpoint serine/threonine-protein kinase BUB1	O43683	969	not_annotated	author_numbering	True		SEP	969		129	0.571	False	0.571	1	LYS	919	O2P	NZ	2.71	2.71	True	False	True
7SXF	1.94	X-ray	A	345	Glycogen synthase kinase-3 alpha	P49840	279	by_similarity	sifts	True	True	PTR	279		191	0.572	False	0.572	2	ARG	283	O2P	NH2	2.6	2.6	True	False	True
7SXJ	1.85	X-ray	A	351	Glycogen synthase kinase-3 beta	P49841	216	experimental	sifts	True	True	PTR	216		191	0.572	False	0.572	2	ARG	223	O1P	NH2	2.63	2.63	True	False	True
7O7K	1.82	X-ray	B	361	Dual specificity tyrosine-phosphorylation-regulated kinase 1A	Q13627	321	experimental	author_numbering	True		PTR	321		191	0.572	False	0.21	2	ARG	325	O1P	NH2	2.71	2.71	True	False	True
8W3W	1.976	X-ray	B	323	Interleukin-1 receptor-associated kinase 4	Q9NWZ3	342	experimental	author_numbering	True		TPO	342		139	0.572	False	0.572	2	LYS	441	O3P	NZ	2.74	2.74	True	False	True
6O95	1.77	X-ray	A	320	Interleukin-1 receptor-associated kinase 4	Q9NWZ3	342	experimental	author_numbering	True		TPO	342		139	0.572	False	0.572	2	LYS	441	O2P	NZ	2.76	2.76	True	False	True
7SXF	1.94	X-ray	A	345	Glycogen synthase kinase-3 alpha	P49840	279	by_similarity	sifts	True	True	PTR	279		191	0.572	False	0.572	2	ARG	286	O1P	NH2	2.79	2.79	True	False	True
6O95	1.77	X-ray	A	320	Interleukin-1 receptor-associated kinase 4	Q9NWZ3	342	experimental	author_numbering	True		TPO	342		139	0.572	False	0.572	2	LYS	367	O1P	NZ	2.85	2.85	True	False	True
7O7K	1.82	X-ray	B	361	Dual specificity tyrosine-phosphorylation-regulated kinase 1A	Q13627	321	experimental	author_numbering	True		PTR	321		191	0.572	False	0.21	2	ARG	328	O2P	NH2	2.88	2.88	True	False	True
8W3W	1.976	X-ray	B	323	Interleukin-1 receptor-associated kinase 4	Q9NWZ3	342	experimental	author_numbering	True		TPO	342		139	0.572	False	0.572	2	LYS	367	O1P	NZ	2.96	2.96	True	False	True
7SXJ	1.85	X-ray	A	351	Glycogen synthase kinase-3 beta	P49841	216	experimental	sifts	True	True	PTR	216		191	0.572	False	0.572	2	ARG	220	O2P	NH2	2.97	2.97	True	False	True
3RWP	1.92	X-ray	A	311	3-phosphoinositide-dependent protein kinase 1	O15530	241	experimental	sifts	True	True	SEP	241		130	0.575	False	0.575	3	ARG	204	O1P	NH2	2.77	2.77	True	False	True
3RWP	1.92	X-ray	A	311	3-phosphoinositide-dependent protein kinase 1	O15530	241	experimental	sifts	True	True	SEP	241		130	0.575	False	0.575	3	ARG	129	O1P	NH1	3.49	3.49	True	False	True
3RWP	1.92	X-ray	A	311	3-phosphoinositide-dependent protein kinase 1	O15530	241	experimental	sifts	True	True	SEP	241		130	0.575	False	0.575	3	LYS	228	O3P	NZ	3.94	3.34	True	False	True
7O7K	1.82	X-ray	A	361	Dual specificity tyrosine-phosphorylation-regulated kinase 1A	Q13627	321	experimental	author_numbering	True		PTR	321		192	0.575	False	0.207	2	ARG	325	O1P	NH2	2.74	2.74	True	False	True
7O7K	1.82	X-ray	A	361	Dual specificity tyrosine-phosphorylation-regulated kinase 1A	Q13627	321	experimental	author_numbering	True		PTR	321		192	0.575	False	0.207	2	ARG	328	O2P	NH1	2.94	2.94	True	False	True
6Y3W	1.34	X-ray	B	10	Estrogen Related Receptor gamma phosphopetide	P62508	179	not_annotated	sifts	True	True	SEP	179		130	0.575	False	0.088	1	ARG	177	O3P	NH2	2.76	2.76	True	True	False
7D8P	2.0	X-ray	C	11	CRTC1 pSer151 peptide	Q6UUV9	151	experimental	sifts	True	True	SEP	151		130	0.575	False	0.018	1	ARG	147	O2P	NH1	3.25	3.25	True	True	False
2JDS	2.0	X-ray	A	351	CAMP-DEPENDENT PROTEIN KINASE	P00517	140	by_similarity	sifts	True	True	SEP	139		130	0.575	False	0.575	0							False	False	False
2UW8	2.0	X-ray	A	351	CAMP-DEPENDENT PROTEIN KINASE, ALPHA-CATALYTIC SUBUNIT	P00517	140	by_similarity	sifts	True	True	SEP	139		130	0.575	False	0.575	0							False	False	False
5NP5	1.4	X-ray	A	61	Abelson tyrosine-protein kinase 2	P42684	116	by_similarity	sifts	True	True	PTR	70		192	0.575	False	0.347	0							True	False	True
6XKB	1.6	X-ray	I	20	S2,S5p-CTD peptide	P24928	1794	not_annotated	sifts	True	True	SEP	8		130	0.575	False	0.137	0							True	True	False
8W3X	1.765	X-ray	D	323	Interleukin-1 receptor-associated kinase 4	Q9NWZ3	342	experimental	author_numbering	True		TPO	342		140	0.576	False	0.576	2	LYS	367	O1P	NZ	3.17	3.17	True	False	True
8W3X	1.765	X-ray	D	323	Interleukin-1 receptor-associated kinase 4	Q9NWZ3	342	experimental	author_numbering	True		TPO	342		140	0.576	False	0.576	2	LYS	441	O3P	NZ	3.48	3.01	True	False	True
5NVG	1.07	X-ray	A	76	Polyubiquitin-B	P0CG47	164	not_annotated	sifts	True	True	TPO	12		140	0.576	False	0.576	1	LYS	6	O2P	NZ	2.77	2.77	True	False	True
5WEV	1.854	X-ray	A	319	Tyrosine-protein kinase JAK2	O60674	1007	experimental	sifts	True	True	PTR	1007		193	0.578	False	0.578	1	LYS	1030	O3P	NZ	2.73	2.73	True	False	True
7OR5	1.8	X-ray	B	11	Neurogenic locus notch homolog protein 4	Q99466	1917	not_annotated	author_numbering	True		SEP	1917		131	0.58	False	0.018	1	ARG	1915	O2P	NH1	2.75	2.75	True	True	False
8BJG	1.4	X-ray	B	10	Estrogen-related receptor gamma	P62508	179	not_annotated	sifts	True	True	SEP	179		131	0.58	False	0.071	1	ARG	177	O3P	NH2	2.76	2.76	True	True	False
4IB0	1.87	X-ray	A	356	cAMP-dependent protein kinase catalytic subunit alpha	P05132	140	experimental	sifts	True	True	SEP	139		131	0.58	False	0.58	0							False	False	False
4O22	1.7	X-ray	A	342	cAMP-dependent protein kinase catalytic subunit alpha.	P05132	140	experimental	sifts	True	True	SEP	139		131	0.58	False	0.58	0							False	False	False
9SIV	1.5	X-ray	A	296	Casein kinase I isoform delta	P48730	220	not_annotated	sifts	True	True	TPO	220		141	0.58	False	0.58	0							True	False	True
6N8G	2.0	X-ray	B	297	Interleukin-1 receptor-associated kinase 4	Q9NWZ3	342	experimental	sifts	True	True	TPO	342		142	0.584	False	0.584	2	LYS	441	O2P	NZ	2.67	2.67	True	False	True
6N8G	2.0	X-ray	B	297	Interleukin-1 receptor-associated kinase 4	Q9NWZ3	342	experimental	sifts	True	True	TPO	342		142	0.584	False	0.584	2	LYS	367	O3P	NZ	3.2	3.2	True	False	True
9RJ4	1.85	X-ray	B	364	Mitotic checkpoint serine/threonine-protein kinase BUB1	O43683	969	not_annotated	author_numbering	True		SEP	969		132	0.584	False	0.584	1	LYS	919	O2P	NZ	2.68	2.68	True	False	True
7D8P	2.0	X-ray	D	11	CRTC1 pSer151 peptide	Q6UUV9	151	experimental	author_numbering	True		SEP	151		132	0.584	False	0.004	1	ARG	147	O1P	NH2	3.39	3.39	True	True	False
3D9N	1.6	X-ray	Y	14	CTD-PEPTIDE	P24928		unmapped	unmapped	False		SEP	2		132	0.584	False	0.451	0							True	True	False
7NZY	1.85	X-ray	A	314	Casein kinase I isoform delta	P48730	220	not_annotated	sifts	True	True	TPO	220		142	0.584	False	0.584	0							True	False	True
7P7G	1.7	X-ray	B	296	Casein kinase I isoform delta	P48730	220	not_annotated	author_numbering	True		TPO	220		142	0.584	False	0.584	0							True	False	True
4AFJ	1.98	X-ray	B	367	GLYCOGEN SYNTHASE KINASE-3 BETA	P49841	216	experimental	author_numbering	True		PTR	216		196	0.587	False	0.479	2	ARG	223	O1P	NH2	2.69	2.69	True	False	True
4AFJ	1.98	X-ray	B	367	GLYCOGEN SYNTHASE KINASE-3 BETA	P49841	216	experimental	author_numbering	True		PTR	216		196	0.587	False	0.479	2	ARG	220	O2P	NH2	2.77	2.77	True	False	True
6O95	1.77	X-ray	B	320	Interleukin-1 receptor-associated kinase 4	Q9NWZ3	342	experimental	author_numbering	True		TPO	342		143	0.588	False	0.588	2	LYS	441	O3P	NZ	2.79	2.79	True	False	True
6O95	1.77	X-ray	B	320	Interleukin-1 receptor-associated kinase 4	Q9NWZ3	342	experimental	author_numbering	True		TPO	342		143	0.588	False	0.588	2	LYS	367	O2P	NZ	2.82	2.82	True	False	True
8W3X	1.765	X-ray	B	323	Interleukin-1 receptor-associated kinase 4	Q9NWZ3	342	experimental	author_numbering	True		TPO	342		143	0.588	False	0.588	2	LYS	367	O3P	NZ	3.15	3.15	True	False	True
8W3X	1.765	X-ray	B	323	Interleukin-1 receptor-associated kinase 4	Q9NWZ3	342	experimental	author_numbering	True		TPO	342		143	0.588	False	0.588	2	LYS	441	O1P	NZ	3.46	2.98	True	False	True
2UVY	1.95	X-ray	A	351	CAMP-DEPENDENT PROTEIN KINASE, ALPHA-CATALYTIC SUBUNIT	P00517	140	by_similarity	sifts	True	True	SEP	139		133	0.588	False	0.588	0							False	False	False
4IAZ	1.85	X-ray	A	356	cAMP-dependent protein kinase catalytic subunit alpha	P05132	140	experimental	sifts	True	True	SEP	139		133	0.588	False	0.588	0							False	False	False
6XKB	1.6	X-ray	G	20	S2,S5p-CTD peptide	P24928	8	not_annotated	author_numbering	True		SEP	8		133	0.588	False	0.292	0							True	True	False
6O95	1.77	X-ray	C	320	Interleukin-1 receptor-associated kinase 4	Q9NWZ3	342	experimental	author_numbering	True		TPO	342		144	0.593	False	0.593	2	LYS	441	O2P	NZ	2.77	2.77	True	False	True
6O95	1.77	X-ray	C	320	Interleukin-1 receptor-associated kinase 4	Q9NWZ3	342	experimental	author_numbering	True		TPO	342		144	0.593	False	0.593	2	LYS	367	O1P	NZ	2.8	2.8	True	False	True
4RXZ	1.55	X-ray	B	85	Protein Mdm4	O15151	99	not_annotated	sifts	True	True	PTR	99		199	0.596	False	0.485	0							True	False	True
7AKA	1.9	X-ray	B	359	Dual specificity tyrosine-phosphorylation-regulated kinase 1A	Q13627	321	experimental	sifts	True	True	PTR	321		199	0.596	False	0.347	0							True	False	True
8UCB	1.85	X-ray	B	307	Interleukin-1 receptor-associated kinase 4	Q9NWZ3	342	experimental	author_numbering	True		TPO	342		145	0.597	False	0.597	2	LYS	441	O3P	NZ	2.92	2.92	True	False	True
8UCB	1.85	X-ray	B	307	Interleukin-1 receptor-associated kinase 4	Q9NWZ3	342	experimental	author_numbering	True		TPO	342		145	0.597	False	0.597	2	LYS	367	O2P	NZ	3.84	3.84	True	False	True
8C43	1.4	X-ray	B	17	Estrogen Receptor alpha phosphopeptide			no_uniprot_data	unmapped	False		TPO	594		145	0.597	False	0.062	1	ARG	592	O1P	NH2	2.83	2.83	False	True	False
4WB7	1.9	X-ray	A	405	DnaJ homolog subfamily B member 1,cAMP-dependent protein kinase catalytic subunit alpha	P17612	140	by_similarity	sifts	True	True	SEP	194		135	0.597	False	0.597	0							True	False	True
4WB7	1.9	X-ray	B	405	DnaJ homolog subfamily B member 1,cAMP-dependent protein kinase catalytic subunit alpha	P17612	140	by_similarity	sifts	True	True	SEP	194		135	0.597	False	0.597	0							True	False	True
8UCB	1.85	X-ray	A	307	Interleukin-1 receptor-associated kinase 4	Q9NWZ3	342	experimental	author_numbering	True		TPO	342		146	0.601	False	0.601	1	LYS	367	O1P	NZ	2.93	2.93	True	False	True
4IAI	1.55	X-ray	A	356	cAMP-dependent protein kinase catalytic subunit alpha	P05132	140	experimental	sifts	True	True	SEP	139		136	0.602	False	0.602	0							False	False	False
4O21	1.95	X-ray	A	342	cAMP-dependent protein kinase catalytic subunit alpha	P05132	140	experimental	sifts	True	True	SEP	139		136	0.602	False	0.602	0							False	False	False
6ZFG	1.85	X-ray	A	243	14-3-3 protein zeta/delta,Protein E6	P06463	156	not_annotated	sifts	True	True	TPO	238		147	0.605	False	0.605	1	ARG	236	O1P	NH1	2.86	2.86	False	False	False
9NA5	1.73	X-ray	A	304	Interleukin-1 receptor-associated kinase 4	Q9NWZ3	342	experimental	author_numbering	True		TPO	342		147	0.605	False	0.605	1	LYS	441	O2P	NZ	3.6	3.6	True	False	True
3F2A	1.9	X-ray	A	300	Proto-oncogene serine/threonine-protein kinase Pim-1	P11309	261	experimental	author_numbering	True		SEP	261		137	0.606	False	0.606	1	ARG	258	O3P	NH1	3.64	3.64	True	False	True
4IB1	1.63	X-ray	A	356	cAMP-dependent protein kinase catalytic subunit alpha	P05132	140	experimental	sifts	True	True	SEP	139		137	0.606	False	0.606	0							False	False	False
5LCR	1.565	X-ray	A	353	cAMP-dependent protein kinase catalytic subunit alpha	P25321	339	by_similarity	sifts	True	True	SEP	338		137	0.606	False	0.606	0							False	False	False
6XKB	1.6	X-ray	J	20	S2,S5p-CTD peptide	P24928	8	not_annotated	author_numbering	True		SEP	8		137	0.606	False	0.133	0							True	True	False
5NP5	1.4	X-ray	B	61	Abelson tyrosine-protein kinase 2	P42684	116	by_similarity	sifts	True	True	PTR	70		203	0.608	False	0.383	0							True	False	True
6O94	1.98	X-ray	D	320	Interleukin-1 receptor-associated kinase 4	Q9NWZ3	342	experimental	author_numbering	True		TPO	342		148	0.609	False	0.531	2	LYS	367	O2P	NZ	2.78	2.78	True	False	True
6O94	1.98	X-ray	D	320	Interleukin-1 receptor-associated kinase 4	Q9NWZ3	342	experimental	author_numbering	True		TPO	342		148	0.609	False	0.531	2	LYS	441	O3P	NZ	2.78	2.78	True	False	True
8TVN	1.95	X-ray	C	307	Interleukin-1 receptor-associated kinase 4	Q9NWZ3	342	experimental	author_numbering	True		TPO	342		148	0.609	False	0.358	2	LYS	367	O3P	NZ	2.78	2.78	True	False	True
8TVN	1.95	X-ray	C	307	Interleukin-1 receptor-associated kinase 4	Q9NWZ3	342	experimental	author_numbering	True		TPO	342		148	0.609	False	0.358	2	LYS	441	O2P	NZ	3.45	3.45	True	False	True
6Y3R	1.5	X-ray	P	12	Chain P	Q9UQC2	391	experimental	sifts	True	True	TPO	391		148	0.609	False	0.095	1	ARG	389	O1P	NH2	2.68	2.68	True	True	False
5N5L	1.97	X-ray	A	313	Serine/threonine-protein kinase pim-1	P11309	261	experimental	author_numbering	True		SEP	261		138	0.611	False	0.611	1	ARG	258	O3P	NH2	3.61	3.61	True	False	True
3A77	1.8	X-ray	C	242	Interferon regulatory factor 3	Q14653	402	not_annotated	sifts	True	True	SEP	402		138	0.611	False	0.611	0							True	False	True
9NA2	1.99	X-ray	B	304	Interleukin-1 receptor-associated kinase 4	Q9NWZ3	342	experimental	author_numbering	True		TPO	342		149	0.613	False	0.613	1	LYS	441	O3P	NZ	2.99	2.99	True	False	True
5VCV	1.92	X-ray	A	311	Membrane-associated tyrosine- and threonine-specific cdc2-inhibitory kinase	Q99640	260	not_annotated	sifts	True	True	TPO	260		149	0.613	False	0.613	0							True	False	True
8P1H	1.95	X-ray	A	248	Tyrosine 3-monooxygenase/tryptophan 5-monooxygenase activation protein zeta,Neuronal acetylcholine receptor subunit alpha-7	P36544	365	not_annotated	sifts	True	True	SEP	238		139	0.615	False	0.088	1	ARG	236	O3P	NH2	2.9	2.9	True	False	True
7NDY	1.44	X-ray	A	89	Barrier-to-autointegration factor, N-terminally processed	O75531	4	experimental	sifts	True	True	SEP	4		139	0.615	False	0.615	1	ARG	8	O1P	NH2	3.66	2.85	True	False	True
3A77	1.8	X-ray	B	242	Interferon regulatory factor 3	Q14653	402	not_annotated	sifts	True	True	SEP	402		139	0.615	False	0.615	0							True	False	True
8TX0	2.0	X-ray	A	307	Interleukin-1 receptor-associated kinase 4	Q9NWZ3	342	experimental	author_numbering	True		TPO	342		150	0.617	False	0.617	2	LYS	367	O3P	NZ	2.57	2.57	True	False	True
8TX0	2.0	X-ray	A	307	Interleukin-1 receptor-associated kinase 4	Q9NWZ3	342	experimental	author_numbering	True		TPO	342		150	0.617	False	0.617	2	LYS	441	O2P	NZ	2.69	2.69	True	False	True
6YLU	1.88	X-ray	B	12	BLNKpT152	Q8WV28	152	not_annotated	author_numbering	True		TPO	152		150	0.617	False	0.07	1	ARG	148	O1P	NH1	2.47	2.47	True	True	False
6RA7	1.2	X-ray	A	306	TRAF2 and NCK-interacting protein kinase	Q9UKE5	181	not_annotated	sifts	True	True	TPO	181		150	0.617	False	0.617	1	LYS	148	O1P	NZ	2.79	2.79	True	False	True
7V0G	1.63	X-ray	E	350	cAMP-dependent protein kinase catalytic subunit alpha	P05132	140	experimental	sifts	True	True	SEP	139		140	0.619	False	0.619	0							False	False	False
6ZFG	1.85	X-ray	B	243	14-3-3 protein zeta/delta,Protein E6	P06463	156	not_annotated	sifts	True	True	TPO	238		151	0.621	False	0.621	1	ARG	236	O3P	NH2	2.71	2.71	False	False	False
3D9M	1.75	X-ray	Z	14	CTD-PEPTIDE	P24928	1801	not_annotated	sifts	True	True	SEP	5		141	0.624	False	0.385	0							True	True	False
6AR2	1.55	X-ray	C	10	ASP-GLY-TPO-MET-LYS-ARG	Q13188	378	experimental	author_numbering	True		TPO	378		152	0.626	False	0.086	0							True	True	False
3P1P	1.95	X-ray	P	6	6-mer peptide from Potassium channel subfamily K member 9	Q9NPC2	373	not_annotated	sifts	True	True	SEP	373		142	0.628	False	0.075	1	ARG	371	O1P	NH2	2.48	2.48	True	True	False
8RRM	2.0	X-ray	C	11	Phosphopeptide designed according to the sequence preferences favouring stabilisation by Fusicoccin-A			no_uniprot_data	unmapped	False		SEP	7		142	0.628	False	0.066	1	ARG	3	O2P	NH2	2.7	2.7	False	True	False
4IAD	1.9	X-ray	A	356	cAMP-dependent protein kinase catalytic subunit alpha	P05132	140	experimental	sifts	True	True	SEP	139		142	0.628	False	0.628	0							False	False	False
4WB5	1.641	X-ray	A	350	cAMP-dependent protein kinase catalytic subunit alpha	P17612	140	by_similarity	sifts	True	True	SEP	139		142	0.628	False	0.628	0							True	False	True
4WB8	1.55	X-ray	A	337	cAMP-dependent protein kinase catalytic subunit alpha	P17612	140	by_similarity	sifts	True	True	SEP	139		142	0.628	False	0.628	0							True	False	True
6UYA	1.74	X-ray	A	320	Interleukin-1 receptor-associated kinase 4	Q9NWZ3	342	experimental	author_numbering	True		TPO	342		153	0.63	False	0.63	1	LYS	367	O2P	NZ	2.78	2.78	True	False	True
4IIR	2.0	X-ray	B	358	Serine/threonine-protein kinase PRP4 homolog	Q13523	849	by_similarity	author_numbering	True		PTR	849		211	0.632	False	0.632	0							True	False	True
3NUU	1.9803	X-ray	A	286	PkB-like	O15530	241	experimental	sifts	True	True	SEP	241		143	0.633	False	0.633	3	LYS	228	O3P	NZ	3.0	3.0	True	False	True
3NUU	1.9803	X-ray	A	286	PkB-like	O15530	241	experimental	sifts	True	True	SEP	241		143	0.633	False	0.633	3	ARG	129	O1P	NH2	3.09	3.09	True	False	True
3NUU	1.9803	X-ray	A	286	PkB-like	O15530	241	experimental	sifts	True	True	SEP	241		143	0.633	False	0.633	3	ARG	204	O1P	NH2	3.14	3.14	True	False	True
7V9B	1.85	X-ray	B	11	ARG-ARG-ARG-ALA-VAL-SEP-MET-ASP-ASN-SER-ASN	O43524	253	experimental	sifts	True	True	SEP	253		143	0.633	False	0.071	1	ARG	249	O1P	NH2	2.73	2.73	True	True	False
4IAY	2.0	X-ray	A	356	cAMP-dependent protein kinase catalytic subunit alpha	P05132	140	experimental	sifts	True	True	SEP	139		143	0.633	False	0.633	0							False	False	False
5EXA	1.95	X-ray	C	11	GRB2-associated-binding protein 2	Q9UQC2	391	experimental	sifts	True	True	TPO	391		154	0.634	False	0.095	1	ARG	389	O1P	NH1	3.31	3.31	True	True	False
6S39	1.88	X-ray	P	12	Cellular tumor antigen p53	P04637	387	not_annotated	sifts	True	True	TPO	387		154	0.634	False	0.041	0							True	True	False
1ZFP	1.8	X-ray	I	7	EPIDERMAL GROWTH FACTOR RECEPTOR-DERIVED PEPTIDE			no_uniprot_data	unmapped	False		PTR	3		212	0.635	False	0.099	0							False	True	False
9KBO	2.0	X-ray	A	291	Shiftless antiviral inhibitor of ribosomal frameshifting protein	Q9NUL5	256	not_annotated	sifts	True	True	SEP	256		144	0.637	False	0.535	1	ARG	14	O1P	NH2	3.17	3.13	True	False	True
4XHK	1.9	X-ray	B	315	Serine/threonine-protein kinase pim-1	P11309	261	experimental	author_numbering	True		SEP	261		144	0.637	False	0.637	1	ARG	258	O3P	NH2	3.29	3.29	True	False	True
2BZI	1.9	X-ray	B	313	PROTO-ONCOGENE SERINE THREONINE PROTEIN KINASE PIM1	P11309	261	experimental	author_numbering	True		SEP	261		144	0.637	False	0.637	1	ARG	258	O3P	NH2	3.35	3.35	True	False	True
3A77	1.8	X-ray	A	242	Interferon regulatory factor 3	Q14653	402	not_annotated	sifts	True	True	SEP	402		144	0.637	False	0.637	0							True	False	True
6UYA	1.74	X-ray	D	320	Interleukin-1 receptor-associated kinase 4	Q9NWZ3	342	experimental	author_numbering	True		TPO	342		155	0.638	False	0.638	2	LYS	441	O3P	NZ	2.79	2.79	True	False	True
6UYA	1.74	X-ray	D	320	Interleukin-1 receptor-associated kinase 4	Q9NWZ3	342	experimental	author_numbering	True		TPO	342		155	0.638	False	0.638	2	LYS	367	O2P	NZ	2.82	2.82	True	False	True
8A62	1.6	X-ray	B	11	Forkhead box protein O1	Q12778	24	experimental	sifts	True	True	TPO	24		155	0.638	False	0.045	0							True	True	False
9KBO	2.0	X-ray	B	291	Shiftless antiviral inhibitor of ribosomal frameshifting protein	Q9NUL5	256	not_annotated	sifts	True	True	SEP	256		145	0.642	False	0.642	1	ARG	14	O1P	NH1	2.7	2.7	True	False	True
8R18	1.89	X-ray	A	313	Serine/threonine-protein kinase pim-1	P11309	261	experimental	author_numbering	True		SEP	261		145	0.642	False	0.642	1	ARG	258	O3P	NH2	3.59	3.59	True	False	True
5JEL	1.6	X-ray	B	21	Phosphorylated TRIF peptide	Q8IUC6	202	not_annotated	sifts	True	True	SEP	202		145	0.642	False	0.518	0							True	True	False
6RKI	1.88	X-ray	P	12	Cellular tumor antigen p53	P04637	387	not_annotated	sifts	True	True	TPO	387		156	0.642	False	0.062	0							True	True	False
6RU8	1.92	X-ray	E	12	Tumor protein 63	Q9H3D4	624	not_annotated	sifts	True	True	SEP	585		146	0.646	False	0.009	0							True	True	False
5NP2	1.6	X-ray	A	61	Tyrosine-protein kinase ABL1	P00519	70	experimental	sifts	True	True	PTR	70		216	0.647	False	0.647	0							True	False	True
8TVN	1.95	X-ray	A	307	Interleukin-1 receptor-associated kinase 4	Q9NWZ3	342	experimental	author_numbering	True		TPO	342		158	0.65	False	0.65	2	LYS	367	O1P	NZ	3.37	3.37	True	False	True
8TVN	1.95	X-ray	A	307	Interleukin-1 receptor-associated kinase 4	Q9NWZ3	342	experimental	author_numbering	True		TPO	342		158	0.65	False	0.65	2	LYS	441	O1P	NZ	3.52	3.52	True	False	True
4IIR	2.0	X-ray	A	358	Serine/threonine-protein kinase PRP4 homolog	Q13523	849	by_similarity	author_numbering	True		PTR	849		217	0.65	False	0.65	0							True	False	True
6RKM	1.88	X-ray	P	12	Cellular tumor antigen p53	P04637	387	not_annotated	sifts	True	True	TPO	387		158	0.65	False	0.082	0							True	True	False
6RU8	1.92	X-ray	G	12	Tumor protein 63	Q9H3D4	624	not_annotated	sifts	True	True	SEP	585		147	0.65	False	0.013	0							True	True	False
6S40	1.9	X-ray	P	12	p53pT387	P04637	387	not_annotated	sifts	True	True	TPO	387		158	0.65	False	0.066	0							True	True	False
6UYS	1.59	X-ray	B	29	Protein PML	P29590		unmapped	unmapped	False		SEP	15		147	0.65	False	0.549	0							True	True	False
8YFM	1.5	X-ray	E	11	TNIP1_FIR_pS122 peptide	Q15025	122	not_annotated	sifts	True	True	SEP	103		147	0.65	False	0.646	0							True	True	False
6AR2	1.55	X-ray	D	10	ASP-GLY-TPO-MET-LYS-ARG	Q13188	378	experimental	author_numbering	True		TPO	378		159	0.654	False	0.091	0							True	True	False
3P1S	1.65	X-ray	P	6	6-mer peptide from Potassium channel subfamily K member 9	Q9NPC2	373	not_annotated	sifts	True	True	SEP	373		148	0.655	False	0.08	1	ARG	371	O1P	NH2	2.74	2.74	True	True	False
8R0W	1.95	X-ray	A	313	Serine/threonine-protein kinase pim-1	P11309	261	experimental	author_numbering	True		SEP	261		148	0.655	False	0.655	1	ARG	258	O2P	NH2	3.66	3.66	True	False	True
7QFM	1.95	X-ray	A	312	Serine/threonine-protein kinase pim-1	P11309	261	experimental	author_numbering	True		SEP	261		148	0.655	False	0.655	1	ARG	258	O3P	NH2	3.69	3.69	True	False	True
6RU8	1.92	X-ray	F	12	Tumor protein 63	Q9H3D4	624	not_annotated	sifts	True	True	SEP	585		148	0.655	False	0.013	0							True	True	False
6RU8	1.92	X-ray	H	12	Tumor protein 63	Q9H3D4	624	not_annotated	sifts	True	True	SEP	585		148	0.655	False	0.013	0							True	True	False
8UCB	1.85	X-ray	D	307	Interleukin-1 receptor-associated kinase 4	Q9NWZ3	342	experimental	author_numbering	True		TPO	342		160	0.658	False	0.658	1	LYS	367	O3P	NZ	3.02	3.02	True	False	True
6RJZ	1.58	X-ray	P	12	Cellular tumor antigen p53	P04637	387	not_annotated	sifts	True	True	TPO	387		160	0.658	False	0.074	0							True	True	False
6RWI	1.65	X-ray	P	12	Cellular tumor antigen p53	P04637	387	not_annotated	sifts	True	True	TPO	387		160	0.658	False	0.082	0							True	True	False
3SMM	2.0	X-ray	P	6	TASK-3 peptide	Q9NPC2	373	not_annotated	sifts	True	True	SEP	373		149	0.659	False	0.115	1	ARG	371	O1P	NH2	2.61	2.61	True	True	False
1BMB	1.8	X-ray	I	9	PROTEIN (PKF270-974)			no_uniprot_data	unmapped	False		PTR	4		220	0.659	False	0.069	0							False	True	False
5GJH	1.2	X-ray	B	8	T-cell-specific surface glycoprotein CD28	P10747	191	experimental	sifts	True	True	PTR	191		220	0.659	False	0.03	0							True	True	False
8YFM	1.5	X-ray	B	11	TNIP1_FIR_pS122 peptide	Q15025	122	not_annotated	sifts	True	True	SEP	103		149	0.659	False	0.659	0							True	True	False
3CLY	2.0	X-ray	A	334	Fibroblast growth factor receptor 2	P21802		unmapped	unmapped	False		PTR	1656		221	0.662	False	0.662	0							True	False	False
8UWN	1.8	X-ray	A	360	Dual specificity protein kinase CLK1	P49759	342	not_annotated	sifts	True	True	TPO	342		161	0.663	False	0.663	1	ARG	198	O3P	NH1	3.38	3.38	True	False	True
8TVN	1.95	X-ray	D	307	Interleukin-1 receptor-associated kinase 4	Q9NWZ3	342	experimental	author_numbering	True		TPO	342		161	0.663	False	0.658	1	LYS	441	O1P	NZ	3.41	3.37	True	False	True
5MHC	1.2	X-ray	P	12	LYS-LEU-MET-PHE-LYS-TPO-GLU-GLY-PRO-ASP-SER-ASP	P04637	387	not_annotated	sifts	True	True	TPO	387		161	0.663	False	0.066	0							True	True	False
5MOC	1.8	X-ray	P	12	p53 C-terminal domain	P04637	387	not_annotated	sifts	True	True	TPO	387		161	0.663	False	0.07	0							True	True	False
6RL3	1.3	X-ray	P	12	Cellular tumor antigen p53	P04637	387	not_annotated	sifts	True	True	TPO	387		161	0.663	False	0.074	0							True	True	False
6RL4	1.6	X-ray	P	12	Cellular tumor antigen p53	P04637	387	not_annotated	sifts	True	True	TPO	387		161	0.663	False	0.066	0							True	True	False
3SML	1.9	X-ray	P	5	TASK-3 peptide	Q9NPC2	373	not_annotated	sifts	True	True	SEP	373		150	0.664	False	0.133	1	ARG	371	O1P	NH2	2.71	2.71	True	True	False
7DYN	2.0	X-ray	C	10	ARG-ARG-PHE-SEP-ARG-SEP-PRO-ILE-ARG-ARG	P18583	2029	by_similarity	sifts	True	True	SEP	4		150	0.664	False	0.265	1	ARG	1	O1P	NE	2.92	2.92	True	True	False
8R0Q	1.7	X-ray	A	313	Serine/threonine-protein kinase pim-1	P11309	261	experimental	author_numbering	True		SEP	261		150	0.664	False	0.664	1	ARG	258	O3P	NH2	3.52	3.52	True	False	True
1JYR	1.55	X-ray	L	9	peptide: PSpYVNVQN			no_uniprot_data	unmapped	False		PTR	1003		222	0.665	False	0.045	0							False	True	False
6RL6	1.6	X-ray	P	12	Cellular tumor antigen p53	P04637	387	not_annotated	sifts	True	True	TPO	387		162	0.667	False	0.074	0							True	True	False
6RWH	1.68	X-ray	P	12	Cellular tumor antigen p53	P04637	387	not_annotated	sifts	True	True	TPO	387		162	0.667	False	0.082	0							True	True	False
6S9Q	1.69	X-ray	P	12	Cellular tumor antigen p53	P04637	387	not_annotated	sifts	True	True	TPO	387		162	0.667	False	0.074	0							True	True	False
9CJ4	1.8	X-ray	A	360	Mitogen-activated protein kinase 14	Q16539	182	experimental	author_numbering	True		PTR	182		223	0.668	False	0.668	1	ARG	186	O2P	NH2	2.82	2.82	True	False	True
6F09	1.594	X-ray	D	13	Ubiquitin carboxyl-terminal hydrolase 8	P40818	718	by_similarity	sifts	True	True	SEP	718		151	0.668	False	0.093	1	ARG	715	O2P	NH2	2.84	2.84	True	True	False
9KBO	2.0	X-ray	D	291	Shiftless antiviral inhibitor of ribosomal frameshifting protein	Q9NUL5	256	not_annotated	sifts	True	True	SEP	256		151	0.668	False	0.668	1	ARG	14	O1P	NH1	3.15	3.01	True	False	True
3Q4A	1.542	X-ray	C	10	Smad1 peptide	Q15797	463	experimental	sifts	True	True	SEP	463		151	0.668	False	0.491	0							True	True	False
4CH2	1.6	X-ray	P	14	PLATELET GLYCOPROTEIN IB ALPHA CHAIN, RESIDUES 287-300	P07359		unmapped	unmapped	False		PTR	276		223	0.668	False	0.138	0							True	True	False
8W3X	1.765	X-ray	A	323	Interleukin-1 receptor-associated kinase 4	Q9NWZ3	342	experimental	sifts	True	True	TPO	342		163	0.671	False	0.671	2	LYS	367	O2P	NZ	3.3	3.3	True	False	True
8W3X	1.765	X-ray	A	323	Interleukin-1 receptor-associated kinase 4	Q9NWZ3	342	experimental	sifts	True	True	TPO	342		163	0.671	False	0.671	2	LYS	441	O3P	NZ	3.86	3.39	True	False	True
5GJH	1.2	X-ray	D	8	T-cell-specific surface glycoprotein CD28	P10747	191	experimental	sifts	True	True	PTR	191		224	0.671	False	0.084	0							True	True	False
6RWS	1.53	X-ray	P	12	Cellular tumor antigen p53	P04637	387	not_annotated	sifts	True	True	TPO	387		163	0.671	False	0.086	0							True	True	False
6RWU	1.46	X-ray	P	12	Cellular tumor antigen p53	P04637	387	not_annotated	sifts	True	True	TPO	387		163	0.671	False	0.086	0							True	True	False
3P1Q	1.7	X-ray	P	6	6-mer peptide from Potassium channel subfamily K member 9	Q9NPC2	373	not_annotated	sifts	True	True	SEP	373		152	0.673	False	0.088	1	ARG	371	O1P	NH2	2.63	2.63	True	True	False
3SMN	2.0	X-ray	P	6	TASK-3 peptide	Q9NPC2	373	not_annotated	sifts	True	True	SEP	373		152	0.673	False	0.133	1	ARG	371	O1P	NH2	2.65	2.65	True	True	False
9QNL	1.3	X-ray	B	10	Bcl2-associated agonist of cell death	Q92934	118	by_similarity	sifts	True	True	SEP	118		152	0.673	False	0.142	1	ARG	116	O3P	NH2	2.77	2.77	True	True	False
8R27	1.95	X-ray	A	313	Serine/threonine-protein kinase pim-1	P11309	261	experimental	author_numbering	True		SEP	261		152	0.673	False	0.673	1	ARG	258	O3P	NH2	3.55	3.55	True	False	True
5K9P	1.55	X-ray	A	76	Polyubiquitin-B	P0CG47	172	not_annotated	sifts	True	True	SEP	20		152	0.673	False	0.673	0							True	False	True
7OB5	1.8	X-ray	P	11	LDB1 phosphopeptide	Q86U70	410	not_annotated	sifts	True	True	SEP	410		152	0.673	False	0.044	0							True	True	False
6RM7	1.6	X-ray	P	12	Cellular tumor antigen p53	P04637	387	not_annotated	sifts	True	True	TPO	387		164	0.675	False	0.074	0							True	True	False
6SLV	1.9	X-ray	P	12	Cellular tumor antigen p53	P04637	387	not_annotated	sifts	True	True	TPO	387		164	0.675	False	0.078	0							True	True	False
1UU3	1.7	X-ray	A	310	3-PHOSPHOINOSITIDE DEPENDENT PROTEIN KINASE-1	O15530	241	experimental	sifts	True	True	SEP	241		153	0.677	False	0.677	2	ARG	204	O1P	NH2	2.9	2.9	True	False	True
1UU3	1.7	X-ray	A	310	3-PHOSPHOINOSITIDE DEPENDENT PROTEIN KINASE-1	O15530	241	experimental	sifts	True	True	SEP	241		153	0.677	False	0.677	2	ARG	129	O1P	NH1	3.12	3.12	True	False	True
6L12	1.87	X-ray	A	289	Serine/threonine-protein kinase pim-1	P11309	261	experimental	author_numbering	True		SEP	261		153	0.677	False	0.677	1	ARG	258	O2P	NH2	3.23	3.23	True	False	True
8R1K	1.95	X-ray	A	313	Serine/threonine-protein kinase pim-1	P11309	261	experimental	author_numbering	True		SEP	261		153	0.677	False	0.677	1	ARG	258	O3P	NH2	3.52	3.52	True	False	True
3DDS	1.8	X-ray	A	848	Glycogen phosphorylase, liver form	P06737		unmapped	unmapped	False		SEP	14		153	0.677	False	0.677	0							True	False	False
6A1F	1.5	X-ray	A	360	Dual specificity tyrosine-phosphorylation-regulated kinase 1A	Q13627	321	experimental	sifts	True	True	PTR	321		227	0.68	False	0.68	1	LYS	390	O2P	NZ	2.79	2.79	True	False	True
3BGQ	2.0	X-ray	A	333	Proto-oncogene serine/threonine-protein kinase Pim-1	P11309	261	experimental	author_numbering	True		SEP	261		154	0.681	False	0.681	1	ARG	258	O1P	NH2	2.67	2.67	True	False	True
4IAY	2.0	X-ray	S	20	phosphorylated pseudo-substrate peptide pSP20	P61925	22	mapping_conflict	sifts_conflict	False	True	SEP	621		154	0.681	False	0.168	0							True	True	False
4YMJ	2.0	X-ray	B	304	NT-3 growth factor receptor	Q16288	706	not_annotated	sifts	True	True	SEP	706		154	0.681	False	0.681	0							True	False	True
6KC4	1.37	X-ray	J	7	phosphopeptide (EDpYENVD)			no_uniprot_data	unmapped	False		PTR	3		228	0.683	False	0.063	0							False	True	False
6SIN	1.64	X-ray	P	12	Cellular tumor antigen p53	P04637	387	not_annotated	sifts	True	True	TPO	387		166	0.683	False	0.086	0							True	True	False
6SIO	1.60418	X-ray	P	12	Cellular tumor antigen p53	P04637	387	not_annotated	sifts	True	True	TPO	387		166	0.683	False	0.086	0							True	True	False
6SIP	1.6004470265	X-ray	P	12	Cellular tumor antigen p53	P04637	387	not_annotated	sifts	True	True	TPO	387		166	0.683	False	0.082	0							True	True	False
6QIU	1.802	X-ray	P	10	Ataxin-1 phosphopeptide	P54253	775	experimental	sifts	True	True	SEP	776		155	0.686	False	0.146	1	ARG	774	O2P	NH2	2.68	2.68	True	True	False
8P1H	1.95	X-ray	B	248	Tyrosine 3-monooxygenase/tryptophan 5-monooxygenase activation protein zeta,Neuronal acetylcholine receptor subunit alpha-7	P36544	365	not_annotated	sifts	True	True	SEP	238		155	0.686	False	0.146	1	ARG	236	O3P	NH2	2.87	2.87	True	False	True
6RU8	1.92	X-ray	F	12	Tumor protein 63	Q9H3D4	627	not_annotated	sifts	True	True	SEP	588		155	0.686	False	0.19	0							True	True	False
6S9K	1.6	X-ray	B	34	Caspase-2	P42575	139	not_annotated	author_numbering	True		SEP	139		155	0.686	False	0.071	0							True	False	True
6SIQ	1.60121	X-ray	P	12	Cellular tumor antigen p53	P04637	387	not_annotated	sifts	True	True	TPO	387		167	0.687	False	0.078	0							True	True	False
1IR3	1.9	X-ray	A	306	INSULIN RECEPTOR	P06213	1185	experimental	sifts	True	True	PTR	1158		230	0.689	False	0.689	0							True	False	True
6S17	1.1	X-ray	A	361	Dual specificity tyrosine-phosphorylation-regulated kinase 1A	Q13627	321	experimental	author_numbering	True		PTR	321		230	0.689	False	0.689	0							True	False	True
1QJA	2.0	X-ray	Q	8	PHOSPHOPEPTIDE			no_uniprot_data	unmapped	False		SEP	7		156	0.69	False	0.08	1	ARG	3	O1P	NH2	2.77	2.77	False	True	False
6YKD	1.86	X-ray	A	329	Serine/threonine-protein kinase pim-1	P11309	261	experimental	author_numbering	True		SEP	261		156	0.69	False	0.69	1	ARG	258	O2P	NH2	3.53	3.53	True	False	True
8R0H	1.88	X-ray	A	313	Serine/threonine-protein kinase pim-1	P11309	261	experimental	author_numbering	True		SEP	261		156	0.69	False	0.69	1	ARG	258	O3P	NH2	3.56	3.56	True	False	True
4RXZ	1.55	X-ray	A	85	Protein Mdm4	O15151	99	not_annotated	sifts	True	True	PTR	99		231	0.692	False	0.587	0							True	False	True
6XXC	1.3	X-ray	B	9	Estrogen Related Receptor gamma phosphopeptide	P62508	179	not_annotated	author_numbering	True		SEP	179		157	0.695	False	0.15	1	ARG	177	O3P	NH2	2.71	2.71	True	True	False
6L17	1.75	X-ray	A	289	Serine/threonine-protein kinase pim-1	P11309	261	experimental	author_numbering	True		SEP	261		157	0.695	False	0.695	1	ARG	258	O3P	NH2	3.58	3.58	True	False	True
3A77	1.8	X-ray	D	242	Interferon regulatory factor 3	Q14653	402	not_annotated	author_numbering	True		SEP	402		157	0.695	False	0.695	0							True	False	True
6KC4	1.37	X-ray	L	7	phosphopeptide (EDpYENVD)			no_uniprot_data	unmapped	False		PTR	3		232	0.695	False	0.06	0							False	True	False
8T2H	1.85	X-ray	B	365	Dual specificity tyrosine-phosphorylation-regulated kinase 1A	Q13627	321	experimental	author_numbering	True		PTR	321		232	0.695	False	0.243	0							True	False	True
8A65	1.6	X-ray	B	8	Forkhead box protein O1	Q12778	24	experimental	sifts	True	True	TPO	24		170	0.7	False	0.078	0							True	True	False
3OLL	1.5	X-ray	A	240	Estrogen receptor beta	Q92731	488	not_annotated	author_numbering	True		PTR	488		234	0.701	False	0.701	0							True	False	True
3OLL	1.5	X-ray	B	240	Estrogen receptor beta	Q92731	488	not_annotated	author_numbering	True		PTR	488		234	0.701	False	0.701	0							True	False	True
1QJA	2.0	X-ray	R	8	PHOSPHOPEPTIDE			no_uniprot_data	unmapped	False		SEP	7		159	0.704	False	0.084	1	ARG	3	O1P	NH2	2.65	2.65	False	True	False
7ZIT	1.79	X-ray	D	7	Nucleoprotein	P0DTC9	197	not_annotated	sifts	True	True	SEP	197		159	0.704	False	0.137	1	ARG	195	O1P	NH2	2.72	2.72	False	True	False
6L14	1.95	X-ray	A	289	Serine/threonine-protein kinase pim-1	P11309	261	experimental	author_numbering	True		SEP	261		159	0.704	False	0.704	1	ARG	258	O3P	NH2	3.57	3.57	True	False	True
1YI6	2.0	X-ray	B	276	Proto-oncogene tyrosine-protein kinase Src	P12931	419	by_similarity	sifts	True	True	PTR	416		235	0.704	False	0.704	0							True	False	True
2VO0	1.94	X-ray	A	351	CAMP-DEPENDENT PROTEIN KINASE, ALPHA-CATALYTIC SUBUNITPROTE	P00517	11	by_similarity	sifts	True	True	SEP	10		159	0.704	False	0.704	0							False	False	False
4CH2	1.6	X-ray	P	14	PLATELET GLYCOPROTEIN IB ALPHA CHAIN, RESIDUES 287-300	P07359		unmapped	unmapped	False		PTR	279		235	0.704	False	0.584	0							True	True	False
8DGQ	1.95	X-ray	U	29	Rho GTPase-activating protein 35	Q9NRY4	1105	experimental	author_numbering	True		PTR	1105		235	0.704	False	0.126	0							True	True	False
9S2M	2.0	X-ray	H	11	RAF proto-oncogene serine/threonine-protein kinase	P04049	259	experimental	sifts	True	True	SEP	259		159	0.704	False	0.035	0							True	True	False
5TQS	1.876	X-ray	G	11	Receptor protein-tyrosine kinase	P04626	1222	not_annotated	sifts	True	True	PTR	783		236	0.707	False	0.102	0							True	True	False
6KC4	1.37	X-ray	F	7	phosphopeptide (EDpYENVD)			no_uniprot_data	unmapped	False		PTR	3		236	0.707	False	0.063	0							False	True	False
6XWD	1.60000193301	X-ray	P	9	Amino peptidase N 38-46	P15144	43	not_annotated	sifts	True	True	SEP	43		160	0.708	False	0.062	1	LYS	39	O2P	NZ	2.56	2.56	True	True	False
3SPR	1.99	X-ray	P	6	TASK-3 peptide	Q9NPC2	373	not_annotated	sifts	True	True	SEP	373		160	0.708	False	0.168	1	ARG	371	O1P	NH2	2.6	2.6	True	True	False
8C3Z	1.4	X-ray	B	17	Estrogen receptor			no_uniprot_data	unmapped	False		TPO	594		172	0.708	False	0.16	1	ARG	592	O2P	NH2	2.81	2.81	False	True	False
7QI1	1.76	X-ray	F	28	Cystic fibrosis transmembrane conductance regulator	P13569	753	experimental	sifts	True	True	SEP	753		160	0.708	False	0.106	1	ARG	751	O3P	NH2	2.84	2.84	True	True	False
5IEH	1.5	X-ray	C	9	Inner centromere protein	Q9NQS7	50	not_annotated	sifts	True	True	SEP	4		160	0.708	False	0.46	1	LYS	5	O3P	NZ	2.85	1.33	True	True	False
2BIK	1.8	X-ray	B	313	PROTO-ONCOGENE SERINE/THREONINE-PROTEIN KINASE PIM-1	P11309	261	experimental	author_numbering	True		SEP	261		160	0.708	False	0.708	0							True	False	True
7QUX	1.48	X-ray	A	352	Casein kinase II subunit alpha	P68400	2	not_annotated	sifts	True	True	SEP	2		160	0.708	False	0.708	0							True	False	True
6KC4	1.37	X-ray	B	7	phosphopeptide (EDpYENVD)			no_uniprot_data	unmapped	False		PTR	3		237	0.71	False	0.057	0							False	True	False
7OBG	1.8	X-ray	B	11	NPM1 phosphopeptide	P06748	293	not_annotated	sifts	True	True	SEP	293		161	0.712	False	0.124	1	ARG	291	O2P	NH2	2.72	2.72	True	True	False
7OBH	2.0	X-ray	B	11	NPM1 phosphopeptide	P06748	293	not_annotated	sifts	True	True	SEP	293		161	0.712	False	0.168	1	ARG	291	O2P	NH2	2.74	2.74	True	True	False
8C40	1.4	X-ray	B	8	Estrogen Receptor alpha phosphopeptide			no_uniprot_data	unmapped	False		TPO	594		173	0.712	False	0.193	1	ARG	592	O1P	NH2	2.82	2.82	False	True	False
7ZIT	1.79	X-ray	C	7	Nucleoprotein	P0DTC9	197	not_annotated	sifts	True	True	SEP	197		161	0.712	False	0.155	1	ARG	195	O3P	NH2	2.84	2.84	False	True	False
7OQ9	1.8	X-ray	P	17	Peptidyl-prolyl cis-trans isomerase NIMA-interacting 1	Q13526	72	not_annotated	author_numbering	True		SEP	72		161	0.712	False	0.04	1	ARG	74	O2P	NE	3.04	2.88	True	True	False
4BZN	1.9	X-ray	A	314	SERINE/THREONINE-PROTEIN KINASE PIM-1	P11309	261	experimental	author_numbering	True		SEP	261		161	0.712	False	0.712	1	ARG	258	O2P	NH2	3.38	3.38	True	False	True
5LCQ	1.423	X-ray	A	353	cAMP-dependent protein kinase catalytic subunit alpha	P25321	11	by_similarity	sifts	True	True	SEP	10		161	0.712	False	0.712	0							False	False	False
5LCR	1.565	X-ray	A	353	cAMP-dependent protein kinase catalytic subunit alpha	P25321	11	by_similarity	sifts	True	True	SEP	10		161	0.712	False	0.712	0							False	False	False
5M0B	1.506	X-ray	A	353	cAMP-dependent protein kinase catalytic subunit alpha	P25321	11	by_similarity	sifts	True	True	SEP	10		161	0.712	False	0.712	0							False	False	False
5M75	1.538	X-ray	A	353	cAMP-dependent protein kinase catalytic subunit alpha	P25321	11	by_similarity	sifts	True	True	SEP	10		161	0.712	False	0.712	0							False	False	False
6S3C	2.0	X-ray	P	12	p53pT387	P04637	387	not_annotated	sifts	True	True	TPO	387		173	0.712	False	0.074	0							True	True	False
1YWN	1.71	X-ray	A	316	Vascular endothelial growth factor receptor 2	P35968	1059	experimental	sifts	True	True	PTR	1057		238	0.713	False	0.713	0							True	False	True
6S1H	1.05	X-ray	A	361	Dual specificity tyrosine-phosphorylation-regulated kinase 1A	Q13627	321	experimental	author_numbering	True		PTR	321		238	0.713	False	0.713	0							True	False	True
6NJA	1.92	X-ray	A	314	Proto-oncogene tyrosine-protein kinase receptor Ret	P07949	900	experimental	sifts	True	True	PTR	900		239	0.716	False	0.716	0							True	False	True
6S14	1.05	X-ray	A	361	Dual specificity tyrosine-phosphorylation-regulated kinase 1A	Q13627	321	experimental	author_numbering	True		PTR	321		239	0.716	False	0.716	0							True	False	True
6XLI	2.0	X-ray	P	14	Tau Phosphopeptide (Ac-SR(pT)PSLP(pT)PPTRE-OH)	P10636	529	experimental	sifts	True	True	TPO	212		174	0.716	False	0.28	0							True	True	False
3P1N	1.4	X-ray	P	6	6-mer peptide from Potassium channel subfamily K member 9	Q9NPC2	373	not_annotated	sifts	True	True	SEP	373		162	0.717	False	0.208	1	ARG	371	O3P	NH2	2.81	2.81	True	True	False
30ZX	1.5	X-ray	P	13	interaction cassette peptide 2			no_uniprot_data	unmapped	False		SEP	373		162	0.717	False	0.208	1	ARG	371	O3P	NH2	2.84	2.84	False	True	False
9TES	1.217	X-ray	B	13	Programmed cell death protein 4	Q53EL6	76	by_similarity	author_numbering	True		SEP	76		162	0.717	False	0.212	1	ARG	73	O1P	NH1	2.97	2.97	True	True	False
3UZD	1.86	X-ray	B	17	Histone deacetylase 4	P56524		unmapped	unmapped	False		SEP	8		162	0.717	False	0.066	0							True	True	False
5LCU	1.579	X-ray	A	353	cAMP-dependent protein kinase catalytic subunit alpha	P25321	11	by_similarity	sifts	True	True	SEP	10		162	0.717	False	0.717	0							False	False	False
5M6V	1.418	X-ray	A	353	cAMP-dependent protein kinase catalytic subunit alpha	P25321	11	by_similarity	sifts	True	True	SEP	10		162	0.717	False	0.717	0							False	False	False
4YLK	1.4	X-ray	A	361	Dual specificity tyrosine-phosphorylation-regulated kinase 1A	Q13627	321	experimental	author_numbering	True		PTR	321		240	0.719	False	0.719	0							True	False	True
4YLL	1.4	X-ray	A	361	Dual specificity tyrosine-phosphorylation-regulated kinase 1A	Q13627	321	experimental	author_numbering	True		PTR	321		240	0.719	False	0.719	0							True	False	True
6ZFD	1.9	X-ray	A	243	14-3-3 protein zeta/delta,Protein E6	P06463	156	not_annotated	sifts	True	True	TPO	238		175	0.72	False	0.72	1	ARG	236	O1P	NH1	2.69	2.69	False	False	False
8A66	1.901	X-ray	B	298	Serine/threonine-protein kinase 3 36kDa subunit	Q13188		unmapped	unmapped	False		TPO	276		175	0.72	False	0.72	1	ARG	243	O2P	NE	3.49	3.49	True	False	False
6RKK	1.88	X-ray	P	12	Cellular tumor antigen p53	P04637	387	not_annotated	sifts	True	True	TPO	387		175	0.72	False	0.091	0							True	True	False
3SMO	1.8	X-ray	P	6	TASK-3 peptide	Q9NPC2	373	not_annotated	sifts	True	True	SEP	373		163	0.721	False	0.195	1	ARG	371	O3P	NH2	2.8	2.8	True	True	False
5Y86	1.9	X-ray	A	588	Dual specificity tyrosine-phosphorylation-regulated kinase 3	O43781	445	not_annotated	author_numbering	True		SEP	445		163	0.721	False	0.721	1	ARG	450	O1P	NH2	3.02	3.02	True	False	True
8R1T	2.0	X-ray	A	313	Serine/threonine-protein kinase pim-1	P11309	261	experimental	author_numbering	True		SEP	261		163	0.721	False	0.721	1	ARG	258	O3P	NH2	3.55	3.55	True	False	True
5M0U	1.667	X-ray	A	353	cAMP-dependent protein kinase catalytic subunit alpha	P25321	11	by_similarity	sifts	True	True	SEP	10		163	0.721	False	0.721	0							False	False	False
5M6Y	1.367	X-ray	A	353	cAMP-dependent protein kinase catalytic subunit alpha	P25321	11	by_similarity	sifts	True	True	SEP	10		163	0.721	False	0.721	0							False	False	False
6R5L	1.884	X-ray	P	12	p53pT387	P04637	387	not_annotated	sifts	True	True	TPO	387		176	0.724	False	0.091	0							True	True	False
6Y40	1.75	X-ray	P	16	PLN peptide	P26678		unmapped	unmapped	False		SEP	387		164	0.726	False	0.212	1	ARG	385	O2P	NH2	2.67	2.67	True	True	False
6Y1D	1.38	X-ray	B	10	Estrogen related receptor gamma phosphopeptide	P62508	179	not_annotated	sifts	True	True	SEP	179		164	0.726	False	0.195	1	ARG	177	O3P	NH2	2.71	2.71	True	True	False
4FJ3	1.95	X-ray	P	36	RAF proto-oncogene serine/threonine-protein kinase	P04049	233	not_annotated	author_numbering	True		SEP	233		164	0.726	False	0.128	1	ARG	231	O1P	NH1	2.79	2.79	True	False	True
30ZW	1.4	X-ray	P	15	interaction cassette peptide			no_uniprot_data	unmapped	False		SEP	373		164	0.726	False	0.204	1	ARG	371	O3P	NH2	2.81	2.81	False	True	False
7BFW	1.8	X-ray	P	17	Peptidyl-prolyl cis-trans isomerase NIMA-interacting 1	Q13526	72	not_annotated	author_numbering	True		SEP	72		164	0.726	False	0.128	1	ARG	69	O1P	NH2	3.93	3.93	True	True	False
5LCP	1.433	X-ray	A	353	cAMP-dependent protein kinase catalytic subunit alpha	P25321	11	by_similarity	sifts	True	True	SEP	10		164	0.726	False	0.726	0							False	False	False
6UYS	1.59	X-ray	B	29	Protein PML	P29590		unmapped	unmapped	False		SEP	17		164	0.726	False	0.394	0							True	True	False
6Y3O	1.5	X-ray	P	8	CAMKK2	Q96RR4	100	by_similarity	author_numbering	True		SEP	100		164	0.726	False	0.031	0							True	True	False
7AOG	1.5	X-ray	P	17	Peptidyl-prolyl cis-trans isomerase NIMA-interacting 1	Q13526	72	not_annotated	author_numbering	True		SEP	72		164	0.726	False	0.08	0							True	True	False
8ZXW	1.33	X-ray	C	12	RAC-gamma serine/threonine-protein kinase	Q9Y243		unmapped	unmapped	False		SEP	8		164	0.726	False	0.137	0							True	True	False
9S2M	2.0	X-ray	S	11	RAF proto-oncogene serine/threonine-protein kinase	P04049	259	experimental	sifts	True	True	SEP	259		164	0.726	False	0.035	0							True	True	False
9T9W	1.162	X-ray	C	12	NF-kappa-B inhibitor alpha	P25963	36	experimental	author_numbering	True		SEP	36		164	0.726	False	0.186	0							True	True	False
5TQS	1.876	X-ray	E	11	Receptor protein-tyrosine kinase	P04626		unmapped	unmapped	False		PTR	783		243	0.728	False	0.129	0							True	True	False
3P1R	1.7	X-ray	P	6	6-mer peptide from Potassium channel subfamily K member 9	Q9NPC2	373	not_annotated	sifts	True	True	SEP	373		165	0.73	False	0.133	1	ARG	371	O1P	NH2	2.75	2.75	True	True	False
8BFC	1.4	X-ray	B	14	Rho-related GTP-binding protein RhoE	P61587	240	not_annotated	author_numbering	True		SEP	240		165	0.73	False	0.142	1	LYS	237	O3P	NZ	2.77	2.77	True	True	False
6HEP	1.86	X-ray	F	28	Cystic fibrosis transmembrane conductance regulator	P13569	768	experimental	sifts	True	True	SEP	768		165	0.73	False	0.066	1	ARG	766	O2P	NH2	2.81	2.81	True	True	False
30YJ	1.5	X-ray	P	13	interaction cassette peptide 2			no_uniprot_data	unmapped	False		SEP	373		165	0.73	False	0.142	1	ARG	371	O3P	NH2	2.85	2.85	False	True	False
5LI1	2.0	X-ray	A	354	Protein kinase C iota type	P41743	484	not_annotated	sifts	True	True	SEP	484		165	0.73	False	0.73	1	LYS	349	O2P	NZ	2.94	2.94	True	False	True
8QS7	1.8	X-ray	P	10	C-RAF peptide pS259			no_uniprot_data	unmapped	False		SEP	259		165	0.73	False	0.106	1	ARG	256	O2P	NH1	3.03	3.03	False	True	False
5LCT	1.615	X-ray	A	353	cAMP-dependent protein kinase catalytic subunit alpha	P25321	11	by_similarity	sifts	True	True	SEP	10		165	0.73	False	0.73	0							False	False	False
5M71	1.488	X-ray	A	353	cAMP-dependent protein kinase catalytic subunit alpha	P25321	11	by_similarity	sifts	True	True	SEP	10		165	0.73	False	0.73	0							False	False	False
6KZG	2.0	X-ray	Q	8	ARG-SER-MET-SER-GLU-THR-GLY-THR	Q96RK0	1210	not_annotated	sifts	True	True	SEP	301		165	0.73	False	0.066	0							True	True	False
9GG7	1.24	X-ray	C	14	Isoform Tau-G of Microtubule-associated protein tau	P10636		unmapped	unmapped	False		SEP	324		165	0.73	False	0.058	0							True	True	False
9GG7	1.24	X-ray	P	14	Isoform Tau-G of Microtubule-associated protein tau	P10636		unmapped	unmapped	False		SEP	324		165	0.73	False	0.058	0							True	True	False
5OS0	1.74	X-ray	A	265	Aurora kinase A	O14965	288	experimental	sifts	True	True	TPO	288		178	0.733	False	0.733	0							True	False	True
6XLI	2.0	X-ray	F	14	Tau Phosphopeptide (Ac-SR(pT)PSLP(pT)PPTRE-OH)	P10636	529	experimental	sifts	True	True	TPO	212		178	0.733	False	0.288	0							True	True	False
6NE7	1.99	X-ray	A	314	Proto-oncogene tyrosine-protein kinase receptor Ret	P07949	900	experimental	sifts	True	True	PTR	900		245	0.734	False	0.734	0							True	False	True
7QI1	1.76	X-ray	F	28	Cystic fibrosis transmembrane conductance regulator	P13569	768	experimental	sifts	True	True	SEP	768		166	0.735	False	0.066	1	ARG	766	O2P	NH2	2.7	2.7	True	True	False
6HEP	1.86	X-ray	E	28	Cystic fibrosis transmembrane conductance regulator	P13569	768	experimental	sifts	True	True	SEP	768		166	0.735	False	0.062	1	ARG	766	O2P	NH2	2.73	2.73	True	True	False
3A77	1.8	X-ray	C	242	Interferon regulatory factor 3	Q14653	386	experimental	sifts	True	True	SEP	386		166	0.735	False	0.735	0							True	False	True
8QS8	1.8	X-ray	P	10	C-RAF peptide			no_uniprot_data	unmapped	False		SEP	259		166	0.735	False	0.08	0							False	True	False
9QNG	1.35	X-ray	B	9	Forkhead box protein O3	O43524	413	experimental	sifts	True	True	SEP	413		166	0.735	False	0.097	0							True	True	False
5ORS	1.98	X-ray	A	265	Aurora kinase A	O14965	288	experimental	sifts	True	True	TPO	288		179	0.737	False	0.737	0							True	False	True
5ORX	1.88	X-ray	A	265	Aurora kinase A	O14965	288	experimental	sifts	True	True	TPO	288		179	0.737	False	0.737	0							True	False	True
5OSE	1.9	X-ray	A	265	Aurora kinase A	O14965	288	experimental	sifts	True	True	TPO	288		179	0.737	False	0.737	0							True	False	True
6RIR	1.767	X-ray	B	184	Ras-related protein Rab-8A	P61006	72	experimental	author_numbering	True		TPO	72		179	0.737	False	0.42	0							True	False	True
4FR3	1.9	X-ray	P	6	TASK-3 peptide	Q9NPC2	373	not_annotated	sifts	True	True	SEP	1		167	0.739	False	0.181	1	ARG	-1	O3P	NH2	2.64	2.64	True	True	False
3UX0	1.75	X-ray	P	6	TASK3 PHOSPHOPEPTIDE	Q9NPC2	373	not_annotated	sifts	True	True	SEP	373		167	0.739	False	0.133	1	ARG	371	O3P	NH2	2.77	2.77	True	True	False
3SP5	1.8	X-ray	P	6	TASK-3 peptide	Q9NPC2	373	not_annotated	sifts	True	True	SEP	373		167	0.739	False	0.204	1	ARG	371	O3P	NH2	2.8	2.8	True	True	False
5DWR	2.0	X-ray	A	328	Serine/threonine-protein kinase pim-1	P11309	261	experimental	author_numbering	True		SEP	261		167	0.739	False	0.739	1	ARG	258	O2P	NH1	3.37	3.37	True	False	True
7NDY	1.44	X-ray	B	89	Barrier-to-autointegration factor, N-terminally processed	O75531	4	experimental	sifts	True	True	SEP	4		167	0.739	False	0.739	1	ARG	8	O3P	NH1	3.95	2.97	True	False	True
3A77	1.8	X-ray	B	242	Interferon regulatory factor 3	Q14653	386	experimental	sifts	True	True	SEP	386		167	0.739	False	0.739	0							True	False	True
4IB0	1.87	X-ray	S	20	phosphorylated pseudo-substrate peptide pSP20	P61925	22	mapping_conflict	sifts_conflict	False	True	SEP	621		167	0.739	False	0.097	0							True	True	False
6KZG	2.0	X-ray	C	8	ARG-SER-MET-SER-GLU-THR-GLY-THR	Q96RK0	1210	not_annotated	sifts	True	True	SEP	301		167	0.739	False	0.071	0							True	True	False
6TCH	1.801	X-ray	A	12	DLY-NVA-PPN-KCJ-SEP-PPN-B3S-BAL-PPN-LYS			no_uniprot_data	unmapped	False		SEP	4		167	0.739	False	0.146	0							False	True	False
6Y8D	1.51	X-ray	B	8	VAL-GLU-HIS-SEP-LEU-ASP-ASN-LYS	P42575		unmapped	unmapped	False		SEP	303		167	0.739	False	0.146	0							True	True	False
8Q55	1.3	X-ray	P	9	C-RAF peptide pS259			no_uniprot_data	unmapped	False		SEP	259		167	0.739	False	0.164	0							False	True	False
2CI9	1.5	X-ray	L	12	TRANSLOCATED INTIMIN RECEPTOR	B7UM99	474	experimental	author_numbering	True		PTR	474		247	0.74	False	0.093	0							False	True	False
2CI9	1.5	X-ray	M	12	TRANSLOCATED INTIMIN RECEPTOR	B7UM99	474	experimental	sifts	True	True	PTR	474		247	0.74	False	0.093	0							False	True	False
2OQ1	1.9	X-ray	B	19	T-cell surface glycoprotein CD3 zeta chain	P20963	72	by_similarity	sifts	True	True	PTR	304		247	0.74	False	0.204	0							True	True	False
6ZFD	1.9	X-ray	B	243	14-3-3 protein zeta/delta,Protein E6	P06463	156	not_annotated	sifts	True	True	TPO	238		180	0.741	False	0.741	1	ARG	236	O3P	NH2	2.69	2.69	False	False	False
5OSD	1.99	X-ray	A	267	Aurora kinase A	O14965	288	experimental	sifts	True	True	TPO	288		180	0.741	False	0.741	0							True	False	True
6BCR	1.986	X-ray	G	14	Insulin receptor substrate protein of 53 kDa, peptide (IRSp53)	Q9UQB8	340	by_similarity	author_numbering	True		TPO	340		180	0.741	False	0.086	0							True	True	False
6XLI	2.0	X-ray	E	14	Tau Phosphopeptide (Ac-SR(pT)PSLP(pT)PPTRE-OH)	P10636	529	experimental	sifts	True	True	TPO	212		180	0.741	False	0.152	0							True	True	False
8A9G	1.961	X-ray	C	13	Glucocorticoid receptor	P04150	524	not_annotated	sifts	True	True	TPO	524		180	0.741	False	0.095	0							True	True	False
3P1O	1.9	X-ray	P	6	6-mer peptide from Potassium channel subfamily K member 9	Q9NPC2	373	not_annotated	sifts	True	True	SEP	373		168	0.743	False	0.142	1	ARG	371	O3P	NH2	2.76	2.76	True	True	False
28UW	1.4	X-ray	P	15	interaction cassette peptide			no_uniprot_data	unmapped	False		SEP	373		168	0.743	False	0.146	1	ARG	371	O3P	NH2	2.83	2.83	False	True	False
9TES	1.217	X-ray	B	13	Programmed cell death protein 4	Q53EL6	71	by_similarity	author_numbering	True		SEP	71		168	0.743	False	0.088	1	ARG	69	O1P	NH2	2.87	2.87	True	True	False
8QS4	2.0	X-ray	P	10	C-RAF peptide pS259			no_uniprot_data	unmapped	False		SEP	259		168	0.743	False	0.111	1	ARG	256	O2P	NH1	3.19	3.19	False	True	False
7CIR	1.81	X-ray	C	10	ARG-ARG-PHE-SEP-ARG-SER-PRO-ILE-ARG-ARG	P18583	2029	by_similarity	sifts	True	True	SEP	4		168	0.743	False	0.513	1	ARG	5	O3P	NE	3.32	1.33	True	True	False
9YKI	1.95	X-ray	A	313	Serine/threonine-protein kinase pim-1	P11309	261	experimental	author_numbering	True		SEP	261		168	0.743	False	0.743	1	ARG	258	O1P	NH2	3.6	3.6	True	False	True
30TN	1.8	X-ray	P	7	TSC2 peptide pS1254 strong mutant			no_uniprot_data	unmapped	False		SEP	1254		168	0.743	False	0.053	0							False	True	False
3BU6	1.95	X-ray	A	306	insulin receptor subunit beta	P06213	1185	experimental	sifts	True	True	PTR	1158		248	0.743	False	0.743	0							True	False	True
8RS8	1.31	X-ray	F	11	Telomere-associated protein RIF1	Q5UIP0	2265	not_annotated	sifts	True	True	SEP	2265		168	0.743	False	0.243	0							True	True	False
7OBK	1.8	X-ray	B	11	PKR phosphopeptide	P19525	550	not_annotated	sifts	True	True	TPO	550		181	0.745	False	0.128	1	ARG	548	O3P	NH1	2.76	2.76	True	True	False
8C42	1.4	X-ray	B	8	Estrogen receptor	P03372	594	not_annotated	sifts	True	True	TPO	594		181	0.745	False	0.181	1	ARG	592	O2P	NH2	2.84	2.84	True	True	False
3LW1	1.28	X-ray	P	9	peptide of Cellular tumor antigen p53	P04637	387	not_annotated	sifts	True	True	TPO	387		181	0.745	False	0.074	0							True	True	False
5OS3	1.81	X-ray	A	265	Aurora kinase A	O14965	288	experimental	sifts	True	True	TPO	288		181	0.745	False	0.745	0							True	False	True
6BCR	1.986	X-ray	H	14	Insulin receptor substrate protein of 53 kDa, peptide (IRSp53)	Q9UQB8	340	by_similarity	author_numbering	True		TPO	340		181	0.745	False	0.111	0							True	True	False
4JMG	1.403	X-ray	B	13	Tyrosine-protein phosphatase non-receptor type 11	Q06124	580	by_similarity	author_numbering	True		PTR	580		249	0.746	False	0.078	0							True	True	False
6GHP	1.95	X-ray	P	7	Potassium channel subfamily K member 9	Q9NPC2	373	not_annotated	sifts	True	True	SEP	373		169	0.748	False	0.19	1	ARG	371	O3P	NH2	2.74	2.74	True	True	False
8RRM	2.0	X-ray	D	11	Phosphopeptide designed according to the sequence preferences favouring stabilisation by Fusicoccin-A			no_uniprot_data	unmapped	False		SEP	7		169	0.748	False	0.093	1	ARG	3	O1P	NH2	2.99	2.99	False	True	False
4IAI	1.55	X-ray	S	20	phosphorylated pseudo-substrate peptide pSP20	P61925	22	mapping_conflict	sifts_conflict	False	True	SEP	621		169	0.748	False	0.102	0							True	True	False
4YMJ	2.0	X-ray	A	304	NT-3 growth factor receptor	Q16288	706	not_annotated	sifts	True	True	SEP	706		169	0.748	False	0.748	0							True	False	True
8ZXW	1.33	X-ray	D	12	RAC-gamma serine/threonine-protein kinase	Q9Y243		unmapped	unmapped	False		SEP	8		169	0.748	False	0.15	0							True	True	False
9S2P	1.5	X-ray	P	11	RAF proto-oncogene serine/threonine-protein kinase	P04049	259	experimental	sifts	True	True	SEP	259		169	0.748	False	0.08	0							True	True	False
5ORL	1.69	X-ray	A	265	Aurora kinase A	O14965	288	experimental	sifts	True	True	TPO	288		182	0.749	False	0.749	0							True	False	True
5OS5	1.74	X-ray	A	268	Aurora kinase A	O14965	288	experimental	sifts	True	True	TPO	288		182	0.749	False	0.749	0							True	False	True
6BCR	1.986	X-ray	D	14	Insulin receptor substrate protein of 53 kDa, peptide (IRSp53)	Q9UQB8	340	by_similarity	author_numbering	True		TPO	340		182	0.749	False	0.115	0							True	True	False
6PXC	1.6	X-ray	U	14	phosphopeptide of p190RhoGAP	Q9NRY4	1105	experimental	sifts	True	True	PTR	1105		250	0.749	False	0.108	0							True	True	False
2CIA	1.45	X-ray	L	11	TRANSLOCATED INTIMIN RECEPTOR	B7UM99	474	experimental	sifts	True	True	PTR	474		251	0.751	False	0.078	0							False	True	False
9UA8	1.999	X-ray	E	6	THR-ASP-PTR-PTR-ARG			no_uniprot_data	unmapped	False		PTR	393		251	0.751	False	0.647	0							False	True	False
3BH9	1.7	X-ray	C	10	decameric peptide from Protein POF1B	Q8WVV4	56	not_annotated	sifts	True	True	SEP	4		170	0.752	False	0.487	1	ARG	1	O1P	NH2	2.63	2.63	True	True	False
2J90	2.0	X-ray	A	304	DEATH-ASSOCIATED PROTEIN KINASE 3	O43293	50	experimental	author_numbering	True		SEP	50		170	0.752	False	0.752	1	ARG	48	O1P	NH2	3.05	3.05	True	False	True
9NA5	1.73	X-ray	A	304	Interleukin-1 receptor-associated kinase 4	Q9NWZ3	346	experimental	author_numbering	True		SEP	346		170	0.752	False	0.752	1	ARG	347	O2P	NH1	3.17	1.33	True	False	True
8Q5C	2.0	X-ray	P	10	C-RAF peptide pS259	P04049	259	experimental	sifts	True	True	SEP	259		170	0.752	False	0.133	0							True	True	False
8QS2	2.0	X-ray	P	10	C-RAF peptide pS259			no_uniprot_data	unmapped	False		SEP	259		170	0.752	False	0.08	0							False	True	False
8QS9	2.0	X-ray	P	10	C-RAF peptide pS259			no_uniprot_data	unmapped	False		SEP	259		170	0.752	False	0.062	0							False	True	False
8RS8	1.31	X-ray	G	11	Telomere-associated protein RIF1	Q5UIP0	2265	not_annotated	sifts	True	True	SEP	2265		170	0.752	False	0.226	0							True	True	False
8BI7	1.4	X-ray	B	11	PKR phosphopeptide	P19525	550	not_annotated	sifts	True	True	TPO	550		183	0.753	False	0.136	1	ARG	548	O2P	NH2	2.85	2.85	True	True	False
5OS1	1.9	X-ray	A	265	Aurora kinase A	O14965	288	experimental	sifts	True	True	TPO	288		183	0.753	False	0.753	0							True	False	True
7CIO	1.1	X-ray	B	8	Cytotoxic T-lymphocyte protein 4	P16410	201	experimental	sifts	True	True	PTR	191		252	0.754	False	0.096	0							True	True	False
7OBL	1.8	X-ray	B	11	PKR phosphopeptide	P19525	550	not_annotated	sifts	True	True	TPO	550		184	0.757	False	0.132	1	ARG	548	O3P	NH1	2.92	2.92	True	True	False
3IQU	1.05	X-ray	P	6	6-mer from RAF proto-oncogene serine/threonine-protein kinase	P04049	259	experimental	sifts	True	True	SEP	259		171	0.757	False	0.106	0							True	True	False
4IB1	1.63	X-ray	S	20	phosphorylated pseudo-substrate peptide pSP20	P61925	22	mapping_conflict	sifts_conflict	False	True	SEP	621		171	0.757	False	0.106	0							True	True	False
5ORW	2.0	X-ray	A	265	Aurora kinase A	O14965	288	experimental	sifts	True	True	TPO	288		184	0.757	False	0.757	0							True	False	True
6BCR	1.986	X-ray	C	14	Insulin receptor substrate protein of 53 kDa, peptide (IRSp53)	Q9UQB8	340	by_similarity	author_numbering	True		TPO	340		184	0.757	False	0.119	0							True	True	False
6R4A	1.937	X-ray	A	285	Aurora kinase A	O14965	288	experimental	author_numbering	True		TPO	288		184	0.757	False	0.757	0							True	False	True
6RK8	1.602	X-ray	P	12	Cellular tumor antigen p53	P04637	387	not_annotated	author_numbering	True		TPO	387		184	0.757	False	0.095	0							True	True	False
6Y1J	1.127	X-ray	P	14	NF-kappa-B inhibitor alpha	P25963	63	not_annotated	author_numbering	True		SEP	63		171	0.757	False	0.137	0							True	True	False
6Y8E	1.42	X-ray	P	8	ARG-SER-PHE-SEP-GLU-PRO-PHE-GLY	P58340	34	experimental	sifts	True	True	SEP	32		171	0.757	False	0.137	0							True	True	False
7BA3	1.4	X-ray	B	8	Estrogen receptor	P03372	594	not_annotated	sifts	True	True	TPO	594		184	0.757	False	0.111	0							True	True	False
7BA7	1.45	X-ray	B	8	Estrogen receptor	P03372	594	not_annotated	sifts	True	True	TPO	594		184	0.757	False	0.115	0							True	True	False
8AXU	1.6	X-ray	B	5	Estrogen receptor	P03372	594	not_annotated	sifts	True	True	TPO	594		184	0.757	False	0.103	0							True	True	False
8QS6	1.8	X-ray	P	10	C-RAF peptide pS259			no_uniprot_data	unmapped	False		SEP	259		171	0.757	False	0.097	0							False	True	False
8RS8	1.31	X-ray	H	11	Telomere-associated protein RIF1	Q5UIP0	2265	not_annotated	sifts	True	True	SEP	2265		171	0.757	False	0.243	0							True	True	False
6S1B	1.3	X-ray	A	361	Dual specificity tyrosine-phosphorylation-regulated kinase 1A	Q13627	321	experimental	author_numbering	True		PTR	321		254	0.76	False	0.76	0							True	False	True
1F8A	1.84	X-ray	C	7	Y(SEP)PT(SEP)S PEPTIDE			no_uniprot_data	unmapped	False		SEP	174		172	0.761	False	0.142	0							False	True	False
6RIR	1.767	X-ray	A	184	Ras-related protein Rab-8A	P61006	72	experimental	author_numbering	True		TPO	72		185	0.761	False	0.432	0							True	False	True
6UYS	1.59	X-ray	D	29	Protein PML	P29590		unmapped	unmapped	False		SEP	15		172	0.761	False	0.637	0							True	True	False
6Y8B	1.54	X-ray	P	8	TYR-ASP-LEU-SEP-LEU-PRO-PHE-PRO	P42575	139	not_annotated	sifts	True	True	SEP	139		172	0.761	False	0.097	0							True	True	False
8A9G	1.961	X-ray	D	13	Glucocorticoid receptor	P04150	524	not_annotated	sifts	True	True	TPO	524		185	0.761	False	0.099	0							True	True	False
8ANC	1.11	X-ray	P	11	NAD-dependent protein deacetylase sirtuin-3, mitochondrial	Q9NTG7	103	not_annotated	sifts	True	True	SEP	103		172	0.761	False	0.142	0							True	True	False
8RS8	1.31	X-ray	E	11	Telomere-associated protein RIF1	Q5UIP0	2265	not_annotated	sifts	True	True	SEP	2265		172	0.761	False	0.248	0							True	True	False
7NNE	1.96	X-ray	P	13	Amot-p130 phosphopeptide (pS175)	Q4VCS5	175	not_annotated	author_numbering	True		SEP	175		173	0.765	False	0.088	1	ARG	177	O1P	NH1	3.09	2.82	True	True	False
30TT	1.337	X-ray	P	7	TSC2 peptide pS1254			no_uniprot_data	unmapped	False		SEP	1254		173	0.765	False	0.093	0							False	True	False
4QLI	1.45	X-ray	B	6	Zinc finger protein SNAI1	O95863	177	not_annotated	sifts	True	True	TPO	177		186	0.765	False	0.132	0							True	True	False
5ORV	1.88	X-ray	A	265	Aurora kinase A	O14965	288	experimental	sifts	True	True	TPO	288		186	0.765	False	0.765	0							True	False	True
7BA5	1.45	X-ray	B	8	Estrogen receptor	P03372	594	not_annotated	sifts	True	True	TPO	594		186	0.765	False	0.123	0							True	True	False
3BU3	1.65	X-ray	A	306	insulin receptor subunit beta	P06213	1185	experimental	sifts	True	True	PTR	1158		256	0.766	False	0.766	0							True	False	True
4NO3	1.703	X-ray	C	9	AMP deaminase 2	Q01433	114	by_similarity	sifts	True	True	SEP	4		174	0.77	False	0.491	1	ARG	1	O3P	NH2	2.51	2.51	True	True	False
4IAD	1.9	X-ray	S	20	Phosphorylated peptide pSP20	P61925	22	mapping_conflict	sifts_conflict	False	True	SEP	621		174	0.77	False	0.102	0							True	True	False
4IEA	1.7	X-ray	P	8	RAF proto-oncogene serine/threonine-protein kinase	P04049	621	experimental	sifts	True	True	SEP	621		174	0.77	False	0.155	0							True	True	False
4JG1	1.55	X-ray	P	12	Phosphopeptide			no_uniprot_data	unmapped	False		TPO	8		187	0.77	False	0.082	0							False	True	False
5ORY	1.99	X-ray	A	265	Aurora kinase A	O14965	288	experimental	sifts	True	True	TPO	288		187	0.77	False	0.77	0							True	False	True
5OS4	1.88	X-ray	A	265	Aurora kinase A	O14965	288	experimental	sifts	True	True	TPO	288		187	0.77	False	0.77	0							True	False	True
6RX2	1.82	X-ray	P	12	Cellular tumor antigen p53	P04637	387	not_annotated	author_numbering	True		TPO	387		187	0.77	False	0.103	0							True	True	False
6YPY	1.4	X-ray	P	13	p65pS45	Q04206	45	not_annotated	sifts	True	True	SEP	45		174	0.77	False	0.124	0							True	True	False
4CH2	1.6	X-ray	Q	14	PLATELET GLYCOPROTEIN IB ALPHA CHAIN, RESIDUES 287-300	P07359		unmapped	unmapped	False		PTR	279		258	0.772	False	0.374	0							True	True	False
8CZ9	1.65	X-ray	C	8	JAK2 pY813 phosphopeptide	O60674	813	by_similarity	sifts	True	True	PTR	813		258	0.772	False	0.084	0							True	True	False
6YIB	1.7	X-ray	P	11	SMAD3	P84022	423	by_similarity	sifts	True	True	SEP	127		175	0.774	False	0.102	1	ARG	124	O2P	NH2	3.0	3.0	True	True	False
3IQV	1.2	X-ray	P	6	6-mer peptide from RAF proto-oncogene serine/threonine-protein kinase	P04049	259	experimental	sifts	True	True	SEP	259		175	0.774	False	0.102	0							True	True	False
5ORZ	1.92	X-ray	A	265	Aurora kinase A	O14965	288	experimental	sifts	True	True	TPO	288		188	0.774	False	0.774	0							True	False	True
5OSF	1.89	X-ray	A	265	Aurora kinase A	O14965	288	experimental	sifts	True	True	TPO	288		188	0.774	False	0.774	0							True	False	True
5VAX	2.0	X-ray	G	26	Beclin-1	Q14457	108	not_annotated	author_numbering	True		TPO	108		188	0.774	False	0.416	0							True	True	False
5YF4	1.897	X-ray	B	16	Peptide from Serine/threonine-protein kinase 26	Q9P289	327	by_similarity	author_numbering	True		TPO	327		188	0.774	False	0.654	0							True	True	False
7LWB	1.9	X-ray	A	184	Ras-related protein Rab-8A	P61006	72	experimental	sifts	True	True	TPO	72		188	0.774	False	0.593	0							True	False	True
2OQ1	1.9	X-ray	B	19	T-cell surface glycoprotein CD3 zeta chain	P20963	83	by_similarity	sifts	True	True	PTR	315		259	0.775	False	0.102	0							True	True	False
6DM4	1.9	X-ray	G	7	Shc1 phospho-Tyr317 peptide	P29353	427	experimental	sifts	True	True	PTR	904		259	0.775	False	0.111	0							True	True	False
5L8K	1.79	X-ray	A	285	Aurora kinase A	O14965	288	experimental	author_numbering	True		TPO	288		189	0.778	False	0.778	0							True	False	True
6DM4	1.9	X-ray	E	7	Shc1 phospho-Tyr317 peptide	P29353	427	experimental	sifts	True	True	PTR	904		260	0.778	False	0.111	0							True	True	False
6KC4	1.37	X-ray	H	7	phosphopeptide (EDpYENVD)			no_uniprot_data	unmapped	False		PTR	3		260	0.778	False	0.105	0							False	True	False
6RM5	1.884	X-ray	P	12	Cellular tumor antigen p53	P04637	387	not_annotated	author_numbering	True		TPO	387		189	0.778	False	0.16	0							True	True	False
7B15	1.59	X-ray	P	9	SHN3pT869			no_uniprot_data	unmapped	False		TPO	869		189	0.778	False	0.078	0							False	True	False
7OBC	1.9	X-ray	B	11	Rho-related GTP-binding protein RhoE	P61587	240	not_annotated	sifts	True	True	SEP	240		176	0.779	False	0.155	1	LYS	237	O2P	NZ	2.65	2.65	True	True	False
7OBD	2.0	X-ray	B	11	Rho-related GTP-binding protein RhoE	P61587	240	not_annotated	sifts	True	True	SEP	240		176	0.779	False	0.155	1	LYS	237	O2P	NZ	2.8	2.8	True	True	False
6O94	1.98	X-ray	D	320	Interleukin-1 receptor-associated kinase 4	Q9NWZ3	346	experimental	author_numbering	True		SEP	346		176	0.779	False	0.779	1	ARG	347	O2P	NH2	2.81	1.35	True	False	True
1T15	1.85	X-ray	B	8	BRCA1 interacting protein C-terminal helicase 1	Q9BX63	990	experimental	sifts	True	True	SEP	8		176	0.779	False	0.265	0							True	True	False
8ADM	1.7	X-ray	P	8	Ubiquitin carboxyl-terminal hydrolase 8	P40818	718	by_similarity	sifts	True	True	SEP	127		176	0.779	False	0.102	0							True	True	False
3VRP	1.52	X-ray	B	13	Epidermal growth factor receptor	P00533	1069	experimental	sifts	True	True	PTR	1069		261	0.781	False	0.066	1	ARG	1068	O1P	NH1	2.78	1.34	True	True	False
6Y8A	1.5	X-ray	P	8	Calcium/calmodulin-dependent protein kinase kinase 2	Q96RR4	511	by_similarity	sifts	True	True	SEP	511		177	0.783	False	0.177	1	ARG	508	O3P	NH1	2.63	2.63	True	True	False
6RU8	1.92	X-ray	G	12	Tumor protein 63	Q9H3D4	621	not_annotated	sifts	True	True	SEP	582		177	0.783	False	0.553	0							True	True	False
9CJ1	1.8	X-ray	A	360	Mitogen-activated protein kinase 14	Q16539	182	experimental	author_numbering	True		PTR	182		262	0.784	False	0.784	0							True	False	True
3BU6	1.95	X-ray	B	15	Insulin receptor substrate 2	P81122	628	not_annotated	sifts	True	True	PTR	628		263	0.787	False	0.195	0							False	True	False
3BUM	2.0	X-ray	A	13	Protein sprouty homolog 2	O43597	55	not_annotated	author_numbering	True		PTR	55		263	0.787	False	0.096	0							True	True	False
4ICZ	1.9	X-ray	F	5	HER2			no_uniprot_data	unmapped	False		PTR	393		263	0.787	False	0.626	0							False	True	False
7QI1	1.76	X-ray	E	28	Cystic fibrosis transmembrane conductance regulator	P13569	768	experimental	sifts	True	True	SEP	768		178	0.788	False	0.053	1	ARG	766	O2P	NH2	2.72	2.72	True	True	False
4H3K	2.0	X-ray	F	10	Hexapeptide			no_uniprot_data	unmapped	False		SEP	7		178	0.788	False	0.628	0							False	True	False
6XKB	1.6	X-ray	I	20	S2,S5p-CTD peptide	P24928	1798	not_annotated	sifts	True	True	SEP	12		178	0.788	False	0.42	0							True	True	False
1LCJ	1.8	X-ray	B	11	PHOSPHOPEPTIDE EPQ(PHOSPHO)YEEIPIYL	P03079	324	not_annotated	sifts	True	True	PTR	204		264	0.79	False	0.141	0							False	True	False
7AA9	1.72	X-ray	L	12	pT13/PT15 SCOC LIR			no_uniprot_data	unmapped	False		TPO	15		192	0.79	False	0.296	0							False	True	False
9I24	1.2	X-ray	C	15	Coagulation factor V heavy chain	P12259		unmapped	unmapped	False		PTR	16		264	0.79	False	0.35	0							True	True	False
4NO2	2.0	X-ray	C	12	Lymphocyte-specific protein 1	P33241	252	experimental	sifts	True	True	SEP	4		179	0.792	False	0.527	1	ARG	1	O1P	NH2	2.58	2.58	True	True	False
5MYC	1.459	X-ray	P	38	Leucine-rich repeat serine/threonine-protein kinase 2	Q5S007		unmapped	unmapped	False		SEP	373		179	0.792	False	0.111	1	LYS	370	O1P	NZ	3.78	3.78	True	False	False
1QJB	2.0	X-ray	S	8	PHOSPHOPEPTIDE	P0DOJ7	257	by_similarity	sifts	True	True	SEP	7		179	0.792	False	0.115	0							False	True	False
5E2V	1.64	X-ray	P	18	TAU PHOSPHOPEPTIDE	P10636		unmapped	unmapped	False		SEP	202		179	0.792	False	0.438	0							True	True	False
6RU8	1.92	X-ray	E	12	Tumor protein 63	Q9H3D4	621	not_annotated	sifts	True	True	SEP	582		179	0.792	False	0.451	0							True	True	False
9LUA	1.97	X-ray	D	13	Guanine nucleotide exchange protein SMCR8	Q8TEV9		unmapped	unmapped	False		SEP	5		179	0.792	False	0.004	0							True	True	False
4U1P	1.4	X-ray	B	11	Middle T antigen	P03079	324	not_annotated	sifts	True	True	PTR	4		265	0.793	False	0.087	0							False	True	False
6DM4	1.9	X-ray	H	7	Shc1 phospho-Tyr317 peptide	P29353	427	experimental	sifts	True	True	PTR	904		265	0.793	False	0.117	0							True	True	False
6KC4	1.37	X-ray	D	7	phosphopeptide (EDpYENVD)			no_uniprot_data	unmapped	False		PTR	3		265	0.793	False	0.123	0							False	True	False
6S1J	1.408	X-ray	A	361	Dual specificity tyrosine-phosphorylation-regulated kinase 1A	Q13627	321	experimental	author_numbering	True		PTR	321		265	0.793	False	0.793	0							True	False	True
6F09	1.594	X-ray	C	13	Ubiquitin carboxyl-terminal hydrolase 8	P40818	718	by_similarity	author_numbering	True		SEP	718		180	0.796	False	0.106	1	ARG	715	O1P	NH1	3.99	3.99	True	True	False
1QJB	2.0	X-ray	Q	8	PHOSPHOPEPTIDE	P0DOJ7	257	by_similarity	sifts	True	True	SEP	7		180	0.796	False	0.088	0							False	True	False
3BUW	1.45	X-ray	A	13	13-meric peptide from Tyrosine-protein kinase SYK	P43405	323	experimental	author_numbering	True		PTR	323		266	0.796	False	0.111	0							True	True	False
3MAZ	1.9	X-ray	B	12	CheD family protein	Q9GZY6	136	by_similarity	sifts	True	True	PTR	136		266	0.796	False	0.177	0							True	True	False
3WA4	1.35	X-ray	B	8	T-cell-specific surface glycoprotein CD28	P10747	191	experimental	author_numbering	True		PTR	191		266	0.796	False	0.159	0							True	True	False
4DAU	2.0	X-ray	B	13	Peptidylarginine Deiminase type VI	Q6TGC4	10	experimental	sifts	True	True	SEP	10		180	0.796	False	0.102	0							True	True	False
6H0E	1.95	X-ray	K	24	Microtubule-associated protein tau	P10637		unmapped	unmapped	False		SEP	422		180	0.796	False	0.013	0							False	True	False
7NMW	1.5	X-ray	P	13	Amot-p130 phosphopeptide (pS175)	Q4VCS5	175	not_annotated	author_numbering	True		SEP	175		180	0.796	False	0.075	0							True	True	False
7T1K	1.25	X-ray	B	7	Synthetic phosphotyrosine-containing Ezrin-derived peptide	P15311	478	experimental	sifts	True	True	PTR	1		266	0.796	False	0.147	0							True	True	False
8B2K	1.4	X-ray	B	14	Rho-related GTP-binding protein RhoE	P61587	240	not_annotated	author_numbering	True		SEP	240		180	0.796	False	0.124	0							True	True	False
9NA5	1.73	X-ray	B	304	Interleukin-1 receptor-associated kinase 4	Q9NWZ3	342	experimental	author_numbering	True		TPO	342		194	0.798	False	0.798	1	LYS	441	O2P	NZ	3.13	3.13	True	False	True
2VAG	1.8	X-ray	A	339	DUAL SPECIFICITY PROTEIN KINASE CLK1	P49759	342	not_annotated	sifts	True	True	TPO	342		194	0.798	False	0.798	0							True	False	True
4GLR	1.9	X-ray	B	18	phospho-peptide	P10636		unmapped	unmapped	False		TPO	231		194	0.798	False	0.276	0							True	True	False
3DA9	1.8	X-ray	D	9	Hirudin peptide			no_uniprot_data	unmapped	False		PTR	363		267	0.799	False	0.231	0							False	True	False
8DGQ	1.95	X-ray	V	29	Rho GTPase-activating protein 35	Q9NRY4	1105	experimental	sifts	True	True	PTR	1105		267	0.799	False	0.111	0							True	True	False
8IR2	1.75	X-ray	C	17	SER-ASP-SER-CYS-ASN-SER-SEP-SER-SEP-ASP-ILE-ILE-ARG-ASP-LEU-LEU-GLU	Q9NS91	444	not_annotated	sifts	True	True	SEP	444		181	0.801	False	0.19	1	ARG	448	O2P	NH1	2.8	2.8	True	True	False
8RRK	1.93	X-ray	D	10	phosphopeptide designed according to the 14-3-3 binding consensus			no_uniprot_data	unmapped	False		SEP	101		181	0.801	False	0.133	1	LYS	98	O3P	NZ	3.8	3.8	False	True	False
3D9N	1.6	X-ray	Y	14	CTD-PEPTIDE	P24928		unmapped	unmapped	False		SEP	0		181	0.801	False	0.522	0							True	True	False
6RU8	1.92	X-ray	F	12	Tumor protein 63	Q9H3D4	621	not_annotated	sifts	True	True	SEP	582		181	0.801	False	0.549	0							True	True	False
6RU8	1.92	X-ray	H	12	Tumor protein 63	Q9H3D4	621	not_annotated	sifts	True	True	SEP	582		181	0.801	False	0.553	0							True	True	False
6YIA	1.3	X-ray	P	11	SMAD2	Q15796	465	experimental	sifts	True	True	SEP	127		181	0.801	False	0.097	0							True	True	False
6YOY	1.8	X-ray	P	13	p65pS45	Q04206	45	not_annotated	sifts	True	True	SEP	45		181	0.801	False	0.128	0							True	True	False
8A62	1.6	X-ray	B	11	Forkhead box protein O1	Q12778	22	not_annotated	sifts	True	True	SEP	22		181	0.801	False	0.146	0							True	True	False
2PIE	1.35	X-ray	F	7	phosphopeptide			no_uniprot_data	unmapped	False		TPO	4		195	0.802	False	0.136	0							False	True	False
5HKY	1.8	X-ray	B	26	Protein sprouty homolog 2	O43597	55	not_annotated	sifts	True	True	PTR	55		268	0.802	False	0.096	0							True	True	False
7AA9	1.72	X-ray	F	12	pT13/PT15 SCOC LIR			no_uniprot_data	unmapped	False		TPO	15		195	0.802	False	0.198	0							False	True	False
3BH8	1.65	X-ray	C	10	decameric peptide from Lymphocyte-specific protein 1	P33241	252	experimental	sifts	True	True	SEP	4		182	0.805	False	0.513	1	ARG	1	O1P	NH2	2.86	2.86	True	True	False
3BUW	1.45	X-ray	C	13	13-meric peptide from Tyrosine-protein kinase SYK	P43405	323	experimental	author_numbering	True		PTR	323		269	0.805	False	0.117	0							True	True	False
6H0E	1.95	X-ray	I	24	Microtubule-associated protein tau	P10637		unmapped	unmapped	False		SEP	422		182	0.805	False	0.018	0							False	True	False
6NV2	1.13	X-ray	P	13	Transcription factor p65	Q04206		unmapped	unmapped	False		SEP	127		182	0.805	False	0.142	0							True	True	False
6YR6	1.75	X-ray	D	13	hDM2-186	Q00987	186	not_annotated	author_numbering	True		SEP	186		182	0.805	False	0.097	0							True	True	False
6ZCJ	1.53	X-ray	P	10	SLP76pS376	Q13094	376	experimental	sifts	True	True	SEP	376		182	0.805	False	0.168	0							True	True	False
7NZ6	1.4	X-ray	P	13	Transcription factor p65	Q04206	45	not_annotated	sifts	True	True	SEP	45		182	0.805	False	0.142	0							True	True	False
8VSM	1.5	X-ray	P	12	Serine/threonine-protein kinase A-Raf phosphopeptide	P10398	214	by_similarity	author_numbering	True		SEP	214		182	0.805	False	0.19	0							True	True	False
9MQ5	1.7	X-ray	B	33	Myelin protein zero-like protein 1	O95297	263	experimental	author_numbering	True		PTR	263		269	0.805	False	0.177	0							True	False	True
9UA8	1.999	X-ray	F	6	THR-ASP-PTR-PTR-ARG			no_uniprot_data	unmapped	False		PTR	393		269	0.805	False	0.65	0							False	True	False
9UA8	1.999	X-ray	H	6	THR-ASP-PTR-PTR-ARG			no_uniprot_data	unmapped	False		PTR	393		269	0.805	False	0.623	0							False	True	False
30TI	1.5	X-ray	B	5	ERa peptide pT594 strong mutant			no_uniprot_data	unmapped	False		TPO	594		196	0.807	False	0.132	0							False	True	False
5YF4	1.897	X-ray	B	16	Peptide from Serine/threonine-protein kinase 26	Q9P289	328	by_similarity	author_numbering	True		TPO	328		196	0.807	False	0.086	0							True	True	False
3PLF	1.92	X-ray	A	11	MetRD peptide			no_uniprot_data	unmapped	False		PTR	1003		270	0.808	False	0.105	1	ARG	1002	O1P	NH2	2.83	1.34	False	True	False
3BUN	2.0	X-ray	A	13	13-meric peptide from Protein sprouty homolog 4	Q9C004		unmapped	unmapped	False		PTR	53		270	0.808	False	0.09	0							True	True	False
6I5N	1.98	X-ray	K	11	Growth hormone receptor peptide			no_uniprot_data	unmapped	False		PTR	0		270	0.808	False	0.323	0							False	True	False
6O94	1.98	X-ray	C	320	Interleukin-1 receptor-associated kinase 4	Q9NWZ3	346	experimental	author_numbering	True		SEP	346		183	0.81	False	0.81	1	ARG	347	O1P	NH2	3.53	1.35	True	False	True
4IAK	1.6	X-ray	S	20	phosphorylated pseudo-substrate peptide pSP20	P61925	22	mapping_conflict	sifts_conflict	False	True	SEP	621		183	0.81	False	0.217	0							True	True	False
5O1V	1.723	X-ray	A	285	Serine/threonine-protein kinase WNK3	Q9BYP7	304	by_similarity	author_numbering	True		SEP	304		183	0.81	False	0.668	0							True	False	True
6XKB	1.6	X-ray	F	20	S2,S5p-CTD peptide	P24928		unmapped	unmapped	False		SEP	12		183	0.81	False	0.646	0							True	True	False
7NZV	1.4	X-ray	P	13	Transcription factor p65	Q04206	45	not_annotated	sifts	True	True	SEP	45		183	0.81	False	0.137	0							True	True	False
3VRO	1.8	X-ray	B	13	Proto-oncogene tyrosine-protein kinase Src	P12931	419	by_similarity	author_numbering	True		PTR	419		271	0.811	False	0.102	0							True	True	False
5HKZ	1.8	X-ray	B	26	Protein sprouty homolog 2	O43597	55	not_annotated	sifts	True	True	PTR	55		271	0.811	False	0.096	0							True	True	False
9FJJ	2.0	X-ray	U	78	Centromere protein U	Q71F23	78	experimental	sifts	True	True	TPO	78		197	0.811	False	0.103	0							True	False	True
2OIB	2.0	X-ray	B	301	Interleukin-1 receptor-associated kinase 4	Q9NWZ3	346	experimental	author_numbering	True		SEP	346		184	0.814	False	0.814	1	ARG	347	O2P	NH1	2.71	1.33	True	False	True
3BUX	1.35	X-ray	C	13	13-meric peptide from Hepatocyte growth factor receptor	P08581	1003	by_similarity	author_numbering	True		PTR	1003		272	0.814	False	0.129	1	ARG	1004	O1P	NH2	2.78	1.33	True	True	False
6O94	1.98	X-ray	B	320	Interleukin-1 receptor-associated kinase 4	Q9NWZ3	346	experimental	author_numbering	True		SEP	346		184	0.814	False	0.792	1	ARG	347	O2P	NH2	3.4	1.35	True	False	True
2NRU	2.0	X-ray	D	307	Interleukin-1 receptor-associated kinase 4	Q9NWZ3	346	experimental	author_numbering	True		SEP	346		184	0.814	False	0.814	0							True	False	True
5BX7	1.89	X-ray	A	351	cAMP-dependent protein kinase catalytic subunit alpha	P17612	11	by_similarity	sifts	True	True	SEP	10		184	0.814	False	0.814	0							True	False	True
5UIT	1.84	X-ray	B	323	Interleukin-1 receptor-associated kinase 4	Q9NWZ3	346	experimental	author_numbering	True		SEP	346		184	0.814	False	0.814	0							True	False	True
6H0E	1.95	X-ray	J	24	Microtubule-associated protein tau	P10637		unmapped	unmapped	False		SEP	422		184	0.814	False	0.013	0							False	True	False
6RJL	1.28	X-ray	P	13	TAZpS89	Q9GZV5	89	experimental	sifts	True	True	SEP	127		184	0.814	False	0.124	0							True	True	False
7NQP	1.24	X-ray	P	13	Transcription factor p65	Q04206	45	not_annotated	sifts	True	True	SEP	45		184	0.814	False	0.146	0							True	True	False
8ANB	1.64	X-ray	P	11	Sirtuin 1 deacetylase	Q96EB6	670	not_annotated	sifts	True	True	SEP	670		184	0.814	False	0.106	0							True	True	False
8YFL	1.5	X-ray	D	11	TNIP1_FIR_pS122pS123 peptide	Q15025	122	not_annotated	sifts	True	True	SEP	103		184	0.814	False	0.81	0							True	True	False
4GLR	1.9	X-ray	A	18	phospho-peptide	P10636		unmapped	unmapped	False		TPO	231		198	0.815	False	0.189	0							True	True	False
3BUX	1.35	X-ray	A	13	13-meric peptide from Hepatocyte growth factor receptor	P08581	1003	by_similarity	author_numbering	True		PTR	1003		273	0.817	False	0.129	1	ARG	1004	O1P	NH2	2.81	1.33	True	True	False
3MXC	2.0	X-ray	L	9	AICD peptide	P05067	757	experimental	sifts	True	True	PTR	682		273	0.817	False	0.198	0							True	True	False
4JFX	1.95	X-ray	P	12	Phosphopeptide			no_uniprot_data	unmapped	False		PTR	8		273	0.817	False	0.437	0							False	True	False
9NA5	1.73	X-ray	D	304	Interleukin-1 receptor-associated kinase 4	Q9NWZ3	342	experimental	author_numbering	True		TPO	342		199	0.819	False	0.819	1	LYS	441	O3P	NZ	3.12	3.12	True	False	True
5UIT	1.84	X-ray	A	323	Interleukin-1 receptor-associated kinase 4	Q9NWZ3	346	experimental	author_numbering	True		SEP	346		185	0.819	False	0.819	1	ARG	347	O3P	NH1	3.61	1.34	True	False	True
4QBS	1.8	X-ray	P	7	Histone H3	P68431	4	experimental	sifts	True	True	TPO	3		199	0.819	False	0.457	0							True	True	False
5E50	1.376	X-ray	D	9	XRCC4	Q13426	233	experimental	sifts	True	True	TPO	233		199	0.819	False	0.193	0							True	True	False
6H0E	1.95	X-ray	G	24	Microtubule-associated protein tau	P10637		unmapped	unmapped	False		SEP	422		185	0.819	False	0.018	0							False	True	False
7B1F	1.75	X-ray	D	26	Mitotic checkpoint serine/threonine-protein kinase BUB1	O43683	459	not_annotated	author_numbering	True		SEP	459		185	0.819	False	0.819	0							True	True	False
7CZM	2.0	X-ray	C	13	Optineurin LIR	Q96CV9	177	experimental	author_numbering	True		SEP	177		185	0.819	False	0.173	0							True	True	False
7CZM	2.0	X-ray	D	13	Optineurin LIR	Q96CV9	177	experimental	sifts	True	True	SEP	177		185	0.819	False	0.23	0							True	True	False
7O07	1.2	X-ray	P	12	Transcriptional coactivator YAP1	P46937	127	experimental	sifts	True	True	SEP	4		185	0.819	False	0.146	0							True	True	False
8PAV	1.9	X-ray	B	312	Serine/threonine-protein kinase 4 37kDa subunit	Q13043	177	not_annotated	author_numbering	True		TPO	177		199	0.819	False	0.819	0							True	False	True
8YFL	1.5	X-ray	B	11	TNIP1_FIR_pS122pS123 peptide	Q15025	122	not_annotated	sifts	True	True	SEP	103		185	0.819	False	0.814	0							True	True	False
9EW1	1.4	X-ray	P	9	RAF proto-oncogene serine/threonine-protein kinase	P04049	259	experimental	sifts	True	True	SEP	259		185	0.819	False	0.137	0							True	True	False
9EW4	1.6	X-ray	P	9	RAF proto-oncogene serine/threonine-protein kinase	P04049	259	experimental	sifts	True	True	SEP	259		185	0.819	False	0.133	0							True	True	False
9LUA	1.97	X-ray	C	13	Guanine nucleotide exchange protein SMCR8	Q8TEV9	471	by_similarity	sifts	True	True	SEP	5		185	0.819	False	0.0	0							True	True	False
3BGM	1.6	X-ray	C	9	nonameric peptide from Serine/threonine-protein kinase D2	Q9BZL6	529	not_annotated	sifts	True	True	SEP	4		186	0.823	False	0.535	1	ARG	1	O1P	NH2	2.74	2.74	True	True	False
2W3O	1.85	X-ray	C	8	DNA REPAIR PROTEIN XRCC1	P18887	519	experimental	sifts	True	True	TPO	519		200	0.823	False	0.132	0							True	True	False
2W3O	1.85	X-ray	D	8	DNA REPAIR PROTEIN XRCC1	P18887	519	experimental	sifts	True	True	TPO	519		200	0.823	False	0.136	0							True	True	False
3UBW	1.9	X-ray	P	14	Myeloid leukemia factor 1	P58340	34	experimental	author_numbering	True		SEP	34		186	0.823	False	0.142	0							True	True	False
5E50	1.376	X-ray	C	9	XRCC4	Q13426	233	experimental	sifts	True	True	TPO	233		200	0.823	False	0.189	0							True	True	False
6RU8	1.92	X-ray	H	12	Tumor protein 63	Q9H3D4	627	not_annotated	sifts	True	True	SEP	588		186	0.823	False	0.15	0							True	True	False
8UCB	1.85	X-ray	B	307	Interleukin-1 receptor-associated kinase 4	Q9NWZ3	346	experimental	author_numbering	True		SEP	346		186	0.823	False	0.823	0							True	False	True
9R9K	1.87	X-ray	A	308	Interleukin-1 receptor-associated kinase 4	Q9NWZ3	346	experimental	sifts	True	True	SEP	346		186	0.823	False	0.823	0							True	False	True
9S2I	1.67	X-ray	P	11	RAF proto-oncogene serine/threonine-protein kinase	P04049	259	experimental	sifts	True	True	SEP	259		186	0.823	False	0.15	0							True	True	False
3PLF	1.92	X-ray	C	11	MetRD peptide			no_uniprot_data	unmapped	False		PTR	1003		276	0.826	False	0.102	1	ARG	1002	O1P	NH2	2.84	1.33	False	True	False
3TKZ	1.8	X-ray	P	10	PROTEIN (RVIpYFVPLNR peptide)			no_uniprot_data	unmapped	False		PTR	4		276	0.826	False	0.165	0							False	True	False
9R9K	1.87	X-ray	D	308	Interleukin-1 receptor-associated kinase 4	Q9NWZ3	346	experimental	author_numbering	True		SEP	346		187	0.827	False	0.827	1	ARG	347	O2P	NH1	3.97	1.35	True	False	True
3ORZ	1.9995	X-ray	D	316	3-phosphoinositide-dependent protein kinase 1	O15530	241	experimental	sifts	True	True	SEP	241		187	0.827	False	0.827	0							True	False	True
5E50	1.376	X-ray	D	9	XRCC4	Q13426	232	experimental	sifts	True	True	SEP	232		187	0.827	False	0.748	0							True	True	False
5UY9	1.85	X-ray	B	7	Brd4 peptide			no_uniprot_data	unmapped	False		TPO	4		201	0.827	False	0.169	0							False	True	False
6UYU	1.66	X-ray	B	29	Protein PML	P29590		unmapped	unmapped	False		SEP	15		187	0.827	False	0.681	0							True	True	False
7B1F	1.75	X-ray	C	26	Mitotic checkpoint serine/threonine-protein kinase BUB1	O43683	459	not_annotated	author_numbering	True		SEP	459		187	0.827	False	0.827	0							True	True	False
8A65	1.6	X-ray	B	8	Forkhead box protein O1	Q12778	22	not_annotated	sifts	True	True	SEP	22		187	0.827	False	0.168	0							True	True	False
8ARO	1.6	X-ray	B	5	Estrogen receptor	P03372	594	not_annotated	sifts	True	True	TPO	594		201	0.827	False	0.123	0							True	True	False
8BX0	1.6	X-ray	B	5	ERalpha peptide	P03372	594	not_annotated	sifts	True	True	TPO	594		201	0.827	False	0.177	0							True	True	False
8IR2	1.75	X-ray	D	17	SER-ASP-SER-CYS-ASN-SER-SEP-SER-SEP-ASP-ILE-ILE-ARG-ASP-LEU-LEU-GLU	Q9NS91	442	not_annotated	sifts	True	True	SEP	442		187	0.827	False	0.133	0							True	True	False
9EW3	1.4	X-ray	P	9	RAF proto-oncogene serine/threonine-protein kinase	P04049	259	experimental	sifts	True	True	SEP	259		187	0.827	False	0.137	0							True	True	False
3VRR	2.0	X-ray	C	13	Epidermal growth factor receptor	P00533	1069	experimental	sifts	True	True	PTR	1069		277	0.829	False	0.162	1	ARG	1068	O1P	NH2	2.69	1.33	True	True	False
2Q8Y	2.0	X-ray	B	9	Mitogen-activated protein kinase 7	Q13164	221	not_annotated	sifts	True	True	PTR	221		277	0.829	False	0.207	0							True	True	False
7PPN	1.9	X-ray	B	16	T-cell-specific surface glycoprotein CD28	P10747	191	experimental	author_numbering	True		PTR	191		277	0.829	False	0.072	0							True	True	False
9EHD	1.59	X-ray	B	10	Phosphorylated peptide from GRB2-associated-binding protein 1	Q13480	627	by_similarity	sifts	True	True	PTR	5		277	0.829	False	0.174	0							True	True	False
9EIK	1.25	X-ray	B	10	Phosphorylated peptide from GRB2-associated-binding protein 1	Q13480	627	by_similarity	sifts	True	True	PTR	5		277	0.829	False	0.135	0							True	True	False
7AA9	1.72	X-ray	D	12	pT13/PT15 SCOC LIR			no_uniprot_data	unmapped	False		TPO	13		202	0.831	False	0.65	0							False	True	False
8BXM	1.6	X-ray	B	5	ERalpha peptide	P03372	594	not_annotated	sifts	True	True	TPO	594		202	0.831	False	0.132	0							True	True	False
3UAL	1.8	X-ray	P	14	Myeloid leukemia factor 1	P58340		unmapped	unmapped	False		SEP	38		188	0.832	False	0.133	0							True	True	False
3VQH	1.95	X-ray	A	351	cAMP-dependent protein kinase catalytic subunit alpha	P17612	11	by_similarity	sifts	True	True	SEP	10		188	0.832	False	0.832	0							True	False	True
4IAZ	1.85	X-ray	S	20	phosphorylated pseudo-substrate peptide pSP20	P61925	22	mapping_conflict	sifts_conflict	False	True	SEP	621		188	0.832	False	0.226	0							True	True	False
5GJI	0.9	X-ray	B	8	T-cell-specific surface glycoprotein CD28	P10747	191	experimental	sifts	True	True	PTR	191		278	0.832	False	0.153	0							True	True	False
6ZC9	1.89895988606	X-ray	F	10	E3 ubiquitin-protein ligase NEDD4-like	Q96PU5	448	experimental	author_numbering	True		SEP	448		188	0.832	False	0.168	0							True	True	False
8IR2	1.75	X-ray	C	17	SER-ASP-SER-CYS-ASN-SER-SEP-SER-SEP-ASP-ILE-ILE-ARG-ASP-LEU-LEU-GLU	Q9NS91	442	not_annotated	sifts	True	True	SEP	442		188	0.832	False	0.119	0							True	True	False
8IR4	1.62	X-ray	C	17	SER-ASP-SER-CYS-ASN-SER-SEP-SER-SER-ASP-ILE-ILE-ARG-ASP-LEU-LEU-GLU	Q9NS91	442	not_annotated	sifts	True	True	SEP	442		188	0.832	False	0.142	0							True	True	False
8IR4	1.62	X-ray	D	17	SER-ASP-SER-CYS-ASN-SER-SEP-SER-SER-ASP-ILE-ILE-ARG-ASP-LEU-LEU-GLU	Q9NS91	442	not_annotated	author_numbering	True		SEP	442		188	0.832	False	0.137	0							True	True	False
3UOT	1.8	X-ray	E	10	Mediator of DNA damage checkpoint protein 1	Q14676	4	experimental	author_numbering	True		TPO	4		203	0.835	False	0.189	0							True	True	False
7AA9	1.72	X-ray	B	12	pT13/PT15 SCOC LIR			no_uniprot_data	unmapped	False		TPO	15		203	0.835	False	0.222	0							False	True	False
7AA9	1.72	X-ray	J	12	pT13/PT15 SCOC LIR			no_uniprot_data	unmapped	False		TPO	13		203	0.835	False	0.712	0							False	True	False
8C0K	1.4	X-ray	B	5	ERalpha peptide	P03372	594	not_annotated	sifts	True	True	TPO	594		203	0.835	False	0.144	0							True	True	False
9I74	1.5	X-ray	B	5	Estrogen receptor	P03372	594	not_annotated	sifts	True	True	TPO	594		203	0.835	False	0.148	0							True	True	False
5JEL	1.6	X-ray	B	21	Phosphorylated TRIF peptide	Q8IUC6	205	not_annotated	sifts	True	True	SEP	205		189	0.836	False	0.836	0							True	True	False
5NND	1.82	X-ray	D	17	Histone H3	P68431		unmapped	unmapped	False		SEP	10		189	0.836	False	0.761	0							True	True	False
6YR6	1.75	X-ray	B	13	hDM2-186	Q00987	186	not_annotated	author_numbering	True		SEP	186		189	0.836	False	0.159	0							True	True	False
7NP2	1.27	X-ray	P	20	Amot-p130 phosphopeptide (pS175)	Q4VCS5	175	not_annotated	author_numbering	True		SEP	175		189	0.836	False	0.111	0							True	True	False
8A6F	1.6	X-ray	P	11	RAF proto-oncogene serine/threonine-protein kinase	P04049	259	experimental	sifts	True	True	SEP	259		189	0.836	False	0.128	0							True	True	False
8QSB	1.9	X-ray	H	10	ARAF peptide pS214			no_uniprot_data	unmapped	False		SEP	214		189	0.836	False	0.142	0							False	True	False
8QSB	1.9	X-ray	S	10	ARAF peptide pS214			no_uniprot_data	unmapped	False		SEP	214		189	0.836	False	0.146	0							False	True	False
8QSC	1.8	X-ray	S	11	ARAF peptide pS214			no_uniprot_data	unmapped	False		SEP	214		189	0.836	False	0.137	0							False	True	False
8UCB	1.85	X-ray	A	307	Interleukin-1 receptor-associated kinase 4	Q9NWZ3	346	experimental	author_numbering	True		SEP	346		189	0.836	False	0.836	0							True	False	True
9NA2	1.99	X-ray	A	304	Interleukin-1 receptor-associated kinase 4	Q9NWZ3	346	experimental	author_numbering	True		SEP	346		189	0.836	False	0.836	0							True	False	True
9S2O	1.8	X-ray	H	11	RAF proto-oncogene serine/threonine-protein kinase	P04049	259	experimental	sifts	True	True	SEP	259		189	0.836	False	0.137	0							True	True	False
2VIF	1.45	X-ray	P	11	MAST/STEM CELL GROWTH FACTOR RECEPTOR	P10721	568	experimental	sifts	True	True	PTR	568		280	0.838	False	0.084	0							True	True	False
5TQS	1.876	X-ray	F	11	Receptor protein-tyrosine kinase	P04626		unmapped	unmapped	False		PTR	783		280	0.838	False	0.186	0							True	True	False
2Q8Y	2.0	X-ray	B	9	Mitogen-activated protein kinase 7	Q13164	219	not_annotated	sifts	True	True	TPO	219		204	0.84	False	0.004	0							True	True	False
5VAX	2.0	X-ray	H	26	Beclin-1	Q14457	108	not_annotated	author_numbering	True		TPO	108		204	0.84	False	0.494	0							True	True	False
6HKF	1.801	X-ray	B	8	Estrogen receptor	P03372	594	not_annotated	sifts	True	True	TPO	594		204	0.84	False	0.156	0							True	True	False
7MSO	1.85	X-ray	E	6	Cyclic Peptide Inhibitor ZO1-GLN-SER-TPO-45W-MLL			no_uniprot_data	unmapped	False		TPO	4		204	0.84	False	0.111	0							False	True	False
8ALT	1.4	X-ray	B	5	Estrogen receptor	P03372	594	not_annotated	sifts	True	True	TPO	594		204	0.84	False	0.144	0							True	True	False
8ALW	1.5	X-ray	B	5	Estrogen receptor	P03372	594	not_annotated	sifts	True	True	TPO	594		204	0.84	False	0.14	0							True	True	False
8IR2	1.75	X-ray	D	17	SER-ASP-SER-CYS-ASN-SER-SEP-SER-SEP-ASP-ILE-ILE-ARG-ASP-LEU-LEU-GLU	Q9NS91	444	not_annotated	sifts	True	True	SEP	444		190	0.841	False	0.381	1	ARG	448	O1P	NH1	2.73	2.73	True	True	False
3IQJ	1.15	X-ray	P	10	10-mer peptide from RAF proto-oncogene serine/threonine-protein kinase	P04049	259	experimental	sifts	True	True	SEP	259		190	0.841	False	0.115	0							True	True	False
6O8U	1.8	X-ray	A	305	Interleukin-1 receptor-associated kinase 4	Q9NWZ3	346	experimental	author_numbering	True		SEP	346		190	0.841	False	0.823	0							True	False	True
6RU8	1.92	X-ray	E	12	Tumor protein 63	Q9H3D4	627	not_annotated	sifts	True	True	SEP	588		190	0.841	False	0.199	0							True	True	False
6YA7	1.67	X-ray	C	15	DNA replication licensing factor MCM2	P49736	41	experimental	author_numbering	True		SEP	41		190	0.841	False	0.265	0							True	True	False
6YIC	1.6	X-ray	P	10	SMAD4	Q13485		unmapped	unmapped	False		SEP	127		190	0.841	False	0.133	0							True	True	False
7O5P	1.8	X-ray	P	13	Transcription factor p65	Q04206	45	not_annotated	sifts	True	True	SEP	45		190	0.841	False	0.155	0							True	True	False
7OQG	1.5	X-ray	P	13	Amot-p130 phosphopeptide (pS175)	Q4VCS5	175	not_annotated	author_numbering	True		SEP	175		190	0.841	False	0.164	0							True	True	False
7RNU	1.45	X-ray	B	9	Actin, alpha skeletal muscle	P68133		unmapped	unmapped	False		PTR	53		281	0.841	False	0.24	0							True	True	False
8ATS	1.4	X-ray	P	9	RAF proto-oncogene serine/threonine-protein kinase	P04049	259	experimental	sifts	True	True	SEP	259		190	0.841	False	0.124	0							True	True	False
8QS3	1.6	X-ray	K	10	C-RAF peptide pS259			no_uniprot_data	unmapped	False		SEP	259		190	0.841	False	0.159	0							False	True	False
8QSC	1.8	X-ray	H	11	ARAF peptide pS214			no_uniprot_data	unmapped	False		SEP	214		190	0.841	False	0.146	0							False	True	False
8QSH	1.8	X-ray	H	12	ARAF peptide pS214			no_uniprot_data	unmapped	False		SEP	214		190	0.841	False	0.137	0							False	True	False
8QSH	1.8	X-ray	S	12	ARAF peptide pS214			no_uniprot_data	unmapped	False		SEP	214		190	0.841	False	0.146	0							False	True	False
8VSL	1.42	X-ray	P	12	Serine/threonine-protein kinase A-Raf phosphopeptide	P10398	259	not_annotated	author_numbering	True		SEP	259		190	0.841	False	0.124	0							True	True	False
9EW5	1.5	X-ray	F	11	RAF proto-oncogene serine/threonine-protein kinase	P04049	259	experimental	sifts	True	True	SEP	259		190	0.841	False	0.15	0							True	True	False
9S2N	1.85	X-ray	H	10	RAF proto-oncogene serine/threonine-protein kinase	P04049	259	experimental	sifts	True	True	SEP	259		190	0.841	False	0.146	0							True	True	False
5VAX	2.0	X-ray	E	26	Beclin-1	Q14457	108	not_annotated	author_numbering	True		TPO	108		205	0.844	False	0.576	0							True	True	False
6HHP	1.802	X-ray	B	8	Estrogen receptor	P03372	594	not_annotated	sifts	True	True	TPO	594		205	0.844	False	0.148	0							True	True	False
6XLI	2.0	X-ray	E	14	Tau Phosphopeptide (Ac-SR(pT)PSLP(pT)PPTRE-OH)	P10636	534	experimental	sifts	True	True	TPO	217		205	0.844	False	0.358	0							True	True	False
7B9R	1.15	X-ray	B	8	Estrogen receptor	P03372	594	not_annotated	sifts	True	True	TPO	594		205	0.844	False	0.152	0							True	True	False
7NFW	1.19	X-ray	B	8	Estrogen receptor	P03372	594	not_annotated	sifts	True	True	TPO	594		205	0.844	False	0.21	0							True	True	False
7PPL	1.53	X-ray	B	15	Insulin receptor substrate 1	P35568	632	experimental	author_numbering	True		PTR	632		282	0.844	False	0.078	0							True	True	False
7PPM	1.48	X-ray	B	13	Insulin receptor substrate 1	P35568	896	experimental	author_numbering	True		PTR	896		282	0.844	False	0.072	0							True	True	False
8AU2	1.6	X-ray	B	5	Estrogen receptor	P03372	594	not_annotated	sifts	True	True	TPO	594		205	0.844	False	0.16	0							True	True	False
8AV7	1.4	X-ray	B	5	Estrogen receptor	P03372	594	not_annotated	sifts	True	True	TPO	594		205	0.844	False	0.16	0							True	True	False
8BYC	1.6	X-ray	B	5	ERalpha peptide	P03372	594	not_annotated	sifts	True	True	TPO	594		205	0.844	False	0.193	0							True	True	False
4UJB	1.949	X-ray	A	351	CAMP-DEPENDENT PROTEIN KINASE CATALYTIC SUBUNIT ALPHA	P17612	11	by_similarity	sifts	True	True	SEP	10		191	0.845	False	0.845	0							True	False	True
5N5W	1.37	X-ray	P	10	TAZ pS89 peptide	Q9GZV5	89	experimental	sifts	True	True	SEP	89		191	0.845	False	0.128	0							True	True	False
6O94	1.98	X-ray	A	320	Interleukin-1 receptor-associated kinase 4	Q9NWZ3	346	experimental	author_numbering	True		SEP	346		191	0.845	False	0.845	0							True	False	True
6THX	1.99	X-ray	A	308	Interleukin-1 receptor-associated kinase 4	Q9NWZ3	346	experimental	author_numbering	True		SEP	346		191	0.845	False	0.845	0							True	False	True
6UYT	1.662	X-ray	B	29	Protein PML	P29590	560	not_annotated	sifts	True	True	SEP	15		191	0.845	False	0.721	0							True	True	False
7NMA	1.75	X-ray	P	13	Amot-p130 phosphopeptide (pS175)	Q4VCS5	175	not_annotated	author_numbering	True		SEP	175		191	0.845	False	0.106	0							True	True	False
7O6K	1.4	X-ray	P	13	Transcription factor p65	Q04206	45	not_annotated	sifts	True	True	SEP	45		191	0.845	False	0.155	0							True	True	False
8A68	1.6	X-ray	B	9	RAF proto-oncogene serine/threonine-protein kinase	P04049	259	experimental	sifts	True	True	SEP	259		191	0.845	False	0.124	0							True	True	False
8ATR	1.7	X-ray	P	9	RAF proto-oncogene serine/threonine-protein kinase	P04049	259	experimental	sifts	True	True	SEP	259		191	0.845	False	0.177	0							True	True	False
8VSN	1.91	X-ray	P	12	Serine/threonine-protein kinase A-Raf phosphopeptide	P10398	214	by_similarity	sifts	True	True	SEP	259		191	0.845	False	0.137	0							True	True	False
9EW5	1.5	X-ray	C	11	RAF proto-oncogene serine/threonine-protein kinase	P04049	259	experimental	sifts	True	True	SEP	259		191	0.845	False	0.15	0							True	True	False
9EW7	1.8	X-ray	P	10	RAF proto-oncogene serine/threonine-protein kinase	P04049	259	experimental	sifts	True	True	SEP	259		191	0.845	False	0.133	0							True	True	False
9FVN	1.5	X-ray	P	13	Microtubule-associated protein tau	P10636	214	experimental	author_numbering	True		SEP	214		191	0.845	False	0.181	0							True	True	False
6HKB	1.7	X-ray	B	8	Estrogen receptor	P03372	594	not_annotated	sifts	True	True	TPO	594		206	0.848	False	0.165	0							True	True	False
6HMU	1.2	X-ray	B	8	Estrogen receptor	P03372	594	not_annotated	sifts	True	True	TPO	594		206	0.848	False	0.165	0							True	True	False
6HN2	1.7	X-ray	B	8	Estrogen Receptor			no_uniprot_data	unmapped	False		TPO	594		206	0.848	False	0.16	0							False	True	False
7B9M	1.7	X-ray	B	8	Estrogen receptor	P03372	594	not_annotated	sifts	True	True	TPO	594		206	0.848	False	0.136	0							True	True	False
7B9T	1.15	X-ray	B	8	Estrogen receptor	P03372	594	not_annotated	sifts	True	True	TPO	594		206	0.848	False	0.148	0							True	True	False
7BAA	1.1	X-ray	B	8	Estrogen receptor	P03372	594	not_annotated	sifts	True	True	TPO	594		206	0.848	False	0.16	0							True	True	False
8AR4	1.5	X-ray	B	5	Estrogen receptor	P03372	594	not_annotated	sifts	True	True	TPO	594		206	0.848	False	0.16	0							True	True	False
8AXE	1.8	X-ray	B	5	Estrogen receptor	P03372	594	not_annotated	sifts	True	True	TPO	594		206	0.848	False	0.14	0							True	True	False
8BYO	1.2	X-ray	B	5	ERalpha peptide	P03372	594	not_annotated	sifts	True	True	TPO	594		206	0.848	False	0.198	0							True	True	False
8BZ0	1.2	X-ray	B	5	ERalpha peptide	P03372	594	not_annotated	sifts	True	True	TPO	594		206	0.848	False	0.177	0							True	True	False
8BZ9	1.3	X-ray	B	5	ERalpha peptide	P03372	594	not_annotated	sifts	True	True	TPO	594		206	0.848	False	0.173	0							True	True	False
8BZF	1.53	X-ray	B	5	ERalpha peptide	P03372	594	not_annotated	sifts	True	True	TPO	594		206	0.848	False	0.144	0							True	True	False
8C04	1.1	X-ray	B	5	ERalpha peptide	P03372	594	not_annotated	sifts	True	True	TPO	594		206	0.848	False	0.136	0							True	True	False
8C4F	1.4	X-ray	B	5	ERalpha peptide	P03372	594	not_annotated	sifts	True	True	TPO	594		206	0.848	False	0.202	0							True	True	False
1UJK	1.9	X-ray	C	12	C-terminal peptide from Beta-secretase	P56817	498	experimental	sifts	True	True	SEP	9		192	0.85	False	0.814	0							True	True	False
3D9N	1.6	X-ray	Z	14	CTD-PEPTIDE	P24928		unmapped	unmapped	False		SEP	0		192	0.85	False	0.575	0							True	True	False
4Y32	1.7	X-ray	D	7	ARG-THR-PRO-SEP-LEU-PRO-CNC(C(C)O)C(=O)N1CCCC1CCOC	P10636	531	experimental	sifts	True	True	SEP	214		192	0.85	False	0.155	0							True	True	False
6O8U	1.8	X-ray	C	305	Interleukin-1 receptor-associated kinase 4	Q9NWZ3	346	experimental	author_numbering	True		SEP	346		192	0.85	False	0.81	0							True	False	True
6QHL	1.2	X-ray	P	14	Transcription factor p65	Q04206	45	not_annotated	sifts	True	True	SEP	127		192	0.85	False	0.137	0							True	True	False
6UYS	1.59	X-ray	D	29	Protein PML	P29590		unmapped	unmapped	False		SEP	16		192	0.85	False	0.553	0							True	True	False
6UYU	1.66	X-ray	B	29	Protein PML	P29590		unmapped	unmapped	False		SEP	16		192	0.85	False	0.478	0							True	True	False
7O6J	1.4	X-ray	P	13	Transcription factor p65	Q04206	45	not_annotated	sifts	True	True	SEP	45		192	0.85	False	0.164	0							True	True	False
7ZMW	1.8	X-ray	B	8	non-natural peptide 1			no_uniprot_data	unmapped	False		SEP	2		192	0.85	False	0.261	0							False	True	False
8QS3	1.6	X-ray	Y	10	C-RAF peptide pS259			no_uniprot_data	unmapped	False		SEP	259		192	0.85	False	0.142	0							False	True	False
8R0Z	1.2	X-ray	P	10	WW domain-containing transcription regulator protein 1	Q9GZV5	89	experimental	sifts	True	True	SEP	89		192	0.85	False	0.128	0							True	True	False
8UCB	1.85	X-ray	C	307	Interleukin-1 receptor-associated kinase 4	Q9NWZ3	346	experimental	author_numbering	True		SEP	346		192	0.85	False	0.85	0							True	False	True
9MQ5	1.7	X-ray	B	33	Myelin protein zero-like protein 1	O95297	241	experimental	author_numbering	True		PTR	241		284	0.85	False	0.156	0							True	False	True
6XLI	2.0	X-ray	F	14	Tau Phosphopeptide (Ac-SR(pT)PSLP(pT)PPTRE-OH)	P10636	534	experimental	sifts	True	True	TPO	217		207	0.852	False	0.366	0							True	True	False
6XLI	2.0	X-ray	P	14	Tau Phosphopeptide (Ac-SR(pT)PSLP(pT)PPTRE-OH)	P10636	534	experimental	sifts	True	True	TPO	217		207	0.852	False	0.337	0							True	True	False
7AA9	1.72	X-ray	F	12	pT13/PT15 SCOC LIR			no_uniprot_data	unmapped	False		TPO	13		207	0.852	False	0.737	0							False	True	False
7BAB	1.3	X-ray	B	8	Estrogen receptor	P03372	594	not_annotated	sifts	True	True	TPO	594		207	0.852	False	0.148	0							True	True	False
7NIX	1.9	X-ray	B	11	TBC1 domain family member 4	O60343	642	experimental	sifts	True	True	TPO	642		207	0.852	False	0.202	0							True	True	False
7OQ8	1.43	X-ray	B	15	Estrogen receptor	P03372	594	not_annotated	sifts	True	True	TPO	594		207	0.852	False	0.132	0							True	True	False
8ALR	1.4	X-ray	B	5	Estrogen receptor	P03372	594	not_annotated	sifts	True	True	TPO	594		207	0.852	False	0.165	0							True	True	False
8AOY	1.4	X-ray	B	5	Estrogen receptor	P03372	594	not_annotated	sifts	True	True	TPO	594		207	0.852	False	0.148	0							True	True	False
8AQC	1.5	X-ray	B	5	Estrogen receptor	P03372	594	not_annotated	sifts	True	True	TPO	594		207	0.852	False	0.148	0							True	True	False
8ARQ	1.4	X-ray	B	5	Estrogen receptor	P03372	594	not_annotated	sifts	True	True	TPO	594		207	0.852	False	0.16	0							True	True	False
8ARR	1.35	X-ray	B	5	Estrogen receptor	P03372	594	not_annotated	sifts	True	True	TPO	594		207	0.852	False	0.156	0							True	True	False
8AUS	1.4	X-ray	B	5	Estrogen receptor	P03372	594	not_annotated	sifts	True	True	TPO	594		207	0.852	False	0.16	0							True	True	False
8BXI	1.2	X-ray	B	5	ERalpha peptide	P03372	594	not_annotated	sifts	True	True	TPO	594		207	0.852	False	0.189	0							True	True	False
8BZA	1.25	X-ray	B	5	ERalpha peptide	P03372	594	not_annotated	sifts	True	True	TPO	594		207	0.852	False	0.169	0							True	True	False
8BZB	1.7	X-ray	B	5	Estrogen receptor	P03372	594	not_annotated	sifts	True	True	TPO	594		207	0.852	False	0.148	0							True	True	False
8BZC	1.1	X-ray	B	5	ERalpha peptide	P03372	594	not_annotated	sifts	True	True	TPO	594		207	0.852	False	0.14	0							True	True	False
8BZE	1.43	X-ray	B	5	ERalpha peptide	P03372	594	not_annotated	sifts	True	True	TPO	594		207	0.852	False	0.156	0							True	True	False
9I71	1.35	X-ray	B	5	Estrogen receptor	P03372	594	not_annotated	sifts	True	True	TPO	594		207	0.852	False	0.16	0							True	True	False
1YRK	1.7	X-ray	B	13	13-residue peptide			no_uniprot_data	unmapped	False		PTR	7		285	0.853	False	0.177	0							False	True	False
6O8U	1.8	X-ray	B	305	Interleukin-1 receptor-associated kinase 4	Q9NWZ3	346	experimental	sifts	True	True	SEP	346		193	0.854	False	0.854	1	ARG	347	O1P	NH2	3.91	1.34	True	False	True
30TR	1.3	X-ray	P	7	TSC2 peptide pS1254 weak mutant			no_uniprot_data	unmapped	False		SEP	1254		193	0.854	False	0.128	0							False	True	False
6HEP	1.86	X-ray	E	28	Cystic fibrosis transmembrane conductance regulator	P13569	753	experimental	sifts	True	True	SEP	753		193	0.854	False	0.119	0							True	True	False
6YOW	1.23	X-ray	P	13	p65pS45	Q04206	45	not_annotated	sifts	True	True	SEP	45		193	0.854	False	0.19	0							True	True	False
7O3P	1.4	X-ray	P	13	Transcription factor p65	Q04206	45	not_annotated	sifts	True	True	SEP	45		193	0.854	False	0.173	0							True	True	False
7O6M	1.4	X-ray	P	13	Transcription factor p65	Q04206	45	not_annotated	sifts	True	True	SEP	45		193	0.854	False	0.155	0							True	True	False
7QUX	1.48	X-ray	A	352	Casein kinase II subunit alpha	P68400		unmapped	unmapped	False		SEP	1		193	0.854	False	0.854	0							True	False	False
8AV0	1.5	X-ray	P	9	RAF proto-oncogene serine/threonine-protein kinase	P04049	259	experimental	sifts	True	True	SEP	259		193	0.854	False	0.159	0							True	True	False
8QSA	1.8	X-ray	P	10	C-RAF peptide			no_uniprot_data	unmapped	False		SEP	259		193	0.854	False	0.142	0							False	True	False
8S42	1.7	X-ray	P	9	RAF proto-oncogene serine/threonine-protein kinase	P04049	259	experimental	sifts	True	True	SEP	259		193	0.854	False	0.146	0							True	True	False
9FVI	1.55	X-ray	P	13	Microtubule-associated protein tau	P10636	214	experimental	author_numbering	True		SEP	214		193	0.854	False	0.204	0							True	True	False
9S2L	1.85	X-ray	H	11	RAF proto-oncogene serine/threonine-protein kinase	P04049	259	experimental	sifts	True	True	SEP	259		193	0.854	False	0.146	0							True	True	False
6OI4	1.76	X-ray	E	14	26S proteasome non-ATPase regulatory subunit 1	Q99460	950	not_annotated	sifts	True	True	PTR	950		286	0.856	False	0.201	0							True	True	False
6WAY	1.5	X-ray	V	10	Rho GTPase-activating protein 35	Q9NRY4	1087	by_similarity	sifts	True	True	PTR	1087		286	0.856	False	0.132	0							True	True	False
7AA9	1.72	X-ray	H	12	pT13/PT15 SCOC LIR			no_uniprot_data	unmapped	False		TPO	15		208	0.856	False	0.342	0							False	True	False
7BA8	1.2	X-ray	B	8	Estrogen receptor	P03372	594	not_annotated	sifts	True	True	TPO	594		208	0.856	False	0.165	0							True	True	False
7BA9	1.48	X-ray	B	8	Estrogen receptor	P03372	594	not_annotated	sifts	True	True	TPO	594		208	0.856	False	0.152	0							True	True	False
7MSO	1.85	X-ray	F	6	Cyclic Peptide Inhibitor ZO1-GLN-SER-TPO-45W-MLL			no_uniprot_data	unmapped	False		TPO	4		208	0.856	False	0.107	0							False	True	False
7OQ7	1.6	X-ray	B	15	Estrogen receptor	P03372	594	not_annotated	sifts	True	True	TPO	594		208	0.856	False	0.128	0							True	True	False
8ARW	1.5	X-ray	B	5	Estrogen receptor	P03372	594	not_annotated	sifts	True	True	TPO	594		208	0.856	False	0.156	0							True	True	False
8ARX	1.4	X-ray	B	5	Estrogen receptor	P03372	594	not_annotated	sifts	True	True	TPO	594		208	0.856	False	0.16	0							True	True	False
8AT9	1.4	X-ray	B	5	Estrogen receptor	P03372	594	not_annotated	sifts	True	True	TPO	594		208	0.856	False	0.144	0							True	True	False
8AUY	1.5	X-ray	B	5	Estrogen receptor	P03372	594	not_annotated	sifts	True	True	TPO	594		208	0.856	False	0.165	0							True	True	False
8AV4	1.6	X-ray	B	5	Estrogen receptor	P03372	594	not_annotated	sifts	True	True	TPO	594		208	0.856	False	0.165	0							True	True	False
8B39	1.4	X-ray	B	5	Estrogen receptor	P03372	594	not_annotated	sifts	True	True	TPO	594		208	0.856	False	0.144	0							True	True	False
8BX3	1.2	X-ray	B	5	ERalpha peptide	P03372	594	not_annotated	sifts	True	True	TPO	594		208	0.856	False	0.202	0							True	True	False
8BYF	1.65	X-ray	B	5	PHE-PRO-ALA-TPO-VAL	P03372	594	not_annotated	sifts	True	True	TPO	594		208	0.856	False	0.202	0							True	True	False
8BYZ	1.4	X-ray	B	5	ERalpha peptide	P03372	594	not_annotated	sifts	True	True	TPO	594		208	0.856	False	0.16	0							True	True	False
9I6Z	1.4	X-ray	B	5	Estrogen receptor	P03372	594	not_annotated	sifts	True	True	TPO	594		208	0.856	False	0.173	0							True	True	False
2OIB	2.0	X-ray	D	301	Interleukin-1 receptor-associated kinase 4	Q9NWZ3	346	experimental	author_numbering	True		SEP	346		194	0.858	False	0.858	0							True	False	True
30TP	1.6	X-ray	P	7	TSC2 peptide pS1254 wt			no_uniprot_data	unmapped	False		SEP	1254		194	0.858	False	0.146	0							False	True	False
3DDW	1.9	X-ray	A	848	Glycogen phosphorylase, liver form	P06737		unmapped	unmapped	False		SEP	14		194	0.858	False	0.858	0							True	False	False
3ORZ	1.9995	X-ray	B	316	3-phosphoinositide-dependent protein kinase 1	O15530	241	experimental	sifts	True	True	SEP	241		194	0.858	False	0.858	0							True	False	True
4IGK	1.75	X-ray	D	7	ATRIP peptide	Q8WXE1	239	not_annotated	sifts	True	True	SEP	6		194	0.858	False	0.274	0							True	True	False
4JFZ	1.75	X-ray	P	12	Phosphopeptide			no_uniprot_data	unmapped	False		SEP	8		194	0.858	False	0.226	0							False	True	False
4WJN	1.5	X-ray	B	29	Protein PML	P29590	560	not_annotated	sifts	True	True	SEP	15		194	0.858	False	0.686	0							True	True	False
5N75	1.803	X-ray	P	10	WW domain-containing transcription regulator protein 1	Q9GZV5	89	experimental	sifts	True	True	SEP	89		194	0.858	False	0.137	0							True	True	False
6QZS	1.9	X-ray	C	12	FOXO1 pS256 site	Q12778	256	experimental	author_numbering	True		SEP	256		194	0.858	False	0.142	0							True	True	False
6QZS	1.9	X-ray	P	12	FOXO1 pS256 site	Q12778	256	experimental	author_numbering	True		SEP	256		194	0.858	False	0.159	0							True	True	False
6UYA	1.74	X-ray	B	320	Interleukin-1 receptor-associated kinase 4	Q9NWZ3	346	experimental	author_numbering	True		SEP	346		194	0.858	False	0.858	0							True	False	True
6YR6	1.75	X-ray	H	13	hDM2-186	Q00987	186	not_annotated	author_numbering	True		SEP	186		194	0.858	False	0.137	0							True	True	False
6ZBT	1.799485197	X-ray	H	10	E3 ubiquitin-protein ligase NEDD4-like	Q96PU5	342	experimental	author_numbering	True		SEP	342		194	0.858	False	0.128	0							True	True	False
7AXN	1.4	X-ray	P	17	Peptidyl-prolyl cis-trans isomerase NIMA-interacting 1	Q13526	72	not_annotated	author_numbering	True		SEP	72		194	0.858	False	0.186	0							True	True	False
7BKH	1.4	X-ray	P	13	Transcription factor p65	Q04206	45	not_annotated	sifts	True	True	SEP	45		194	0.858	False	0.142	0							True	True	False
7NN2	1.8	X-ray	P	13	Amot-p130 phosphopeptide (pS175)	Q4VCS5	175	not_annotated	author_numbering	True		SEP	175		194	0.858	False	0.133	0							True	True	False
7O59	1.2	X-ray	P	13	Transcription factor p65	Q04206	45	not_annotated	sifts	True	True	SEP	45		194	0.858	False	0.173	0							True	True	False
7OBX	1.8	X-ray	B	11	SSBP4 phosphopeptide	Q9BWG4	384	not_annotated	sifts	True	True	SEP	384		194	0.858	False	0.155	0							True	True	False
7OQA	1.8	X-ray	P	17	Peptidyl-prolyl cis-trans isomerase NIMA-interacting 1	Q13526	72	not_annotated	author_numbering	True		SEP	72		194	0.858	False	0.115	0							True	True	False
8TVN	1.95	X-ray	D	307	Interleukin-1 receptor-associated kinase 4	Q9NWZ3	346	experimental	author_numbering	True		SEP	346		194	0.858	False	0.827	0							True	False	True
9NA2	1.99	X-ray	B	304	Interleukin-1 receptor-associated kinase 4	Q9NWZ3	346	experimental	author_numbering	True		SEP	346		194	0.858	False	0.858	0							True	False	True
9S2O	1.8	X-ray	S	11	RAF proto-oncogene serine/threonine-protein kinase	P04049	259	experimental	sifts	True	True	SEP	259		194	0.858	False	0.15	0							True	True	False
4ROJ	1.95	X-ray	D	14	Thioredoxin-interacting protein	Q9H3M7	334	not_annotated	sifts	True	True	PTR	334		287	0.859	False	0.207	0							True	True	False
4ROJ	1.95	X-ray	F	14	Thioredoxin-interacting protein	Q9H3M7	334	not_annotated	author_numbering	True		PTR	334		287	0.859	False	0.234	0							True	True	False
3P34	1.4	X-ray	B	8	phosphopeptide			no_uniprot_data	unmapped	False		TPO	4		209	0.86	False	0.144	0							False	True	False
3UOT	1.8	X-ray	D	10	Mediator of DNA damage checkpoint protein 1	Q14676	4	experimental	author_numbering	True		TPO	4		209	0.86	False	0.177	0							True	True	False
6HMT	1.1	X-ray	B	8	Estrogen Receptor			no_uniprot_data	unmapped	False		TPO	594		209	0.86	False	0.148	0							False	True	False
6TJM	1.85	X-ray	B	9	C-terminal phosphopeptide of human estrogen receptor alpha	P03372	594	not_annotated	sifts	True	True	TPO	594		209	0.86	False	0.189	0							True	True	False
8AM7	1.5	X-ray	B	5	Estrogen receptor	P03372	594	not_annotated	sifts	True	True	TPO	594		209	0.86	False	0.173	0							True	True	False
8ANF	1.4	X-ray	B	5	Estrogen receptor	P03372	594	not_annotated	sifts	True	True	TPO	594		209	0.86	False	0.156	0							True	True	False
8APS	1.2	X-ray	B	5	Estrogen receptor	P03372	594	not_annotated	sifts	True	True	TPO	594		209	0.86	False	0.165	0							True	True	False
8AQ1	1.4	X-ray	B	5	Estrogen receptor	P03372	594	not_annotated	sifts	True	True	TPO	594		209	0.86	False	0.165	0							True	True	False
8AQZ	1.4	X-ray	B	5	Estrogen receptor	P03372	594	not_annotated	sifts	True	True	TPO	594		209	0.86	False	0.152	0							True	True	False
8AR5	1.4	X-ray	B	5	Estrogen receptor	P03372	594	not_annotated	sifts	True	True	TPO	594		209	0.86	False	0.152	0							True	True	False
8ARY	1.45	X-ray	B	5	Estrogen receptor	P03372	594	not_annotated	sifts	True	True	TPO	594		209	0.86	False	0.169	0							True	True	False
8ATP	1.4	X-ray	B	5	Estrogen receptor	P03372	594	not_annotated	sifts	True	True	TPO	594		209	0.86	False	0.152	0							True	True	False
8AWG	1.8	X-ray	B	5	Estrogen receptor	P03372	594	not_annotated	sifts	True	True	TPO	594		209	0.86	False	0.169	0							True	True	False
8BWX	1.6	X-ray	B	5	ERalpha peptide	P03372	594	not_annotated	sifts	True	True	TPO	594		209	0.86	False	0.206	0							True	True	False
8BZW	1.1	X-ray	B	6	ERalpha peptide	P03372	594	not_annotated	sifts	True	True	TPO	594		209	0.86	False	0.169	0							True	True	False
9I6U	1.3	X-ray	B	5	Estrogen receptor	P03372	594	not_annotated	sifts	True	True	TPO	594		209	0.86	False	0.181	0							True	True	False
9I6W	1.3	X-ray	B	5	Estrogen receptor	P03372	594	not_annotated	sifts	True	True	TPO	594		209	0.86	False	0.173	0							True	True	False
9I6X	1.3	X-ray	B	5	Estrogen receptor	P03372	594	not_annotated	sifts	True	True	TPO	594		209	0.86	False	0.177	0							True	True	False
9I70	1.4	X-ray	B	5	Estrogen receptor	P03372	594	not_annotated	sifts	True	True	TPO	594		209	0.86	False	0.169	0							True	True	False
9I72	1.35	X-ray	B	5	Estrogen receptor	P03372	594	not_annotated	sifts	True	True	TPO	594		209	0.86	False	0.156	0							True	True	False
9I73	1.4	X-ray	B	5	Estrogen receptor	P03372	594	not_annotated	sifts	True	True	TPO	594		209	0.86	False	0.165	0							True	True	False
9I75	1.4	X-ray	B	5	Estrogen receptor	P03372	594	not_annotated	sifts	True	True	TPO	594		209	0.86	False	0.165	0							True	True	False
9TPH	2.0	X-ray	C	6	Histone-H3-peptide conjugated to molecular tweezer			no_uniprot_data	unmapped	False		TPO	3		209	0.86	False	0.465	0							False	True	False
4ROJ	1.95	X-ray	E	14	Thioredoxin-interacting protein	Q9H3M7	334	not_annotated	sifts	True	True	PTR	334		288	0.862	False	0.228	0							True	True	False
30TO	1.8	X-ray	B	10	TSC2 peptide pS1254 wt			no_uniprot_data	unmapped	False		SEP	1254		195	0.863	False	0.177	0							False	True	False
30TS	1.7	X-ray	B	10	TSC2 peptide pS1254 weak mutant			no_uniprot_data	unmapped	False		SEP	1254		195	0.863	False	0.173	0							False	True	False
4FL5	1.9	X-ray	P	10	Microtubule-associated protein tau	P10636	214	experimental	author_numbering	True		SEP	214		195	0.863	False	0.164	0							True	True	False
5HF3	1.8	X-ray	B	9	modified Tau peptide	P10636	531	experimental	sifts	True	True	SEP	5		195	0.863	False	0.195	0							True	True	False
6FAU	1.25	X-ray	B	8	ACE-ARG-THR-PRO-SEP-LEU-PRO-GLY	P10636	531	experimental	sifts	True	True	SEP	5		195	0.863	False	0.168	0							True	True	False
6FAW	1.4	X-ray	B	8	ACE-ARG-THR-PRO-SEP-LEU-PRO-GLY	P10636	531	experimental	sifts	True	True	SEP	5		195	0.863	False	0.155	0							True	True	False
6UYA	1.74	X-ray	D	320	Interleukin-1 receptor-associated kinase 4	Q9NWZ3	346	experimental	author_numbering	True		SEP	346		195	0.863	False	0.863	0							True	False	True
6XKB	1.6	X-ray	G	20	S2,S5p-CTD peptide	P24928		unmapped	unmapped	False		SEP	12		195	0.863	False	0.712	0							True	True	False
6YPL	1.8	X-ray	P	13	p65pS45	Q04206	45	not_annotated	sifts	True	True	SEP	45		195	0.863	False	0.137	0							True	True	False
7NZK	1.4	X-ray	P	13	Transcription factor p65	Q04206	45	not_annotated	sifts	True	True	SEP	45		195	0.863	False	0.181	0							True	True	False
7O3R	1.8	X-ray	P	13	Transcription factor p65	Q04206	45	not_annotated	sifts	True	True	SEP	45		195	0.863	False	0.173	0							True	True	False
7OQW	1.9	X-ray	P	13	Amot-p130 phosphopeptide (pS175)	Q4VCS5	175	not_annotated	author_numbering	True		SEP	175		195	0.863	False	0.181	0							True	True	False
8A6H	1.6	X-ray	P	11	RAF proto-oncogene serine/threonine-protein kinase	P04049	259	experimental	sifts	True	True	SEP	259		195	0.863	False	0.128	0							True	True	False
8C2Y	1.46	X-ray	P	12	Pyrin pS242 peptide	O15553	242	experimental	author_numbering	True		SEP	242		195	0.863	False	0.173	0							True	True	False
8W3X	1.765	X-ray	D	323	Interleukin-1 receptor-associated kinase 4	Q9NWZ3	346	experimental	author_numbering	True		SEP	346		195	0.863	False	0.863	0							True	False	True
9R9G	1.88	X-ray	B	308	Interleukin-1 receptor-associated kinase 4	Q9NWZ3	346	experimental	author_numbering	True		SEP	346		195	0.863	False	0.863	0							True	False	True
9S2N	1.85	X-ray	S	10	RAF proto-oncogene serine/threonine-protein kinase	P04049	259	experimental	sifts	True	True	SEP	259		195	0.863	False	0.146	0							True	True	False
5VAX	2.0	X-ray	F	26	Beclin-1	Q14457	108	not_annotated	author_numbering	True		TPO	108		210	0.864	False	0.663	0							True	True	False
7AA9	1.72	X-ray	D	12	pT13/PT15 SCOC LIR			no_uniprot_data	unmapped	False		TPO	15		210	0.864	False	0.156	0							False	True	False
8AQE	1.6	X-ray	B	5	Estrogen receptor	P03372	594	not_annotated	sifts	True	True	TPO	594		210	0.864	False	0.169	0							True	True	False
8ARG	1.5	X-ray	B	5	Estrogen receptor	P03372	594	not_annotated	sifts	True	True	TPO	594		210	0.864	False	0.165	0							True	True	False
8ARZ	1.5	X-ray	B	5	Estrogen receptor	P03372	594	not_annotated	sifts	True	True	TPO	594		210	0.864	False	0.165	0							True	True	False
8AS1	1.5	X-ray	B	5	Estrogen receptor	P03372	594	not_annotated	sifts	True	True	TPO	594		210	0.864	False	0.16	0							True	True	False
8AV3	1.8	X-ray	B	5	Estrogen receptor	P03372	594	not_annotated	sifts	True	True	TPO	594		210	0.864	False	0.181	0							True	True	False
8AZE	1.6	X-ray	B	5	ERalpha peptide	P03372	594	not_annotated	sifts	True	True	TPO	594		210	0.864	False	0.165	0							True	True	False
8BXQ	1.6	X-ray	B	5	ERalpha peptide	P03372	594	not_annotated	sifts	True	True	TPO	594		210	0.864	False	0.169	0							True	True	False
8BY9	1.6	X-ray	B	5	ERalpha peptide	P03372	594	not_annotated	sifts	True	True	TPO	594		210	0.864	False	0.177	0							True	True	False
8BYB	1.6	X-ray	B	5	ERalpha peptide	P03372	594	not_annotated	sifts	True	True	TPO	594		210	0.864	False	0.206	0							True	True	False
8BYD	1.6	X-ray	B	5	ERalpha peptide	P03372	594	not_annotated	sifts	True	True	TPO	594		210	0.864	False	0.198	0							True	True	False
8BYG	1.7	X-ray	B	5	ERalpha peptide	P03372	594	not_annotated	sifts	True	True	TPO	594		210	0.864	False	0.206	0							True	True	False
9TPI	1.8	X-ray	D	6	Histone-H3-peptide conjugated to molecular tweezer			no_uniprot_data	unmapped	False		TPO	3		210	0.864	False	0.465	0							False	True	False
6I5N	1.98	X-ray	L	11	Growth hormone receptor peptide			no_uniprot_data	unmapped	False		PTR	0		289	0.865	False	0.554	0							False	True	False
2J90	2.0	X-ray	B	304	DEATH-ASSOCIATED PROTEIN KINASE 3	O43293	50	experimental	author_numbering	True		SEP	50		196	0.867	False	0.469	0							True	False	True
2OIB	2.0	X-ray	C	301	Interleukin-1 receptor-associated kinase 4	Q9NWZ3	346	experimental	author_numbering	True		SEP	346		196	0.867	False	0.867	0							True	False	True
30TQ	1.6	X-ray	B	10	TSC2 peptide pS1254 wt			no_uniprot_data	unmapped	False		SEP	1254		196	0.867	False	0.177	0							False	True	False
4FJ3	1.95	X-ray	P	36	RAF proto-oncogene serine/threonine-protein kinase	P04049	259	experimental	author_numbering	True		SEP	259		196	0.867	False	0.119	0							True	False	True
6FAV	1.4	X-ray	B	8	ACE-ARG-THR-PRO-SEP-LEU-PRO-GLY	P10636	531	experimental	sifts	True	True	SEP	5		196	0.867	False	0.164	0							True	True	False
6FBW	1.45	X-ray	D	7	ARG-THR-PRO-SEP-LEU-PRO-GLY	P10636	531	experimental	sifts	True	True	SEP	5		196	0.867	False	0.137	0							True	True	False
6GR8	1.75	X-ray	B	70	Inner centromere protein	Q9NQS7	893	experimental	sifts	True	True	SEP	893		196	0.867	False	0.31	0							True	False	True
6O95	1.77	X-ray	C	320	Interleukin-1 receptor-associated kinase 4	Q9NWZ3	346	experimental	author_numbering	True		SEP	346		196	0.867	False	0.867	0							True	False	True
6RU8	1.92	X-ray	G	12	Tumor protein 63	Q9H3D4	627	not_annotated	sifts	True	True	SEP	588		196	0.867	False	0.146	0							True	True	False
6UYU	1.66	X-ray	D	29	Protein PML	P29590		unmapped	unmapped	False		SEP	15		196	0.867	False	0.717	0							True	True	False
6XKB	1.6	X-ray	J	20	S2,S5p-CTD peptide	P24928		unmapped	unmapped	False		SEP	12		196	0.867	False	0.531	0							True	True	False
6YP2	1.8	X-ray	P	13	p65pS45	Q04206	45	not_annotated	sifts	True	True	SEP	45		196	0.867	False	0.168	0							True	True	False
6YP3	1.8	X-ray	P	13	p65pS45	Q04206	45	not_annotated	sifts	True	True	SEP	45		196	0.867	False	0.164	0							True	True	False
7AZ1	1.15	X-ray	P	17	Peptidyl-prolyl cis-trans isomerase NIMA-interacting 1	Q13526	72	not_annotated	author_numbering	True		SEP	72		196	0.867	False	0.19	0							True	True	False
7AZ2	1.081	X-ray	P	17	Peptidyl-prolyl cis-trans isomerase NIMA-interacting 1	Q13526		unmapped	unmapped	False		SEP	127		196	0.867	False	0.204	0							True	True	False
7BDY	1.801	X-ray	P	17	Peptidyl-prolyl cis-trans isomerase NIMA-interacting 1	Q13526	72	not_annotated	author_numbering	True		SEP	72		196	0.867	False	0.177	0							True	True	False
7BJL	1.4	X-ray	P	13	Transcription factor p65	Q04206	45	not_annotated	sifts	True	True	SEP	45		196	0.867	False	0.168	0							True	True	False
7NK5	1.4	X-ray	P	13	Transcription factor p65	Q04206	45	not_annotated	sifts	True	True	SEP	45		196	0.867	False	0.173	0							True	True	False
7NM1	1.4	X-ray	P	13	Transcription factor p65	Q04206	45	not_annotated	sifts	True	True	SEP	45		196	0.867	False	0.177	0							True	True	False
7NND	1.4	X-ray	P	13	Amot-p130 phosphopeptide (pS175)	Q4VCS5	175	not_annotated	author_numbering	True		SEP	175		196	0.867	False	0.168	0							True	True	False
7NPB	1.37	X-ray	P	20	Amot-p130 phosphopeptide (pS175)	Q4VCS5	175	not_annotated	author_numbering	True		SEP	175		196	0.867	False	0.124	0							True	True	False
7NSV	1.33	X-ray	P	13	Transcription factor p65	Q04206	45	not_annotated	author_numbering	True		SEP	45		196	0.867	False	0.177	0							True	True	False
7NY4	1.4	X-ray	P	13	Transcription factor p65	Q04206	45	not_annotated	sifts	True	True	SEP	45		196	0.867	False	0.181	0							True	True	False
7NYE	1.4	X-ray	P	13	Transcription factor p65	Q04206	45	not_annotated	sifts	True	True	SEP	45		196	0.867	False	0.177	0							True	True	False
7O57	1.4	X-ray	P	13	Transcription factor p65	Q04206	45	not_annotated	sifts	True	True	SEP	45		196	0.867	False	0.173	0							True	True	False
8C2G	1.6	X-ray	P	17	Peptidyl-prolyl cis-trans isomerase NIMA-interacting 1	Q13526		unmapped	unmapped	False		SEP	127		196	0.867	False	0.204	0							True	True	False
8QS5	2.0	X-ray	P	10	C-RAF peptide pS259			no_uniprot_data	unmapped	False		SEP	259		196	0.867	False	0.159	0							False	True	False
9FS4	1.6	X-ray	P	13	Microtubule-associated protein tau	P10636	214	experimental	author_numbering	True		SEP	214		196	0.867	False	0.19	0							True	True	False
9R9K	1.87	X-ray	B	308	Interleukin-1 receptor-associated kinase 4	Q9NWZ3	346	experimental	sifts	True	True	SEP	346		196	0.867	False	0.867	0							True	False	True
9R9K	1.87	X-ray	C	308	Interleukin-1 receptor-associated kinase 4	Q9NWZ3	346	experimental	sifts	True	True	SEP	346		196	0.867	False	0.867	0							True	False	True
9S2J	1.5	X-ray	P	11	RAF proto-oncogene serine/threonine-protein kinase	P04049	259	experimental	author_numbering	True		SEP	259		196	0.867	False	0.164	0							True	True	False
9S2L	1.85	X-ray	S	11	RAF proto-oncogene serine/threonine-protein kinase	P04049	259	experimental	sifts	True	True	SEP	259		196	0.867	False	0.155	0							True	True	False
30TL	1.2	X-ray	B	5	ERa peptide pT594 weak mutant			no_uniprot_data	unmapped	False		TPO	1		211	0.868	False	0.152	0							False	True	False
7BA6	1.4	X-ray	B	8	Estrogen receptor	P03372	594	not_annotated	sifts	True	True	TPO	594		211	0.868	False	0.16	0							True	True	False
7OPW	1.81	X-ray	B	15	Estrogen receptor	P03372	594	not_annotated	sifts	True	True	TPO	594		211	0.868	False	0.16	0							True	True	False
7T1L	1.35	X-ray	C	7	Synthetic phosphotyrosine-containing Ezrin-derived peptide	P15311	478	experimental	sifts	True	True	PTR	1		290	0.868	False	0.039	0							True	True	False
8AFN	1.36	X-ray	B	5	Estrogen receptor	P03372	594	not_annotated	sifts	True	True	TPO	594		211	0.868	False	0.21	0							True	True	False
8BWJ	1.6	X-ray	B	5	ERalpha peptide	P03372	594	not_annotated	sifts	True	True	TPO	594		211	0.868	False	0.181	0							True	True	False
8BX4	1.6	X-ray	B	5	ERalpha peptide	P03372	594	not_annotated	sifts	True	True	TPO	594		211	0.868	False	0.21	0							True	True	False
8BYE	1.6	X-ray	B	5	ERalpha peptide	P03372	594	not_annotated	sifts	True	True	TPO	594		211	0.868	False	0.222	0							True	True	False
8BYY	1.6	X-ray	B	5	ERalpha peptide	P03372	594	not_annotated	sifts	True	True	TPO	594		211	0.868	False	0.177	0							True	True	False
8C4G	1.46	X-ray	B	5	ERalpha peptide	P03372	594	not_annotated	sifts	True	True	TPO	594		211	0.868	False	0.239	0							True	True	False
9I6T	1.3	X-ray	B	5	Estrogen receptor	P03372	594	not_annotated	sifts	True	True	TPO	594		211	0.868	False	0.165	0							True	True	False
9I6Y	1.5	X-ray	B	5	Estrogen receptor	P03372	594	not_annotated	sifts	True	True	TPO	594		211	0.868	False	0.173	0							True	True	False
9TPH	2.0	X-ray	D	6	Histone-H3-peptide conjugated to molecular tweezer			no_uniprot_data	unmapped	False		TPO	3		211	0.868	False	0.477	0							False	True	False
9TPI	1.8	X-ray	C	6	Histone-H3-peptide conjugated to molecular tweezer			no_uniprot_data	unmapped	False		TPO	3		211	0.868	False	0.473	0							False	True	False
9UA8	1.999	X-ray	C	6	THR-ASP-PTR-PTR-ARG			no_uniprot_data	unmapped	False		PTR	393		290	0.868	False	0.698	0							False	True	False
3FXX	1.7	X-ray	B	10	peptide substrate			no_uniprot_data	unmapped	False		PTR	2		291	0.871	False	0.611	0							False	True	False
5TQS	1.876	X-ray	H	11	Receptor protein-tyrosine kinase	P04626	1222	not_annotated	sifts	True	True	PTR	783		291	0.871	False	0.204	0							True	True	False
7T1L	1.35	X-ray	D	7	Synthetic phosphotyrosine-containing Ezrin-derived peptide	P15311	478	experimental	sifts	True	True	PTR	1		291	0.871	False	0.015	0							True	True	False
1UJK	1.9	X-ray	D	12	C-terminal peptide from Beta-secretase	P56817	498	experimental	sifts	True	True	SEP	9		197	0.872	False	0.836	0							True	True	False
4Y32	1.7	X-ray	C	7	ARG-THR-PRO-SEP-LEU-PRO-CNC(C(C)O)C(=O)N1CCCC1CCOC	P10636	531	experimental	sifts	True	True	SEP	214		197	0.872	False	0.15	0							True	True	False
5N10	1.6	X-ray	C	15	Estrogen receptor	P03372	594	not_annotated	sifts	True	True	TPO	594		212	0.872	False	0.165	0							True	True	False
5N10	1.6	X-ray	F	15	Estrogen receptor	P03372	594	not_annotated	sifts	True	True	TPO	594		212	0.872	False	0.193	0							True	True	False
6FBY	1.5	X-ray	B	8	ACE-ARG-THR-PRO-SEP-LEU-PRO-GLY	P10636	531	experimental	sifts	True	True	SEP	5		197	0.872	False	0.164	0							True	True	False
6HEP	1.86	X-ray	F	28	Cystic fibrosis transmembrane conductance regulator	P13569	753	experimental	sifts	True	True	SEP	753		197	0.872	False	0.115	0							True	True	False
6IC9	1.748	X-ray	C	14	TYR-SEP-PRO-THR-SER-PRO-SEP-TYR-SEP-PRO-THR-SER-PRO	P24928	1791	not_annotated	sifts	True	True	SEP	4		197	0.872	False	0.535	0							True	True	False
6IC9	1.748	X-ray	C	14	TYR-SEP-PRO-THR-SER-PRO-SEP-TYR-SEP-PRO-THR-SER-PRO	P24928	1798	not_annotated	sifts	True	True	SEP	11		197	0.872	False	0.5	0							True	True	False
6UYT	1.662	X-ray	B	29	Protein PML	P29590	561	not_annotated	sifts	True	True	SEP	16		197	0.872	False	0.77	0							True	True	False
6XKB	1.6	X-ray	K	20	S2,S5p-CTD peptide	P24928	1798	not_annotated	sifts	True	True	SEP	12		197	0.872	False	0.85	0							True	True	False
6YP8	1.8	X-ray	P	13	p65pS45	Q04206	45	not_annotated	sifts	True	True	SEP	45		197	0.872	False	0.124	0							True	True	False
6ZBT	1.799485197	X-ray	E	10	E3 ubiquitin-protein ligase NEDD4-like	Q96PU5	342	experimental	sifts	True	True	SEP	342		197	0.872	False	0.128	0							True	True	False
7AA9	1.72	X-ray	H	12	pT13/PT15 SCOC LIR			no_uniprot_data	unmapped	False		TPO	13		212	0.872	False	0.778	0							False	True	False
7BJB	1.8	X-ray	P	13	Transcription factor p65	Q04206	45	not_annotated	sifts	True	True	SEP	127		197	0.872	False	0.173	0							True	True	False
7BJF	1.4	X-ray	P	13	Transcription factor p65	Q04206	45	not_annotated	sifts	True	True	SEP	45		197	0.872	False	0.168	0							True	True	False
7NIF	1.71	X-ray	P	17	Peptidyl-prolyl cis-trans isomerase NIMA-interacting 1	Q13526	72	not_annotated	author_numbering	True		SEP	72		197	0.872	False	0.204	0							True	True	False
7NIG	1.9	X-ray	P	17	Peptidyl-prolyl cis-trans isomerase NIMA-interacting 1	Q13526	72	not_annotated	author_numbering	True		SEP	72		197	0.872	False	0.19	0							True	True	False
7NMH	1.4	X-ray	P	13	Transcription factor p65	Q04206	45	not_annotated	sifts	True	True	SEP	45		197	0.872	False	0.164	0							True	True	False
7NYF	1.4	X-ray	P	13	Transcription factor p65	Q04206	45	not_annotated	sifts	True	True	SEP	45		197	0.872	False	0.186	0							True	True	False
7NZG	1.4	X-ray	P	13	Transcription factor p65	Q04206	45	not_annotated	sifts	True	True	SEP	45		197	0.872	False	0.181	0							True	True	False
7O3Q	1.8	X-ray	P	13	Transcription factor p65	Q04206	45	not_annotated	sifts	True	True	SEP	45		197	0.872	False	0.173	0							True	True	False
7O6I	1.8	X-ray	P	13	Transcription factor p65	Q04206	45	not_annotated	sifts	True	True	SEP	45		197	0.872	False	0.128	0							True	True	False
7O6O	1.4	X-ray	P	13	Transcription factor p65	Q04206	45	not_annotated	sifts	True	True	SEP	45		197	0.872	False	0.173	0							True	True	False
7OQS	1.34	X-ray	P	13	Amot-p130 phosphopeptide (pS175)	Q4VCS5	175	not_annotated	author_numbering	True		SEP	175		197	0.872	False	0.137	0							True	True	False
8BWZ	1.6	X-ray	B	5	ERalpha peptide	P03372	594	not_annotated	sifts	True	True	TPO	594		212	0.872	False	0.169	0							True	True	False
8BXO	1.6	X-ray	B	5	ERalpha peptide	P03372	594	not_annotated	sifts	True	True	TPO	594		212	0.872	False	0.173	0							True	True	False
9FJG	2.0	X-ray	C	59	Centromere protein U	Q71F23	98	by_similarity	author_numbering	True		TPO	98		212	0.872	False	0.21	0							True	False	True
9FVP	1.58	X-ray	P	13	Microtubule-associated protein tau	P10636	214	experimental	author_numbering	True		SEP	214		197	0.872	False	0.208	0							True	True	False
9GFA	1.6	X-ray	P	13	Microtubule-associated protein tau	P10636	214	experimental	author_numbering	True		SEP	214		197	0.872	False	0.199	0							True	True	False
9GG8	1.1	X-ray	P	13	Microtubule-associated protein tau	P10636	214	experimental	author_numbering	True		SEP	214		197	0.872	False	0.212	0							True	True	False
9I6V	1.3	X-ray	B	5	Estrogen receptor	P03372	594	not_annotated	sifts	True	True	TPO	594		212	0.872	False	0.177	0							True	True	False
9NA5	1.73	X-ray	C	304	Interleukin-1 receptor-associated kinase 4	Q9NWZ3	342	experimental	author_numbering	True		TPO	342		212	0.872	False	0.872	0							True	False	True
9QNJ	1.3	X-ray	P	8	Tau pS198 peptide			no_uniprot_data	unmapped	False		SEP	198		197	0.872	False	0.173	0							False	True	False
4CH2	1.6	X-ray	Q	14	PLATELET GLYCOPROTEIN IB ALPHA CHAIN, RESIDUES 287-300	P07359		unmapped	unmapped	False		PTR	278		292	0.874	False	0.644	0							True	True	False
5DF6	1.78	X-ray	C	13	txnip	Q9H3M7	378	not_annotated	sifts	True	True	PTR	378		292	0.874	False	0.207	0							True	True	False
3FQU	1.8	X-ray	C	9	phospho-peptide 38-46 from cell division cycle 25b (CDC25b): GLLG(Sep)PVRA	P30305	42	by_similarity	sifts	True	True	SEP	5		198	0.876	False	0.757	1	ARG	8	O2P	NH2	3.65	3.65	True	True	False
4IGK	1.75	X-ray	C	7	ATRIP peptide	Q8WXE1	239	not_annotated	sifts	True	True	SEP	6		198	0.876	False	0.279	0							True	True	False
5JEO	1.719	X-ray	B	19	Rotavirus NSP1 peptide	Q99FX5	489	not_annotated	author_numbering	True		SEP	489		198	0.876	False	0.274	0							False	True	False
5NND	1.82	X-ray	E	17	Histone H3	P68431		unmapped	unmapped	False		SEP	10		198	0.876	False	0.425	0							True	True	False
6FAW	1.4	X-ray	D	6	THR-PRO-SEP-LEU-PRO-GLY	P10636	531	experimental	sifts	True	True	SEP	5		198	0.876	False	0.137	0							True	True	False
6FBW	1.45	X-ray	B	7	ARG-THR-PRO-SEP-LEU-PRO-GLY	P10636	531	experimental	sifts	True	True	SEP	5		198	0.876	False	0.159	0							True	True	False
6FCP	1.45	X-ray	P	15	Protein Shroom3	Q8TF72	1242	not_annotated	author_numbering	True		SEP	1242		198	0.876	False	0.204	0							True	True	False
6G8K	1.25	X-ray	P	11	ACE-ARG-ALA-HIS-SEP-SER-PRO-ALA-BSE-LEU-GLN	P46937	127	experimental	author_numbering	True		SEP	127		198	0.876	False	0.146	0							True	True	False
6O95	1.77	X-ray	B	320	Interleukin-1 receptor-associated kinase 4	Q9NWZ3	346	experimental	author_numbering	True		SEP	346		198	0.876	False	0.876	0							True	False	True
6UYA	1.74	X-ray	C	320	Interleukin-1 receptor-associated kinase 4	Q9NWZ3	346	experimental	author_numbering	True		SEP	346		198	0.876	False	0.876	0							True	False	True
6UYX	1.7	X-ray	B	17	phosphorylated DAXX			no_uniprot_data	unmapped	False		SEP	15		198	0.876	False	0.637	0							False	True	False
6ZBT	1.799485197	X-ray	G	10	E3 ubiquitin-protein ligase NEDD4-like	Q96PU5	342	experimental	author_numbering	True		SEP	342		198	0.876	False	0.137	0							True	True	False
7AYF	1.752	X-ray	P	17	Peptidyl-prolyl cis-trans isomerase NIMA-interacting 1	Q13526	72	not_annotated	author_numbering	True		SEP	72		198	0.876	False	0.173	0							True	True	False
7BDP	1.75	X-ray	P	17	Peptidyl-prolyl cis-trans isomerase NIMA-interacting 1	Q13526	72	not_annotated	author_numbering	True		SEP	72		198	0.876	False	0.19	0							True	True	False
7BDT	1.75	X-ray	P	17	Peptidyl-prolyl cis-trans isomerase NIMA-interacting 1	Q13526	72	not_annotated	author_numbering	True		SEP	72		198	0.876	False	0.199	0							True	True	False
7BGV	1.683	X-ray	P	17	Peptidyl-prolyl cis-trans isomerase NIMA-interacting 1	Q13526	72	not_annotated	sifts	True	True	SEP	72		198	0.876	False	0.177	0							True	True	False
7BJW	1.4	X-ray	P	13	Transcription factor p65	Q04206	45	not_annotated	sifts	True	True	SEP	45		198	0.876	False	0.146	0							True	True	False
7DYN	2.0	X-ray	C	10	ARG-ARG-PHE-SEP-ARG-SEP-PRO-ILE-ARG-ARG	P18583	2031	by_similarity	sifts	True	True	SEP	6		198	0.876	False	0.863	0							True	True	False
7NJB	1.4	X-ray	P	13	Transcription factor p65	Q04206	45	not_annotated	sifts	True	True	SEP	45		198	0.876	False	0.19	0							True	True	False
7NLE	1.4	X-ray	P	13	Transcription factor p65	Q04206	45	not_annotated	sifts	True	True	SEP	45		198	0.876	False	0.186	0							True	True	False
7NM3	1.4	X-ray	P	13	Transcription factor p65	Q04206	45	not_annotated	sifts	True	True	SEP	45		198	0.876	False	0.177	0							True	True	False
7NRK	1.75	X-ray	P	17	Peptidyl-prolyl cis-trans isomerase NIMA-interacting 1	Q13526	72	not_annotated	author_numbering	True		SEP	72		198	0.876	False	0.212	0							True	True	False
7O3A	1.2	X-ray	P	13	Transcription factor p65	Q04206	45	not_annotated	sifts	True	True	SEP	45		198	0.876	False	0.195	0							True	True	False
7O3F	1.4	X-ray	P	13	Transcription factor p65	Q04206	45	not_annotated	sifts	True	True	SEP	45		198	0.876	False	0.186	0							True	True	False
7O5U	1.8	X-ray	P	13	Transcription factor p65	Q04206	45	not_annotated	sifts	True	True	SEP	45		198	0.876	False	0.128	0							True	True	False
7O5X	1.8	X-ray	P	13	Transcription factor p65	Q04206	45	not_annotated	sifts	True	True	SEP	45		198	0.876	False	0.181	0							True	True	False
7O6G	1.8	X-ray	P	13	Transcription factor p65	Q04206	45	not_annotated	sifts	True	True	SEP	45		198	0.876	False	0.181	0							True	True	False
7OQJ	1.4	X-ray	P	13	Amot-p130 phosphopeptide (pS175)	Q4VCS5	175	not_annotated	author_numbering	True		SEP	175		198	0.876	False	0.146	0							True	True	False
7OQU	1.4	X-ray	P	13	Amot-p130 phosphopeptide (pS175)	Q4VCS5	175	not_annotated	author_numbering	True		SEP	175		198	0.876	False	0.133	0							True	True	False
7S7F	1.88	X-ray	C	9	Histone-lysine N-methyltransferase, H3 lysine-79 specific	Q8TEK3	1001	experimental	sifts	True	True	SEP	4		198	0.876	False	0.602	0							True	True	False
9FVH	1.45	X-ray	P	13	Microtubule-associated protein tau	P10636	214	experimental	author_numbering	True		SEP	214		198	0.876	False	0.204	0							True	True	False
9TFU	1.997	X-ray	B	13	Cyclic AMP-dependent transcription factor ATF-4	P18848	219	by_similarity	author_numbering	True		SEP	219		198	0.876	False	0.279	0							True	True	False
1UMW	1.9	X-ray	E	7	PEPTIDE			no_uniprot_data	unmapped	False		TPO	5		213	0.877	False	0.123	0							False	True	False
4O56	1.8	X-ray	B	8	synthetic peptide			no_uniprot_data	unmapped	False		TPO	17		213	0.877	False	0.189	0							False	True	False
5C26	1.95	X-ray	B	6	GLU-VAL-PTR-GLU-SER-PRO			no_uniprot_data	unmapped	False		PTR	348		293	0.877	False	0.362	0							False	True	False
5E2W	1.5	X-ray	P	18	TAU-PHOSPHOPEPTIDE	P10636		unmapped	unmapped	False		TPO	205		213	0.877	False	0.128	0							True	True	False
5J19	2.0	X-ray	C	15	Phosphorylated peptide from Partner of Numb	O96561	63	predicted	author_numbering	True		TPO	63		213	0.877	False	0.136	0							False	True	False
5J19	2.0	X-ray	D	15	Phosphorylated peptide from Partner of Numb	O96561	63	predicted	author_numbering	True		TPO	63		213	0.877	False	0.144	0							False	True	False
6QDT	1.702	X-ray	B	12	Rap guanine nucleotide exchange factor 2	Q9Y4G8		unmapped	unmapped	False		TPO	594		213	0.877	False	0.14	0							True	True	False
6Y3M	1.5	X-ray	P	5	ATPase peptide			no_uniprot_data	unmapped	False		TPO	391		213	0.877	False	0.165	0							False	True	False
7AA9	1.72	X-ray	J	12	pT13/PT15 SCOC LIR			no_uniprot_data	unmapped	False		TPO	15		213	0.877	False	0.35	0							False	True	False
8AI0	1.6	X-ray	B	5	Estrogen receptor	P03372	594	not_annotated	sifts	True	True	TPO	594		213	0.877	False	0.16	0							True	True	False
8ALV	1.6	X-ray	B	5	Estrogen receptor	P03372	594	not_annotated	sifts	True	True	TPO	594		213	0.877	False	0.169	0							True	True	False
8BXS	1.6	X-ray	B	5	ERalpha peptide	P03372	594	not_annotated	sifts	True	True	TPO	594		213	0.877	False	0.214	0							True	True	False
8C0L	1.6	X-ray	B	5	ERalpha peptide	P03372	594	not_annotated	sifts	True	True	TPO	594		213	0.877	False	0.239	0							True	True	False
8JOQ	1.796	X-ray	B	7	HPV18 L2 peptide	P06793	213	not_annotated	sifts	True	True	TPO	213		213	0.877	False	0.156	0							False	True	False
9I6S	1.3	X-ray	B	5	Estrogen receptor	P03372	594	not_annotated	sifts	True	True	TPO	594		213	0.877	False	0.177	0							True	True	False
2NRU	2.0	X-ray	C	307	Interleukin-1 receptor-associated kinase 4	Q9NWZ3	346	experimental	author_numbering	True		SEP	346		199	0.881	False	0.881	0							True	False	True
3O8I	2.0	X-ray	B	10	14-3-3 binding site peptide of RAF proto-oncogene serine/threonine-protein kinase	P04049	259	experimental	author_numbering	True		SEP	259		199	0.881	False	0.15	0							True	True	False
4Y5I	1.4	X-ray	F	9	Microtubule-associated protein tau	P10636	531	experimental	sifts	True	True	SEP	5		199	0.881	False	0.186	0							True	True	False
5E50	1.376	X-ray	C	9	XRCC4	Q13426	232	experimental	sifts	True	True	SEP	232		199	0.881	False	0.735	0							True	True	False
6FAV	1.4	X-ray	D	6	THR-PRO-SEP-LEU-PRO-GLY	P10636	531	experimental	sifts	True	True	SEP	5		199	0.881	False	0.15	0							True	True	False
6FBB	1.3	X-ray	P	5	Shroom3	Q8TF72	1242	not_annotated	sifts	True	True	SEP	1242		199	0.881	False	0.133	0							True	True	False
6FBY	1.5	X-ray	D	6	THR-PRO-SEP-LEU-PRO-GLY	P10636	531	experimental	sifts	True	True	SEP	5		199	0.881	False	0.15	0							True	True	False
6FI5	1.7	X-ray	B	6	THR-PRO-SEP-LEU-PRO-DAL	P10636	531	experimental	sifts	True	True	SEP	5		199	0.881	False	0.195	0							True	True	False
6G8P	1.9	X-ray	P	11	Transcriptional coactivator YAP1	P46937	127	experimental	author_numbering	True		SEP	127		199	0.881	False	0.195	0							True	True	False
6QDR	1.615	X-ray	B	12	Serine/threonine-protein kinase PAK 6	Q9NQU5	99	not_annotated	author_numbering	True		TPO	99		214	0.881	False	0.14	0							True	True	False
6VPM	1.58	X-ray	A	292	TPX2 fragment - Aurora A kinase domain fusion	O14965	288	experimental	sifts	True	True	TPO	288		214	0.881	False	0.432	0							True	False	True
6YR6	1.75	X-ray	F	13	hDM2-186	Q00987	186	not_annotated	author_numbering	True		SEP	186		199	0.881	False	0.226	0							True	True	False
7BG3	1.4	X-ray	P	17	Peptidyl-prolyl cis-trans isomerase NIMA-interacting 1	Q13526	72	not_annotated	author_numbering	True		SEP	72		199	0.881	False	0.19	0							True	True	False
7BIY	1.8	X-ray	P	13	Transcription factor p65	Q04206	45	not_annotated	sifts	True	True	SEP	45		199	0.881	False	0.173	0							True	True	False
7NJ6	1.59	X-ray	P	17	Peptidyl-prolyl cis-trans isomerase NIMA-interacting 1	Q13526	72	not_annotated	author_numbering	True		SEP	72		199	0.881	False	0.217	0							True	True	False
7NJA	1.75	X-ray	P	17	Peptidyl-prolyl cis-trans isomerase NIMA-interacting 1	Q13526	72	not_annotated	author_numbering	True		SEP	72		199	0.881	False	0.208	0							True	True	False
7NRL	1.8	X-ray	P	17	Peptidyl-prolyl cis-trans isomerase NIMA-interacting 1	Q13526	72	not_annotated	author_numbering	True		SEP	72		199	0.881	False	0.195	0							True	True	False
7O5G	1.8	X-ray	P	13	Transcription factor p65	Q04206	45	not_annotated	sifts	True	True	SEP	45		199	0.881	False	0.173	0							True	True	False
8AV8	1.8	X-ray	B	5	Estrogen receptor	P03372	594	not_annotated	sifts	True	True	TPO	594		214	0.881	False	0.21	0							True	True	False
8JOW	1.4	X-ray	D	12	ARG-PRO-HIS-PHE-PRO-GLN-PHE-SEP-TYR-SER-ALA-SER	P31749	473	experimental	sifts	True	True	SEP	12		199	0.881	False	0.243	0							True	True	False
8QSF	1.8	X-ray	H	10	BRAF peptide pS365			no_uniprot_data	unmapped	False		SEP	365		199	0.881	False	0.159	0							False	True	False
8QSG	2.0	X-ray	S	9	BRAF peptide pS365			no_uniprot_data	unmapped	False		SEP	365		199	0.881	False	0.164	0							False	True	False
8TVN	1.95	X-ray	C	307	Interleukin-1 receptor-associated kinase 4	Q9NWZ3	346	experimental	author_numbering	True		SEP	346		199	0.881	False	0.881	0							True	False	True
8TX0	2.0	X-ray	A	307	Interleukin-1 receptor-associated kinase 4	Q9NWZ3	346	experimental	author_numbering	True		SEP	346		199	0.881	False	0.881	0							True	False	True
8YFK	2.0	X-ray	B	11	TNIP1_FIR_pS123 peptide	Q15025	123	not_annotated	sifts	True	True	SEP	104		199	0.881	False	0.363	0							True	True	False
9FVG	1.45	X-ray	P	13	Microtubule-associated protein tau	P10636	214	experimental	author_numbering	True		SEP	214		199	0.881	False	0.199	0							True	True	False
9PSS	1.93	X-ray	A	304	Interleukin-1 receptor-associated kinase 4	Q9NWZ3	346	experimental	author_numbering	True		SEP	346		199	0.881	False	0.881	0							True	False	True
9QNH	1.3	X-ray	P	9	Myc proto-oncogene protein	P01106	294	not_annotated	sifts	True	True	SEP	294		199	0.881	False	0.146	0							True	True	False
9QNI	1.8	X-ray	P	7	NOTCH4 pS1847 peptide			no_uniprot_data	unmapped	False		SEP	1847		199	0.881	False	0.164	0							False	True	False
9R9G	1.88	X-ray	A	308	Interleukin-1 receptor-associated kinase 4	Q9NWZ3	346	experimental	author_numbering	True		SEP	346		199	0.881	False	0.881	0							True	False	True
9TG7	1.684	X-ray	B	12	Wee1-like protein kinase	P30291	53	experimental	author_numbering	True		SEP	53		199	0.881	False	0.301	0							True	True	False
7AKA	1.9	X-ray	A	359	Dual specificity tyrosine-phosphorylation-regulated kinase 1A	Q13627	321	experimental	sifts	True	True	PTR	321		295	0.883	False	0.521	1	LYS	390	O2P	NZ	3.77	3.54	True	False	True
3UNN	1.7	X-ray	B	8	phospho-T4 peptide from Mediator of DNA damage checkpoint protein 1	Q14676	4	experimental	sifts	True	True	TPO	4		215	0.885	False	0.206	0							True	True	False
4WJP	1.7	X-ray	B	17	Daxx			no_uniprot_data	unmapped	False		SEP	15		200	0.885	False	0.757	0							False	True	False
4Y5I	1.4	X-ray	G	9	Microtubule-associated protein tau	P10636	531	experimental	sifts	True	True	SEP	5		200	0.885	False	0.173	0							True	True	False
5E2V	1.64	X-ray	P	18	TAU PHOSPHOPEPTIDE	P10636		unmapped	unmapped	False		TPO	205		215	0.885	False	0.132	0							True	True	False
6G6X	1.13	X-ray	P	11	Transcriptional coactivator YAP1	P46937	127	experimental	sifts	True	True	SEP	127		200	0.885	False	0.146	0							True	True	False
6QDS	1.72	X-ray	B	12	Serine/threonine-protein kinase PAK 6	Q9NQU5	99	not_annotated	author_numbering	True		TPO	99		215	0.885	False	0.128	0							True	True	False
6THX	1.99	X-ray	B	308	Interleukin-1 receptor-associated kinase 4	Q9NWZ3	346	experimental	author_numbering	True		SEP	346		200	0.885	False	0.885	0							True	False	True
6VPL	1.86	X-ray	B	292	TPX2 fragment - Aurora A kinase domain fusion	O14965	288	experimental	sifts	True	False	TPO	288		215	0.885	False	0.28	0							True	False	True
7BGQ	1.75	X-ray	P	17	Peptidyl-prolyl cis-trans isomerase NIMA-interacting 1	Q13526	72	not_annotated	author_numbering	True		SEP	72		200	0.885	False	0.155	0							True	True	False
7BGR	1.8	X-ray	P	17	Peptidyl-prolyl cis-trans isomerase NIMA-interacting 1	Q13526	72	not_annotated	author_numbering	True		SEP	72		200	0.885	False	0.221	0							True	True	False
7BGW	1.9	X-ray	P	17	Peptidyl-prolyl cis-trans isomerase NIMA-interacting 1	Q13526	72	not_annotated	author_numbering	True		SEP	72		200	0.885	False	0.142	0							True	True	False
7O5C	1.8	X-ray	P	13	Transcription factor p65	Q04206	45	not_annotated	sifts	True	True	SEP	45		200	0.885	False	0.146	0							True	True	False
7O5F	1.8	X-ray	P	13	Transcription factor p65	Q04206	45	not_annotated	sifts	True	True	SEP	45		200	0.885	False	0.186	0							True	True	False
7O5O	1.8	X-ray	P	13	Transcription factor p65	Q04206	45	not_annotated	sifts	True	True	SEP	45		200	0.885	False	0.146	0							True	True	False
8BZT	1.65	X-ray	B	5	ERalpha peptide	P03372	594	not_annotated	sifts	True	True	TPO	594		215	0.885	False	0.169	0							True	True	False
8JOW	1.4	X-ray	B	12	ARG-PRO-HIS-PHE-PRO-GLN-PHE-SEP-TYR-SER-ALA-SER	P31749	473	experimental	sifts	True	True	SEP	12		200	0.885	False	0.248	0							True	True	False
8VSO	1.5	X-ray	P	9	Serine/threonine-protein kinase B-raf phosphopeptide	P15056	365	experimental	sifts	True	True	SEP	259		200	0.885	False	0.168	0							True	True	False
9FJJ	2.0	X-ray	U	78	Centromere protein U	Q71F23	98	by_similarity	sifts	True	True	TPO	98		215	0.885	False	0.198	0							True	False	True
9R9G	1.88	X-ray	C	308	Interleukin-1 receptor-associated kinase 4	Q9NWZ3	346	experimental	author_numbering	True		SEP	346		200	0.885	False	0.885	0							True	False	True
9R9G	1.88	X-ray	D	308	Interleukin-1 receptor-associated kinase 4	Q9NWZ3	346	experimental	author_numbering	True		SEP	346		200	0.885	False	0.885	0							True	False	True
3TKZ	1.8	X-ray	Q	10	PROTEIN (RVIpYFVPLNR peptide)			no_uniprot_data	unmapped	False		PTR	4		296	0.886	False	0.506	0							False	True	False
1F8A	1.84	X-ray	C	7	Y(SEP)PT(SEP)S PEPTIDE			no_uniprot_data	unmapped	False		SEP	171		201	0.889	False	0.655	0							False	True	False
1KHX	1.8	X-ray	A	227	Smad2	Q15796	467	experimental	sifts	True	True	SEP	467		201	0.889	False	0.889	0							True	False	True
1UMW	1.9	X-ray	F	7	PEPTIDE			no_uniprot_data	unmapped	False		TPO	5		216	0.889	False	0.132	0							False	True	False
3A77	1.8	X-ray	D	242	Interferon regulatory factor 3	Q14653	386	experimental	author_numbering	True		SEP	386		201	0.889	False	0.889	0							True	False	True
3P36	1.59	X-ray	B	10	phosphopeptide			no_uniprot_data	unmapped	False		TPO	78		216	0.889	False	0.156	0							False	True	False
4CH8	1.75	X-ray	P	14	PLATELET GLYCOPROTEIN IB ALPHA CHAIN, RESIDUES 287-300	P07359		unmapped	unmapped	False		PTR	276		297	0.889	False	0.26	0							True	True	False
4CH8	1.75	X-ray	R	14	PLATELET GLYCOPROTEIN IB ALPHA CHAIN, RESIDUES 287-300	P07359		unmapped	unmapped	False		PTR	276		297	0.889	False	0.314	0							True	True	False
4FL5	1.9	X-ray	Q	10	Microtubule-associated protein tau	P10636	214	experimental	author_numbering	True		SEP	214		201	0.889	False	0.142	0							True	True	False
5OXH	1.601	X-ray	A	76	Ubiquitin T66V/L67N mutant	P0CG48	673	not_annotated	sifts	True	True	SEP	65		201	0.889	False	0.889	0							True	False	True
6FAU	1.25	X-ray	D	6	THR-PRO-SEP-LEU-PRO-GLY	P10636	531	experimental	sifts	True	True	SEP	5		201	0.889	False	0.155	0							True	True	False
6IC8	1.929	X-ray	C	14	TYR-SEP-PRO-THR-SER-PRO-SER-TYR-SEP-PRO-THR	P24928	1798	not_annotated	sifts	True	True	SEP	11		201	0.889	False	0.403	0							True	True	False
6KZQ	1.7	X-ray	F	9	NSF-pY83 peptide	P46459		unmapped	unmapped	False		PTR	394		297	0.889	False	0.0	0							True	True	False
6VPL	1.86	X-ray	A	292	TPX2 fragment - Aurora A kinase domain fusion	O14965	288	experimental	sifts	True	False	TPO	288		216	0.889	False	0.407	0							True	False	True
6VPM	1.58	X-ray	B	292	TPX2 fragment - Aurora A kinase domain fusion	O14965	288	experimental	sifts	True	True	TPO	288		216	0.889	False	0.449	0							True	False	True
6ZBT	1.799485197	X-ray	F	10	E3 ubiquitin-protein ligase NEDD4-like	Q96PU5	342	experimental	sifts	True	True	SEP	342		201	0.889	False	0.142	0							True	True	False
6ZWK	1.55	X-ray	K	10	Histone H2AX	P16104	140	experimental	sifts	True	True	SEP	139		201	0.889	False	0.119	0							True	True	False
6ZWK	1.55	X-ray	L	10	Histone H2AX	P16104	140	experimental	sifts	True	True	SEP	139		201	0.889	False	0.071	0							True	True	False
7AKO	1.8	X-ray	C	16	Claspin	Q9HAW4	945	not_annotated	author_numbering	True		SEP	945		201	0.889	False	0.372	0							True	True	False
7NIZ	1.48	X-ray	B	8	Estrogen receptor	P03372	594	not_annotated	sifts	True	True	TPO	594		216	0.889	False	0.185	0							True	True	False
7NM9	1.7	X-ray	P	13	Transcription factor p65	Q04206	45	not_annotated	author_numbering	True		SEP	45		201	0.889	False	0.177	0							True	True	False
8BXN	1.6	X-ray	B	5	ERalpha peptide	P03372	594	not_annotated	sifts	True	True	TPO	594		216	0.889	False	0.214	0							True	True	False
8QSD	2.0	X-ray	S	10	BRAF peptide pS365			no_uniprot_data	unmapped	False		SEP	365		201	0.889	False	0.173	0							False	True	False
8QSF	1.8	X-ray	S	10	BRAF peptide pS365			no_uniprot_data	unmapped	False		SEP	365		201	0.889	False	0.168	0							False	True	False
8TVN	1.95	X-ray	B	307	Interleukin-1 receptor-associated kinase 4	Q9NWZ3	346	experimental	author_numbering	True		SEP	346		201	0.889	False	0.889	0							True	False	True
9EW6	1.65	X-ray	P	9	Serine/threonine-protein kinase B-raf	P15056	365	experimental	sifts	True	True	SEP	365		201	0.889	False	0.168	0							True	True	False
9NA5	1.73	X-ray	D	304	Interleukin-1 receptor-associated kinase 4	Q9NWZ3	346	experimental	author_numbering	True		SEP	346		201	0.889	False	0.889	0							True	False	True
9UA8	1.999	X-ray	E	6	THR-ASP-PTR-PTR-ARG			no_uniprot_data	unmapped	False		PTR	394		298	0.892	False	0.0	0							False	True	False
2Q5A	1.5	X-ray	B	7	Five residue peptide			no_uniprot_data	unmapped	False		TPO	502		217	0.893	False	0.214	0							False	True	False
2GHT	1.8	X-ray	D	8	DNA-directed RNA polymerase II largest subunit	P24928	1801	not_annotated	sifts	True	True	SEP	174		202	0.894	False	0.075	0							True	True	False
2NRU	2.0	X-ray	A	307	Interleukin-1 receptor-associated kinase 4	Q9NWZ3	346	experimental	author_numbering	True		SEP	346		202	0.894	False	0.894	0							True	False	True
4WJN	1.5	X-ray	B	29	Protein PML	P29590	561	not_annotated	sifts	True	True	SEP	16		202	0.894	False	0.774	0							True	True	False
4WJP	1.7	X-ray	D	17	Daxx			no_uniprot_data	unmapped	False		SEP	15		202	0.894	False	0.717	0							False	True	False
5BTV	1.7	X-ray	P	4	Microtubule-associated protein tau - peptide pS324	P10636	641	experimental	sifts	True	True	SEP	324		202	0.894	False	0.137	0							True	True	False
6F09	1.594	X-ray	A	13	Ubiquitin carboxyl-terminal hydrolase 8	P40818	718	by_similarity	author_numbering	True		SEP	718		202	0.894	False	0.204	0							True	True	False
6G8Q	1.85	X-ray	P	11	Transcriptional coactivator YAP1	P46937	127	experimental	author_numbering	True		SEP	127		202	0.894	False	0.168	0							True	True	False
6IC8	1.929	X-ray	C	14	TYR-SEP-PRO-THR-SER-PRO-SER-TYR-SEP-PRO-THR	P24928	1791	not_annotated	sifts	True	True	SEP	4		202	0.894	False	0.5	0							True	True	False
6TQR	1.85	X-ray	F	17	StAR-related lipid transfer protein 3	Q14849	209	experimental	author_numbering	True		SEP	209		202	0.894	False	0.544	0							True	True	False
6Y58	1.904	X-ray	P	8	Estrogen Related Receptor gamma phosphopeptide	P62508	319	not_annotated	sifts	True	True	SEP	319		202	0.894	False	0.204	0							True	True	False
7BIQ	1.2	X-ray	P	13	Transcription factor p65	Q04206	45	not_annotated	sifts	True	True	SEP	45		202	0.894	False	0.204	0							True	True	False
7NJ8	1.8	X-ray	P	17	Peptidyl-prolyl cis-trans isomerase NIMA-interacting 1	Q13526	72	not_annotated	author_numbering	True		SEP	72		202	0.894	False	0.235	0							True	True	False
7NPG	1.37	X-ray	P	20	Amot-p130 phosphopeptide (pS175)	Q4VCS5	175	not_annotated	author_numbering	True		SEP	175		202	0.894	False	0.142	0							True	True	False
7NR7	1.4	X-ray	P	13	Transcription factor p65	Q04206	45	not_annotated	sifts	True	True	SEP	45		202	0.894	False	0.195	0							True	True	False
7O5S	1.8	X-ray	P	13	Transcription factor p65	Q04206	45	not_annotated	author_numbering	True		SEP	45		202	0.894	False	0.204	0							True	True	False
7O6F	2.0	X-ray	P	13	Transcription factor p65	Q04206	45	not_annotated	author_numbering	True		SEP	45		202	0.894	False	0.173	0							True	True	False
8QSG	2.0	X-ray	H	9	BRAF peptide pS365			no_uniprot_data	unmapped	False		SEP	365		202	0.894	False	0.159	0							False	True	False
6I5N	1.98	X-ray	J	11	Growth hormone receptor peptide			no_uniprot_data	unmapped	False		PTR	0		299	0.895	False	0.174	0							False	True	False
4V11	1.95	X-ray	B	10	SYNAPTIC VESICLE GLYCOPROTEIN 2A	Q7L0J3	84	by_similarity	sifts	True	True	TPO	84		218	0.897	False	0.3	0							True	True	False
7AA9	1.72	X-ray	L	12	pT13/PT15 SCOC LIR			no_uniprot_data	unmapped	False		TPO	13		218	0.897	False	0.798	0							False	True	False
8BZD	1.5	X-ray	B	5	ERalpha peptide	P03372	594	not_annotated	sifts	True	True	TPO	594		218	0.897	False	0.169	0							True	True	False
8BZG	1.49	X-ray	B	5	ERalpha peptide	P03372	594	not_annotated	sifts	True	True	TPO	594		218	0.897	False	0.177	0							True	True	False
1KHX	1.8	X-ray	A	227	Smad2	Q15796	465	experimental	sifts	True	True	SEP	465		203	0.898	False	0.898	0							True	False	True
4CH2	1.6	X-ray	P	14	PLATELET GLYCOPROTEIN IB ALPHA CHAIN, RESIDUES 287-300	P07359		unmapped	unmapped	False		PTR	278		300	0.898	False	0.611	0							True	True	False
4GFU	2.0	X-ray	F	7	HER2-pY1248 phosphor-peptide	P04626	1248	experimental	sifts	True	True	PTR	1248		300	0.898	False	0.06	0							True	True	False
5JEL	1.6	X-ray	B	21	Phosphorylated TRIF peptide	Q8IUC6	210	experimental	sifts	True	True	SEP	210		203	0.898	False	0.265	0							True	True	False
6F09	1.594	X-ray	B	13	Ubiquitin carboxyl-terminal hydrolase 8	P40818	718	by_similarity	author_numbering	True		SEP	718		203	0.898	False	0.235	0							True	True	False
6I5N	1.98	X-ray	I	11	Growth hormone receptor peptide			no_uniprot_data	unmapped	False		PTR	0		300	0.898	False	0.189	0							False	True	False
6TQR	1.85	X-ray	E	17	StAR-related lipid transfer protein 3	Q14849	209	experimental	author_numbering	True		SEP	209		203	0.898	False	0.633	0							True	True	False
6UYA	1.74	X-ray	A	320	Interleukin-1 receptor-associated kinase 4	Q9NWZ3	346	experimental	author_numbering	True		SEP	346		203	0.898	False	0.898	0							True	False	True
6YQ2	1.4	X-ray	P	13	p65pS45	Q04206	45	not_annotated	author_numbering	True		SEP	45		203	0.898	False	0.19	0							True	True	False
7NK3	1.4	X-ray	P	13	Transcription factor p65	Q04206	45	not_annotated	author_numbering	True		SEP	45		203	0.898	False	0.199	0							True	True	False
7O34	1.2	X-ray	P	13	Transcription factor p65	Q04206	45	not_annotated	sifts	True	True	SEP	45		203	0.898	False	0.199	0							True	True	False
7O3S	2.0	X-ray	P	13	Transcription factor p65	Q04206	45	not_annotated	sifts	True	True	SEP	127		203	0.898	False	0.186	0							True	True	False
7O5A	1.8	X-ray	P	13	Transcription factor p65	Q04206	45	not_annotated	sifts	True	True	SEP	45		203	0.898	False	0.199	0							True	True	False
8QSE	1.8	X-ray	H	9	BRAF peptide pS365			no_uniprot_data	unmapped	False		SEP	365		203	0.898	False	0.159	0							False	True	False
8QSE	1.8	X-ray	S	9	BRAF peptide pS365			no_uniprot_data	unmapped	False		SEP	365		203	0.898	False	0.177	0							False	True	False
8RRK	1.93	X-ray	C	10	phosphopeptide designed according to the 14-3-3 binding consensus			no_uniprot_data	unmapped	False		SEP	101		203	0.898	False	0.159	0							False	True	False
9NA5	1.73	X-ray	C	304	Interleukin-1 receptor-associated kinase 4	Q9NWZ3	346	experimental	author_numbering	True		SEP	346		203	0.898	False	0.898	0							True	False	True
6YIF	1.81	X-ray	D	12	Phosphorylated (Thr3) Histone H3	P68431	4	experimental	sifts	True	True	TPO	3		219	0.901	False	0.502	0							True	True	False
8PAV	1.9	X-ray	A	312	Serine/threonine-protein kinase 4 37kDa subunit	Q13043	177	not_annotated	author_numbering	True		TPO	177		219	0.901	False	0.901	0							True	False	True
3MHR	1.15	X-ray	P	10	YAP phosphopeptide	P46937	127	experimental	sifts	True	True	SEP	127		204	0.903	False	0.159	0							True	True	False
5BX6	1.89	X-ray	A	351	cAMP-dependent protein kinase catalytic subunit alpha	P17612	11	by_similarity	sifts	True	True	SEP	10		204	0.903	False	0.903	0							True	False	True
6F08	1.9	X-ray	Q	13	Son of sevenless homolog 1	Q07889		unmapped	unmapped	False		SEP	7		204	0.903	False	0.155	0							True	True	False
6FI4	2.0	X-ray	B	5	PRO-SEP-LEU-PRO-DVA	P10636	531	experimental	sifts	True	True	SEP	5		204	0.903	False	0.226	0							True	True	False
6G8J	1.47	X-ray	P	11	ACE-ARG-ALA-HIS-SEP-SER-PRO-BAL-SER-LEU-GLN	P46937	127	experimental	author_numbering	True		SEP	127		204	0.903	False	0.181	0							True	True	False
6G8L	1.37	X-ray	P	11	ACE-ARG-ALA-HIS-SEP-SER-PRO-ALA-SER-BLE-GLN	P46937	127	experimental	sifts	True	True	SEP	127		204	0.903	False	0.164	0							True	True	False
6IC8	1.929	X-ray	D	14	TYR-SEP-PRO-THR-SER-PRO-SER-TYR-SEP-PRO-THR	P24928	11	not_annotated	author_numbering	True		SEP	11		204	0.903	False	0.602	0							True	True	False
6IC9	1.748	X-ray	D	14	TYR-SEP-PRO-THR-SER-PRO-SEP-TYR-SEP-PRO-THR-SER-PRO	P24928	11	not_annotated	author_numbering	True		SEP	11		204	0.903	False	0.518	0							True	True	False
6N8G	2.0	X-ray	D	297	Interleukin-1 receptor-associated kinase 4	Q9NWZ3	346	experimental	sifts	True	True	SEP	346		204	0.903	False	0.903	0							True	False	True
6V7Q	1.35	X-ray	D	13	Protein PIAS			no_uniprot_data	unmapped	False		SEP	13		204	0.903	False	0.708	0							False	True	False
6ZWK	1.55	X-ray	H	10	Histone H2AX	P16104	140	experimental	sifts	True	True	SEP	139		204	0.903	False	0.111	0							True	True	False
7AA7	1.45	X-ray	P	11	pS12/pS18 SCOC LIR	Q9UIL1		unmapped	unmapped	False		SEP	18		204	0.903	False	0.827	0							True	True	False
7BI3	1.2	X-ray	P	13	Transcription factor p65	Q04206	45	not_annotated	sifts	True	True	SEP	45		204	0.903	False	0.204	0							True	True	False
7BIW	1.2	X-ray	P	13	Transcription factor p65	Q04206	45	not_annotated	sifts	True	True	SEP	45		204	0.903	False	0.204	0							True	True	False
7NLA	1.4	X-ray	P	13	Transcription factor p65	Q04206	45	not_annotated	author_numbering	True		SEP	45		204	0.903	False	0.212	0							True	True	False
7NXS	1.2	X-ray	P	13	Transcription factor p65	Q04206	45	not_annotated	sifts	True	True	SEP	45		204	0.903	False	0.208	0							True	True	False
7OBS	1.8	X-ray	B	11	Receptor-interacting serine/threonine-protein kinase 2	O43353	539	by_similarity	sifts	True	True	SEP	539		204	0.903	False	0.186	0							True	True	False
8YFK	2.0	X-ray	D	11	TNIP1_FIR_pS123 peptide	Q15025	123	not_annotated	sifts	True	True	SEP	104		204	0.903	False	0.704	0							True	True	False
9T8Y	1.795	X-ray	B	12	Nuclear factor erythroid 2-related factor 2	Q16236	344	not_annotated	author_numbering	True		SEP	344		204	0.903	False	0.305	0							True	True	False
30TM	1.8	X-ray	B	5	ERa peptide pT594 weak mutant			no_uniprot_data	unmapped	False		TPO	594		220	0.905	False	0.185	0							False	True	False
4HY2	2.0	X-ray	D	7	PL-42			no_uniprot_data	unmapped	False		TPO	5		220	0.905	False	0.193	0							False	True	False
4LKM	2.0	X-ray	D	9	PL-74			no_uniprot_data	unmapped	False		TPO	5		220	0.905	False	0.222	0							False	True	False
3A77	1.8	X-ray	A	242	Interferon regulatory factor 3	Q14653	386	experimental	sifts	True	True	SEP	386		205	0.907	False	0.907	0							True	False	True
6G8I	1.6	X-ray	P	11	ALA-HIS-SEP-SER-PRO-ALA-SER-LEU-GLN	P46937	127	experimental	sifts	True	True	SEP	127		205	0.907	False	0.164	0							True	True	False
6N8G	2.0	X-ray	A	297	Interleukin-1 receptor-associated kinase 4	Q9NWZ3	346	experimental	sifts	True	True	SEP	346		205	0.907	False	0.907	0							True	False	True
6O8U	1.8	X-ray	D	305	Interleukin-1 receptor-associated kinase 4	Q9NWZ3	346	experimental	author_numbering	True		SEP	346		205	0.907	False	0.881	0							True	False	True
6O95	1.77	X-ray	A	320	Interleukin-1 receptor-associated kinase 4	Q9NWZ3	346	experimental	author_numbering	True		SEP	346		205	0.907	False	0.907	0							True	False	True
6RHC	1.2	X-ray	P	13	WW domain-containing transcription regulator protein 1	Q9GZV5	89	experimental	sifts	True	True	SEP	89		205	0.907	False	0.159	0							True	True	False
6UYS	1.59	X-ray	B	29	Protein PML	P29590		unmapped	unmapped	False		SEP	16		205	0.907	False	0.243	0							True	True	False
6ZC9	1.89895988606	X-ray	H	10	E3 ubiquitin-protein ligase NEDD4-like	Q96PU5	448	experimental	sifts	True	True	SEP	448		205	0.907	False	0.159	0							True	True	False
7AA7	1.45	X-ray	Q	11	pS12/pS18 SCOC LIR	Q9UIL1		unmapped	unmapped	False		SEP	18		205	0.907	False	0.805	0							True	True	False
7BM9	1.8	X-ray	B	5	VAL-ASN-LEU-SEP-ILE			no_uniprot_data	unmapped	False		SEP	904		205	0.907	False	0.177	0							False	True	False
7NV4	1.2	X-ray	P	13	Transcription factor p65	Q04206	45	not_annotated	sifts	True	True	SEP	45		205	0.907	False	0.208	0							True	True	False
7NYG	1.4	X-ray	P	13	Transcription factor p65	Q04206	45	not_annotated	sifts	True	True	SEP	45		205	0.907	False	0.235	0							True	True	False
7O5D	1.8	X-ray	P	13	Transcription factor p65	Q04206	45	not_annotated	author_numbering	True		SEP	45		205	0.907	False	0.243	0							True	True	False
8SCE	1.89	X-ray	B	305	Interleukin-1 receptor-associated kinase 4	Q9NWZ3	346	experimental	author_numbering	True		SEP	346		205	0.907	False	0.907	0							True	False	True
8SCE	1.89	X-ray	D	305	Interleukin-1 receptor-associated kinase 4	Q9NWZ3	346	experimental	author_numbering	True		SEP	346		205	0.907	False	0.907	0							True	False	True
8TVN	1.95	X-ray	A	307	Interleukin-1 receptor-associated kinase 4	Q9NWZ3	346	experimental	author_numbering	True		SEP	346		205	0.907	False	0.907	0							True	False	True
8UCB	1.85	X-ray	D	307	Interleukin-1 receptor-associated kinase 4	Q9NWZ3	346	experimental	author_numbering	True		SEP	346		205	0.907	False	0.907	0							True	False	True
3FVH	1.58	X-ray	B	7	Acetyl-Leu-His-Ser-phosphoThr-Ala-NH2 peptide			no_uniprot_data	unmapped	False		TPO	5		221	0.909	False	0.247	0							False	True	False
4LKL	1.58	X-ray	B	8	PL-55			no_uniprot_data	unmapped	False		TPO	7		221	0.909	False	0.235	0							False	True	False
5NFU	1.809	X-ray	C	5	Ac-LEU-HIS-SER-(TPO)-ALA			no_uniprot_data	unmapped	False		TPO	370		221	0.909	False	0.181	0							False	True	False
1D4W	1.8	X-ray	C	11	SIGNALING LYMPHOCYTIC ACTIVATION MOLECULE	Q13291	281	experimental	sifts	True	True	PTR	281		304	0.91	False	0.207	0							True	True	False
4DAT	1.4	X-ray	B	9	Peptidylarginine Deiminase type VI	Q6TGC4	446	experimental	author_numbering	True		SEP	446		206	0.912	False	0.181	0							True	True	False
4JXT	1.9	X-ray	B	21	DNA-directed RNA polymerase II subunit RPB1	P24928	1621	not_annotated	author_numbering	True		SEP	1621		206	0.912	False	0.699	0							True	True	False
4WJP	1.7	X-ray	D	17	Daxx			no_uniprot_data	unmapped	False		SEP	17		206	0.912	False	0.518	0							False	True	False
5N5T	1.8	X-ray	P	8	TAZ pS89 peptide	Q9GZV5	89	experimental	sifts	True	True	SEP	89		206	0.912	False	0.159	0							True	True	False
6A5Q	2.0	X-ray	D	15	TFEB  pS211-peptide			no_uniprot_data	unmapped	False		SEP	6		206	0.912	False	0.173	0							False	True	False
6F08	1.9	X-ray	D	13	Son of sevenless homolog 1	Q07889		unmapped	unmapped	False		SEP	7		206	0.912	False	0.168	0							True	True	False
6F08	1.9	X-ray	N	13	Son of sevenless homolog 1	Q07889		unmapped	unmapped	False		SEP	7		206	0.912	False	0.181	0							True	True	False
6N8G	2.0	X-ray	C	297	Interleukin-1 receptor-associated kinase 4	Q9NWZ3	346	experimental	sifts	True	True	SEP	346		206	0.912	False	0.912	0							True	False	True
6RP6	1.885	X-ray	P	13	WW domain-containing transcription regulator protein 1	Q9GZV5	89	experimental	sifts	True	True	SEP	127		206	0.912	False	0.168	0							True	True	False
6SLX	1.80004503053	X-ray	P	13	TAZpS89	Q9GZV5	89	experimental	sifts	True	True	SEP	127		206	0.912	False	0.159	0							True	True	False
6ZC9	1.89895988606	X-ray	E	10	E3 ubiquitin-protein ligase NEDD4-like	Q96PU5	448	experimental	sifts	True	True	SEP	448		206	0.912	False	0.155	0							True	True	False
7B13	1.37	X-ray	P	10	SHN3pS542			no_uniprot_data	unmapped	False		SEP	542		206	0.912	False	0.221	0							False	True	False
7NJ9	1.4	X-ray	P	13	Transcription factor p65	Q04206	45	not_annotated	sifts	True	True	SEP	45		206	0.912	False	0.208	0							True	True	False
7NWS	1.2	X-ray	P	13	Transcription factor p65	Q04206	45	not_annotated	sifts	True	True	SEP	45		206	0.912	False	0.204	0							True	True	False
7NXW	1.2	X-ray	P	13	Transcription factor p65	Q04206	45	not_annotated	sifts	True	True	SEP	45		206	0.912	False	0.204	0							True	True	False
7NXY	1.2	X-ray	P	13	Transcription factor p65	Q04206	45	not_annotated	sifts	True	True	SEP	45		206	0.912	False	0.199	0							True	True	False
8QSD	2.0	X-ray	H	10	BRAF peptide pS365			no_uniprot_data	unmapped	False		SEP	365		206	0.912	False	0.217	0							False	True	False
8SCE	1.89	X-ray	A	305	Interleukin-1 receptor-associated kinase 4	Q9NWZ3	346	experimental	author_numbering	True		SEP	346		206	0.912	False	0.912	0							True	False	True
8SCE	1.89	X-ray	E	305	Interleukin-1 receptor-associated kinase 4	Q9NWZ3	346	experimental	author_numbering	True		SEP	346		206	0.912	False	0.912	0							True	False	True
8W3W	1.976	X-ray	A	323	Interleukin-1 receptor-associated kinase 4	Q9NWZ3	346	experimental	sifts	True	True	SEP	346		206	0.912	False	0.912	0							True	False	True
8W3W	1.976	X-ray	C	323	Interleukin-1 receptor-associated kinase 4	Q9NWZ3	346	experimental	author_numbering	True		SEP	346		206	0.912	False	0.912	0							True	False	True
8W3W	1.976	X-ray	D	323	Interleukin-1 receptor-associated kinase 4	Q9NWZ3	346	experimental	author_numbering	True		SEP	346		206	0.912	False	0.912	0							True	False	True
9NA5	1.73	X-ray	B	304	Interleukin-1 receptor-associated kinase 4	Q9NWZ3	346	experimental	author_numbering	True		SEP	346		206	0.912	False	0.912	0							True	False	True
4ICZ	1.9	X-ray	F	5	HER2			no_uniprot_data	unmapped	False		PTR	394		305	0.913	False	0.0	0							False	True	False
9UA8	1.999	X-ray	H	6	THR-ASP-PTR-PTR-ARG			no_uniprot_data	unmapped	False		PTR	394		305	0.913	False	0.0	0							False	True	False
3P2Z	1.79	X-ray	B	8	phosphopeptide			no_uniprot_data	unmapped	False		TPO	78		222	0.914	False	0.214	0							False	True	False
3VA4	1.54	X-ray	C	11	Serine/threonine-protein kinase Chk2	O96017	68	experimental	sifts	True	True	TPO	1		222	0.914	False	0.292	0							True	True	False
4E9C	1.7	X-ray	B	11	LDPPLHSpTA phosphopeptide			no_uniprot_data	unmapped	False		TPO	78		222	0.914	False	0.198	0							False	True	False
4LKM	2.0	X-ray	B	9	PL-74			no_uniprot_data	unmapped	False		TPO	5		222	0.914	False	0.206	0							False	True	False
4O9W	1.694	X-ray	B	6	phospho peptide VAL-LEU-SER-TPO-LEU-NH2			no_uniprot_data	unmapped	False		TPO	4		222	0.914	False	0.202	0							False	True	False
8BZH	1.46	X-ray	B	5	ERalpha peptide	P03372	594	not_annotated	sifts	True	True	TPO	594		222	0.914	False	0.185	0							True	True	False
5LXI	1.44	X-ray	C	10	Cysteine protease ATG4B	Q9Y4P1	392	experimental	sifts	True	True	SEP	392		207	0.916	False	0.85	0							True	True	False
6A5Q	2.0	X-ray	E	15	TFEB  pS211-peptide			no_uniprot_data	unmapped	False		SEP	6		207	0.916	False	0.177	0							False	True	False
6A5Q	2.0	X-ray	F	15	TFEB  pS211-peptide			no_uniprot_data	unmapped	False		SEP	6		207	0.916	False	0.168	0							False	True	False
6N8G	2.0	X-ray	B	297	Interleukin-1 receptor-associated kinase 4	Q9NWZ3	346	experimental	sifts	True	True	SEP	346		207	0.916	False	0.916	0							True	False	True
6O95	1.77	X-ray	D	320	Interleukin-1 receptor-associated kinase 4	Q9NWZ3	346	experimental	author_numbering	True		SEP	346		207	0.916	False	0.916	0							True	False	True
6UYU	1.66	X-ray	D	29	Protein PML	P29590		unmapped	unmapped	False		SEP	16		207	0.916	False	0.513	0							True	True	False
6V7S	1.47	X-ray	D	13	Protein PIAS			no_uniprot_data	unmapped	False		SEP	13		207	0.916	False	0.805	0							False	True	False
7BMC	2.0	X-ray	B	5	VAL-ASN-LEU-SEP-ILE			no_uniprot_data	unmapped	False		SEP	904		207	0.916	False	0.204	0							False	True	False
7NVI	1.2	X-ray	P	13	Transcription factor p65	Q04206	45	not_annotated	sifts	True	True	SEP	45		207	0.916	False	0.208	0							True	True	False
7NXT	1.2	X-ray	P	13	Transcription factor p65	Q04206	45	not_annotated	sifts	True	True	SEP	45		207	0.916	False	0.208	0							True	True	False
8W3W	1.976	X-ray	B	323	Interleukin-1 receptor-associated kinase 4	Q9NWZ3	346	experimental	author_numbering	True		SEP	346		207	0.916	False	0.916	0							True	False	True
8W3X	1.765	X-ray	A	323	Interleukin-1 receptor-associated kinase 4	Q9NWZ3	346	experimental	sifts	True	True	SEP	346		207	0.916	False	0.916	0							True	False	True
9PSS	1.93	X-ray	B	304	Interleukin-1 receptor-associated kinase 4	Q9NWZ3	346	experimental	author_numbering	True		SEP	346		207	0.916	False	0.916	0							True	False	True
9TDZ	1.346	X-ray	B	12	Claspin	Q9HAW4	30	not_annotated	sifts	True	True	SEP	30		207	0.916	False	0.239	0							True	True	False
9QNK	1.6	X-ray	P	9	Microtubule-associated protein tau	P10636	562	not_annotated	sifts	True	True	TPO	245		223	0.918	False	0.177	0							True	True	False
1D4W	1.8	X-ray	D	11	SIGNALING LYMPHOCYTIC ACTIVATION MOLECULE	Q13291	281	experimental	sifts	True	True	PTR	281		307	0.919	False	0.195	0							True	True	False
4GVC	1.54	X-ray	B	8	Syndecan-1	P18827	309	not_annotated	sifts	True	True	PTR	7		307	0.919	False	0.512	0							True	True	False
3AMA	1.75	X-ray	A	351	cAMP-dependent protein kinase catalytic subunit alpha	P17612	11	by_similarity	sifts	True	True	SEP	10		208	0.92	False	0.92	0							True	False	True
6RJQ	1.885	X-ray	P	13	TAZpS89	Q9GZV5	89	experimental	sifts	True	True	SEP	127		208	0.92	False	0.164	0							True	True	False
8W3X	1.765	X-ray	C	323	Interleukin-1 receptor-associated kinase 4	Q9NWZ3	346	experimental	author_numbering	True		SEP	346		208	0.92	False	0.92	0							True	False	True
4CH2	1.6	X-ray	Q	14	PLATELET GLYCOPROTEIN IB ALPHA CHAIN, RESIDUES 287-300	P07359		unmapped	unmapped	False		PTR	276		309	0.925	False	0.257	0							True	True	False
6F08	1.9	X-ray	K	13	Son of sevenless homolog 1	Q07889		unmapped	unmapped	False		SEP	7		209	0.925	False	0.248	0							True	True	False
6Y44	1.71	X-ray	P	13	Son of sevenless homolog 1	Q07889	127	not_annotated	author_numbering	True		SEP	127		209	0.925	False	0.15	0							True	True	False
6ZWK	1.55	X-ray	J	10	Histone H2AX	P16104	140	experimental	sifts	True	True	SEP	139		209	0.925	False	0.088	0							True	True	False
8TX0	2.0	X-ray	B	307	Interleukin-1 receptor-associated kinase 4	Q9NWZ3	346	experimental	author_numbering	True		SEP	346		209	0.925	False	0.925	0							True	False	True
8W3X	1.765	X-ray	B	323	Interleukin-1 receptor-associated kinase 4	Q9NWZ3	346	experimental	author_numbering	True		SEP	346		209	0.925	False	0.925	0							True	False	True
9S1S	1.62	X-ray	E	6	Model phosphohexapeptide			no_uniprot_data	unmapped	False		SEP	2		209	0.925	False	0.049	0							False	True	False
8DGQ	1.95	X-ray	V	29	Rho GTPase-activating protein 35	Q9NRY4	1087	by_similarity	sifts	True	True	PTR	1087		310	0.928	False	0.213	0							True	True	False
9UA8	1.999	X-ray	C	6	THR-ASP-PTR-PTR-ARG			no_uniprot_data	unmapped	False		PTR	394		310	0.928	False	0.009	0							False	True	False
2GHT	1.8	X-ray	C	8	DNA-directed RNA polymerase II largest subunit	P24928		unmapped	unmapped	False		SEP	174		210	0.929	False	0.084	0							True	True	False
5N5R	1.801	X-ray	P	9	TAZ pS89 peptide	Q9GZV5	89	experimental	sifts	True	True	SEP	89		210	0.929	False	0.168	0							True	True	False
6V7Q	1.35	X-ray	B	13	Protein PIAS			no_uniprot_data	unmapped	False		SEP	13		210	0.929	False	0.748	0							False	True	False
6ZC9	1.89895988606	X-ray	G	10	E3 ubiquitin-protein ligase NEDD4-like	Q96PU5	448	experimental	author_numbering	True		SEP	448		210	0.929	False	0.181	0							True	True	False
7D0E	1.4	X-ray	B	13	Cell cycle progression protein 1 FIR2	Q9ULG6	104	not_annotated	sifts	True	True	SEP	104		210	0.929	False	0.726	0							True	True	False
8S30	1.94	X-ray	B	7	Protein Mis18-alpha	Q9NYP9	54	not_annotated	sifts	True	True	SEP	4		210	0.929	False	0.137	0							True	True	False
4RH5	1.6	X-ray	B	9	Epidermal growth factor receptor substrate 15	P42566	849	by_similarity	sifts	True	True	PTR	849		311	0.931	False	0.027	0							True	True	False
4RHG	1.581	X-ray	B	9	Epidermal growth factor receptor substrate 15	P42566	849	by_similarity	sifts	True	True	PTR	849		311	0.931	False	0.03	0							True	True	False
6SLW	2.0	X-ray	P	13	WW domain-containing transcription regulator protein 1	Q9GZV5	89	experimental	sifts	True	True	SEP	127		211	0.934	False	0.155	0							True	True	False
7P74	1.9	X-ray	B	15	Ribosomal protein S6 kinase alpha-1	Q15418	732	experimental	sifts	True	True	SEP	732		211	0.934	False	0.451	0							True	True	False
1G1F	2.0	X-ray	B	11	TRI-PHOSPHORYLATED PEPTIDE FROM THE INSULIN RECEPTOR KINASE			no_uniprot_data	unmapped	False		PTR	1162		313	0.937	False	0.027	0							False	True	False
4RH9	1.598	X-ray	B	9	Epidermal growth factor receptor substrate 15	P42566	849	by_similarity	sifts	True	True	PTR	849		313	0.937	False	0.048	0							True	True	False
3Q1I	1.4	X-ray	E	11	peptide from Transcription elongation regulator 1	O14776	106	not_annotated	sifts	True	True	SEP	106		212	0.938	False	0.204	0							True	True	False
5EMA	1.32	X-ray	B	8	ASP-ASP-ILE-SEP-THR-VAL-VAL	Q96PB8	256	not_annotated	sifts	True	True	SEP	4		212	0.938	False	0.46	0							True	True	False
5MY9	1.327	X-ray	P	13	Leucine-rich repeat serine/threonine-protein kinase 2	Q5S007	935	experimental	author_numbering	True		SEP	935		212	0.938	False	0.173	0							True	True	False
6F1W	1.864	X-ray	A	314	Casein kinase I isoform delta	P48730	220	not_annotated	author_numbering	True		TPO	220		228	0.938	False	0.938	0							True	False	True
6V7S	1.47	X-ray	B	13	Protein PIAS			no_uniprot_data	unmapped	False		SEP	13		212	0.938	False	0.792	0							False	True	False
7OB8	1.8	X-ray	B	11	LDB1 phosphopeptide	Q86U70	410	not_annotated	sifts	True	True	SEP	410		212	0.938	False	0.195	0							True	True	False
2BR9	1.75	X-ray	P	7	CONSENSUS PEPTIDE FOR 14-3-3 PROTEINS			no_uniprot_data	unmapped	False		SEP	5		213	0.942	False	0.226	0							False	True	False
5JEJ	2.0	X-ray	D	39	Stimulator of interferon genes protein	Q86WV6	366	experimental	author_numbering	True		SEP	366		213	0.942	False	0.301	0							True	False	True
5LXI	1.44	X-ray	E	10	Cysteine protease ATG4B	Q9Y4P1	392	experimental	sifts	True	True	SEP	392		213	0.942	False	0.814	0							True	True	False
6Y3S	1.95	X-ray	P	10	Gab2	Q9UQC2	208	not_annotated	author_numbering	True		SEP	208		213	0.942	False	0.23	0							True	True	False
6ZWK	1.55	X-ray	I	10	Histone H2AX	P16104	140	experimental	sifts	True	True	SEP	139		213	0.942	False	0.133	0							True	True	False
8C3C	1.6	X-ray	B	17	Peptidyl-prolyl cis-trans isomerase NIMA-interacting 1	Q13526	72	not_annotated	author_numbering	True		SEP	72		213	0.942	False	0.212	0							True	True	False
6E8K	1.71	X-ray	B	13	interleukin-2 receptor beta pTyr387 peptide	P14784	387	not_annotated	author_numbering	True		PTR	387		315	0.943	False	0.12	0							True	True	False
8DGQ	1.95	X-ray	U	29	Rho GTPase-activating protein 35	Q9NRY4	1087	by_similarity	author_numbering	True		PTR	1087		316	0.946	False	0.189	0							True	True	False
9UA8	1.999	X-ray	F	6	THR-ASP-PTR-PTR-ARG			no_uniprot_data	unmapped	False		PTR	394		316	0.946	False	0.012	0							False	True	False
6UYY	1.599	X-ray	B	17	phosphorylated DAXX			no_uniprot_data	unmapped	False		SEP	15		214	0.947	False	0.748	0							False	True	False
6ZWK	1.55	X-ray	G	10	Histone H2AX	P16104	140	experimental	sifts	True	True	SEP	139		214	0.947	False	0.08	0							True	True	False
8YFL	1.5	X-ray	D	11	TNIP1_FIR_pS122pS123 peptide	Q15025	123	not_annotated	sifts	True	True	SEP	104		214	0.947	False	0.695	0							True	True	False
4CH8	1.75	X-ray	Q	14	PLATELET GLYCOPROTEIN IB ALPHA CHAIN, RESIDUES 287-300	P07359		unmapped	unmapped	False		PTR	276		317	0.949	False	0.305	0							True	True	False
2OIB	2.0	X-ray	A	301	Interleukin-1 receptor-associated kinase 4	Q9NWZ3	346	experimental	author_numbering	True		SEP	346		215	0.951	False	0.951	0							True	False	True
4X9V	1.429	X-ray	B	6	Phosphopeptide macrocycle 3C			no_uniprot_data	unmapped	False		TPO	5		231	0.951	False	0.189	0							False	True	False
5EMB	0.85	X-ray	B	8	GLU-GLU-TRP-SEP-THR-VAL-MET	Q03431	590	mapping_conflict	sifts_conflict	False	True	SEP	590		215	0.951	False	0.46	0							True	True	False
6SQS	1.83	X-ray	A	64	E3 ubiquitin-protein ligase Mdm2	Q7YRZ8	429	by_similarity	sifts	True	True	SEP	429		215	0.951	False	0.677	0							False	False	False
7QI1	1.76	X-ray	E	28	Cystic fibrosis transmembrane conductance regulator	P13569	753	experimental	sifts	True	True	SEP	753		215	0.951	False	0.173	0							True	True	False
8YFK	2.0	X-ray	F	11	TNIP1_FIR_pS123 peptide	Q15025	123	not_annotated	sifts	True	True	SEP	104		215	0.951	False	0.681	0							True	True	False
1EEO	1.8	X-ray	B	11	ACETYL-E-L-E-F-PTYR-M-D-Y-E-NH2 PEPTIDE			no_uniprot_data	unmapped	False		PTR	4		318	0.952	False	0.045	0							False	True	False
5AUL	1.1	X-ray	B	8	T-cell-specific surface glycoprotein CD28	P10747	191	experimental	author_numbering	True		PTR	191		318	0.952	False	0.102	0							True	True	False
7RNU	1.45	X-ray	H	9	Actin, alpha skeletal muscle	P68133		unmapped	unmapped	False		PTR	53		318	0.952	False	0.287	0							True	True	False
8GWH	2.0	X-ray	E	5	SRC pTyr530 peptide	P12931	530	experimental	sifts	True	True	PTR	530		318	0.952	False	0.081	0							True	True	False
3D44	1.9	X-ray	B	8	Mitogen-activated protein kinase 1 peptide	P28482		unmapped	unmapped	False		PTR	185		319	0.955	False	0.033	0							True	True	False
5DF6	1.78	X-ray	B	13	txnip	Q9H3M7	378	not_annotated	sifts	True	True	PTR	378		319	0.955	False	0.284	0							True	True	False
2NRU	2.0	X-ray	B	307	Interleukin-1 receptor-associated kinase 4	Q9NWZ3	346	experimental	author_numbering	True		SEP	346		216	0.956	False	0.956	0							True	False	True
6IC9	1.748	X-ray	C	14	TYR-SEP-PRO-THR-SER-PRO-SEP-TYR-SEP-PRO-THR-SER-PRO	P24928	1796	not_annotated	sifts	True	True	SEP	9		216	0.956	False	0.903	0							True	True	False
6IC9	1.748	X-ray	D	14	TYR-SEP-PRO-THR-SER-PRO-SEP-TYR-SEP-PRO-THR-SER-PRO	P24928		unmapped	unmapped	False		SEP	9		216	0.956	False	0.907	0							True	True	False
6QHM	1.25	X-ray	P	13	LEU-SEP-GLU	Q04206	281	experimental	author_numbering	True		SEP	281		216	0.956	False	0.217	0							True	True	False
6TQR	1.85	X-ray	E	17	StAR-related lipid transfer protein 3	Q14849	213	not_annotated	author_numbering	True		SEP	213		216	0.956	False	0.465	0							True	True	False
8YFL	1.5	X-ray	B	11	TNIP1_FIR_pS122pS123 peptide	Q15025	123	not_annotated	sifts	True	True	SEP	104		216	0.956	False	0.708	0							True	True	False
3N84	2.0	X-ray	H	6	23-membered peptide-like macrocyclic ligand			no_uniprot_data	unmapped	False		PTR	1		320	0.958	False	0.269	0							False	True	False
7RNU	1.45	X-ray	D	9	Actin, alpha skeletal muscle	P68133	55	not_annotated	sifts	True	True	PTR	53		320	0.958	False	0.015	0							True	True	False
5JEJ	2.0	X-ray	C	39	Stimulator of interferon genes protein	Q86WV6	366	experimental	sifts	True	True	SEP	366		217	0.96	False	0.358	0							True	False	True
6SQS	1.83	X-ray	D	64	E3 ubiquitin-protein ligase Mdm2	Q7YRZ8	429	by_similarity	sifts	True	True	SEP	429		217	0.96	False	0.659	0							False	False	False
3N84	2.0	X-ray	K	6	23-membered peptide-like macrocyclic ligand			no_uniprot_data	unmapped	False		PTR	1		321	0.961	False	0.251	0							False	True	False
1G1F	2.0	X-ray	B	11	TRI-PHOSPHORYLATED PEPTIDE FROM THE INSULIN RECEPTOR KINASE			no_uniprot_data	unmapped	False		PTR	1163		322	0.964	False	0.323	0							False	True	False
3N84	2.0	X-ray	I	6	23-membered peptide-like macrocyclic ligand			no_uniprot_data	unmapped	False		PTR	1		322	0.964	False	0.21	0							False	True	False
3N84	2.0	X-ray	L	6	23-membered peptide-like macrocyclic ligand			no_uniprot_data	unmapped	False		PTR	1		322	0.964	False	0.246	0							False	True	False
4S0G	1.723	X-ray	B	9	Peptide from Epidermal growth factor receptor substrate 15	P42566	849	by_similarity	sifts	True	True	PTR	849		323	0.967	False	0.009	0							True	True	False
1EEN	1.9	X-ray	B	7	ALA-ASP-PBF-PTR-LEU-ILE-PRO			no_uniprot_data	unmapped	False		PTR	4		324	0.97	False	0.078	0							False	True	False
4CH8	1.75	X-ray	S	14	PLATELET GLYCOPROTEIN IB ALPHA CHAIN, RESIDUES 287-300	P07359		unmapped	unmapped	False		PTR	276		324	0.97	False	0.272	0							True	True	False
2Y1N	1.999	X-ray	B	12	TYROSINE-PROTEIN KINASE ZAP-70 ZAP-70,70 KDA ZETA-ASSOCIATED PROTEIN, SYK-RELATED TYROSINE KINASE	P43403	292	experimental	sifts	True	True	PTR	7		325	0.973	False	0.15	0							True	True	False
3FQR	1.7	X-ray	C	10	phospho-peptide 30-39 from beta-Catenin: YLD(Sep)GIHSGA	P35222	33	experimental	sifts	True	True	SEP	4		220	0.973	False	0.624	0							True	True	False
3N84	2.0	X-ray	G	6	23-membered peptide-like macrocyclic ligand			no_uniprot_data	unmapped	False		PTR	1		325	0.973	False	0.207	0							False	True	False
3N84	2.0	X-ray	J	6	23-membered peptide-like macrocyclic ligand			no_uniprot_data	unmapped	False		PTR	1		325	0.973	False	0.269	0							False	True	False
4ZRT	1.74	X-ray	B	11	GLY-PRO-LEU-PTR-ASP-GLU	O60500		unmapped	unmapped	False		PTR	4		325	0.973	False	0.03	0							True	True	False
2IUH	2.0	X-ray	B	11	C-KIT PHOSPHOTYROSYL PEPTIDE	P10721	721	experimental	sifts	True	True	PTR	204		326	0.976	False	0.317	0							True	True	False
3N8M	2.0	X-ray	B	6	PEPTIDE			no_uniprot_data	unmapped	False		PTR	2		326	0.976	False	0.249	0							False	True	False
4JXT	1.9	X-ray	B	21	DNA-directed RNA polymerase II subunit RPB1	P24928	1628	not_annotated	author_numbering	True		SEP	1628		221	0.978	False	0.889	0							True	True	False
7AKO	1.8	X-ray	D	16	Claspin	Q9HAW4	945	not_annotated	author_numbering	True		SEP	945		221	0.978	False	0.314	0							True	True	False
2Y1N	1.999	X-ray	D	12	TYROSINE-PROTEIN KINASE ZAP-70 ZAP-70,70 KDA ZETA-ASSOCIATED PROTEIN, SYK-RELATED TYROSINE KINASE	P43403	292	experimental	sifts	True	True	PTR	7		328	0.982	False	0.225	0							True	True	False
7S8E	1.6	X-ray	E	9	MLL cleavage product N320 phosphopeptide	Q03164	750	not_annotated	sifts	True	True	SEP	4		222	0.982	False	0.664	0							True	True	False
4JS8	1.94	X-ray	A	281	Dual specificity protein kinase TTK	P33981	675	not_annotated	sifts	True	True	TPO	675		239	0.984	False	0.984	1	LYS	529	O2P	NZ	2.83	2.83	True	False	True
7RNU	1.45	X-ray	F	9	Actin, alpha skeletal muscle	P68133	55	not_annotated	sifts	True	True	PTR	53		329	0.985	False	0.039	0							True	True	False
5E2W	1.5	X-ray	P	18	TAU-PHOSPHOPEPTIDE	P10636		unmapped	unmapped	False		SEP	208		223	0.987	False	0.597	0							True	True	False
8D7O	1.65	X-ray	D	16	Period circadian protein homolog 2 peptide	O15055	665	not_annotated	author_numbering	True		SEP	665		223	0.987	False	0.128	0							True	True	False
8VQ3	1.84	X-ray	A	298	Cyclin-dependent kinase 2	P24941	160	experimental	sifts	True	True	TPO	160		240	0.988	False	0.988	0							True	False	True
9DYB	1.6	X-ray	B	8	Heat shock 70 kDa protein 1A			no_uniprot_data	unmapped	False		TPO	641		240	0.988	False	0.613	0							False	True	False
8D7N	1.66	X-ray	D	12	Period circadian protein homolog 2 peptide	O15055	665	not_annotated	author_numbering	True		SEP	665		224	0.991	False	0.146	0							True	True	False
8D7O	1.65	X-ray	C	16	Period circadian protein homolog 2 peptide	O15055	665	not_annotated	author_numbering	True		SEP	665		224	0.991	False	0.128	0							True	True	False
9TDZ	1.346	X-ray	B	12	Claspin	Q9HAW4	34	not_annotated	sifts	True	True	SEP	34		224	0.991	False	0.398	0							True	True	False
4H3K	2.0	X-ray	F	10	Hexapeptide			no_uniprot_data	unmapped	False		SEP	5		225	0.996	False	0.0	0							False	True	False
8D7N	1.66	X-ray	C	12	Period circadian protein homolog 2 peptide	O15055	665	not_annotated	author_numbering	True		SEP	665		225	0.996	False	0.137	0							True	True	False
8YFK	2.0	X-ray	H	11	TNIP1_FIR_pS123 peptide	Q15025	123	not_annotated	sifts	True	True	SEP	104		225	0.996	False	0.73	0							True	True	False
7RNS	1.14	X-ray	B	9	Actin, alpha skeletal muscle	P68133	55	not_annotated	sifts	True	True	PTR	53		333	0.997	False	0.32	0							True	True	False
7ORS	1.8	X-ray	P	12	Cyclin-dependent kinase inhibitor 1B	P46527	198	experimental	sifts	True	True	TPO	198		246	1.0	False	0.23	1	ARG	196	O3P	NH2	2.67	2.67	True	True	False
7OR8	1.8	X-ray	P	12	Cyclin-dependent kinase inhibitor 1B	P46527	198	experimental	sifts	True	True	TPO	198		244	1.0	False	0.222	1	ARG	196	O2P	NH2	2.76	2.76	True	True	False
7ORH	1.8	X-ray	P	12	Cyclin-dependent kinase inhibitor 1B	P46527	198	experimental	sifts	True	True	TPO	198		250	1.0	False	0.239	1	ARG	196	O2P	NH2	2.81	2.81	True	True	False
7ORG	1.8	X-ray	P	12	Cyclin-dependent kinase inhibitor 1B	P46527	198	experimental	sifts	True	True	TPO	198		250	1.0	False	0.222	1	ARG	196	O2P	NH2	2.82	2.82	True	True	False
1H9O	1.79	X-ray	B	5	BETA-PLATELET-DERIVED GROWTH FACTOR RECEPTOR	P09619	751	experimental	sifts	True	True	PTR	1		366	1.0	False	0.293	0							True	True	False
1JYQ	2.0	X-ray	H	4	mAZ-pY-(alpha Me)pY-N-NH2 peptide inhibitor			no_uniprot_data	unmapped	False		PTR	201		341	1.0	False	0.269	0							False	True	False
1JYQ	2.0	X-ray	L	4	mAZ-pY-(alpha Me)pY-N-NH2 peptide inhibitor			no_uniprot_data	unmapped	False		PTR	201		342	1.0	False	0.296	0							False	True	False
1LKK	1.0	X-ray	B	5	PHOSPHOTYROSYL PEPTIDE AC-PTYR-GLU-GLU-ILE			no_uniprot_data	unmapped	False		PTR	252		367	1.0	False	0.263	0							False	True	False
1LKL	1.8	X-ray	B	5	PHOSPHOTYROSYL PEPTIDE AC-PTYR-GLU-GLU-GLY			no_uniprot_data	unmapped	False		PTR	252		361	1.0	False	0.263	0							False	True	False
1SHD	2.0	X-ray	B	6	TRKA RECEPTOR			no_uniprot_data	unmapped	False		PTR	101		357	1.0	False	0.38	0							False	True	False
2W3O	1.85	X-ray	C	8	DNA REPAIR PROTEIN XRCC1	P18887	518	experimental	sifts	True	True	SEP	518		271	1.0	False	0.615	0							True	True	False
2W3O	1.85	X-ray	D	8	DNA REPAIR PROTEIN XRCC1	P18887	518	experimental	sifts	True	True	SEP	518		271	1.0	False	0.597	0							True	True	False
3FQX	1.7	X-ray	C	9	phospho-peptide  1097-1105 from insulin receptor substrate 2 (IRS2): RVA(Sep)PTSGV	Q9Y4H2	1100	by_similarity	sifts	True	True	SEP	4		240	1.0	False	0.668	0							True	True	False
3G2T	2.0	X-ray	C	13	Phosphorylated C-terminal fragment of Sortilin-related receptor	Q92673	2206	experimental	sifts	True	True	SEP	5		230	1.0	False	0.743	0							True	True	False
3G2T	2.0	X-ray	D	13	Phosphorylated C-terminal fragment of Sortilin-related receptor	Q92673	2206	experimental	sifts	True	True	SEP	5		229	1.0	False	0.827	0							True	True	False
3HIK	1.77	X-ray	B	6	Pentamer phosphopeptide			no_uniprot_data	unmapped	False		TPO	5		281	1.0	False	0.374	0							False	True	False
3K05	1.33	X-ray	C	5	phospho peptide			no_uniprot_data	unmapped	False		SEP	139		263	1.0	False	0.394	0							False	True	False
3K05	1.33	X-ray	D	5	phospho peptide			no_uniprot_data	unmapped	False		SEP	139		258	1.0	False	0.226	0							False	True	False
3ORZ	1.9995	X-ray	A	316	3-phosphoinositide-dependent protein kinase 1	O15530	241	experimental	sifts	True	True	SEP	241		230	1.0	False	1.0	0							True	False	True
3ORZ	1.9995	X-ray	C	316	3-phosphoinositide-dependent protein kinase 1	O15530	241	experimental	sifts	True	True	SEP	241		234	1.0	False	1.0	0							True	False	True
3OV1	1.6	X-ray	B	5	PYAC3CN			no_uniprot_data	unmapped	False		PTR	2		349	1.0	False	0.341	0							False	True	False
3OVE	1.82	X-ray	B	5	PYAC7CN			no_uniprot_data	unmapped	False		PTR	2		339	1.0	False	0.314	0							False	True	False
3Q4A	1.542	X-ray	C	10	Smad1 peptide	Q15797	465	experimental	sifts	True	True	SEP	465		286	1.0	False	0.478	0							True	True	False
3RQ7	1.55	X-ray	B	7	C6H5(CH2)8-derivatized peptide inhibitor			no_uniprot_data	unmapped	False		TPO	6		268	1.0	False	0.3	0							False	True	False
3S8L	1.71	X-ray	B	5	pYAc4cN			no_uniprot_data	unmapped	False		PTR	2		346	1.0	False	0.335	0							False	True	False
3S8N	1.71	X-ray	B	5	pYAc5cN			no_uniprot_data	unmapped	False		PTR	2		340	1.0	False	0.323	0							False	True	False
3S8O	1.85	X-ray	B	5	pYAc6cN			no_uniprot_data	unmapped	False		PTR	2		353	1.0	False	0.338	0							False	True	False
3U3Z	1.5	X-ray	B	4	Histone H2A.X peptide	P16104	140	experimental	sifts	True	True	SEP	1		268	1.0	False	0.615	0							True	True	False
3U3Z	1.5	X-ray	B	4	Histone H2A.X peptide	P16104	143	experimental	sifts	True	True	PTR	4		359	1.0	False	0.377	0							True	True	False
4DFW	1.55	X-ray	D	7	Peptide			no_uniprot_data	unmapped	False		TPO	6		269	1.0	False	0.267	0							False	True	False
4H3K	2.0	X-ray	F	10	Hexapeptide			no_uniprot_data	unmapped	False		SEP	2		269	1.0	False	0.469	0							False	True	False
4JG0	1.81	X-ray	P	12	Phosphopeptide			no_uniprot_data	unmapped	False		SEP	8		244	1.0	False	0.314	0							False	True	False
4O6W	1.448	X-ray	C	7	Peptide-Based inhibitor			no_uniprot_data	unmapped	False		TPO	6		271	1.0	False	0.284	0							False	True	False
4P9V	1.64	X-ray	B	5	PHQ-PTR-02K-ASN-NH2			no_uniprot_data	unmapped	False		PTR	2		345	1.0	False	0.329	0							False	True	False
4P9Z	1.8	X-ray	B	5	NMI-PTR-02K-ASN-NH2			no_uniprot_data	unmapped	False		PTR	2		348	1.0	False	0.338	0							False	True	False
4RCP	1.6	X-ray	B	5	PL-2			no_uniprot_data	unmapped	False		TPO	4		271	1.0	False	0.317	0							False	True	False
4WHH	1.9	X-ray	B	5	C6H5(CH2)8-DERIVATIZED PEPTIDE INHIBITOR			no_uniprot_data	unmapped	False		TPO	4		268	1.0	False	0.333	0							False	True	False
4WHK	1.8	X-ray	B	5	C6H5(CH2)8-DERIVATIZED PEPTIDE INHIBITOR			no_uniprot_data	unmapped	False		TPO	4		271	1.0	False	0.325	0							False	True	False
4WJN	1.5	X-ray	B	29	Protein PML	P29590	562	not_annotated	sifts	True	True	SEP	17		271	1.0	False	0.867	0							True	True	False
4X9R	1.398	X-ray	B	6	Phosphopeptide macrocycle 3B			no_uniprot_data	unmapped	False		TPO	5		266	1.0	False	0.272	0							False	True	False
4X9W	1.798	X-ray	B	5	Macrocyclic phosphopeptide 4C			no_uniprot_data	unmapped	False		TPO	4		260	1.0	False	0.247	0							False	True	False
5E2W	1.5	X-ray	P	18	TAU-PHOSPHOPEPTIDE	P10636		unmapped	unmapped	False		SEP	202		226	1.0	False	0.646	0							True	True	False
5EM9	1.6	X-ray	B	8	SEP-LEU-GLU-SER-CYS-PHE			no_uniprot_data	unmapped	False		SEP	382		266	1.0	False	0.779	0							False	True	False
5MXO	1.2	X-ray	P	3	p53 C-terminal 12 amino acids			no_uniprot_data	unmapped	False		TPO	387		279	1.0	False	0.198	0							False	True	False
5O1V	1.723	X-ray	B	285	Serine/threonine-protein kinase WNK3	Q9BYP7	304	by_similarity	author_numbering	True		SEP	304		256	1.0	False	0.757	0							True	False	True
5U1M	1.8	X-ray	B	10	Insulin receptor	P06213	999	by_similarity	sifts	True	True	PTR	1009		343	1.0	False	0.422	0							True	True	False
6AX4	1.45	X-ray	C	5	histidine N(tau)-cyclized Macrocycle 5b			no_uniprot_data	unmapped	False		TPO	5		272	1.0	False	0.309	0							False	True	False
6E8M	1.61	X-ray	B	13	DnaJ-A1 pTyr381 peptide	P31689	381	by_similarity	author_numbering	True		PTR	381		368	1.0	False	0.234	0							True	True	False
6IC8	1.929	X-ray	D	14	TYR-SEP-PRO-THR-SER-PRO-SER-TYR-SEP-PRO-THR	P24928		unmapped	unmapped	False		SEP	4		253	1.0	False	0.743	0							True	True	False
6IC9	1.748	X-ray	D	14	TYR-SEP-PRO-THR-SER-PRO-SEP-TYR-SEP-PRO-THR-SER-PRO	P24928		unmapped	unmapped	False		SEP	4		259	1.0	False	0.748	0							True	True	False
6J9J	1.78	X-ray	B	14	H3.3S31phK36M(29-42)	P84243	32	experimental	sifts	True	True	SEP	31		227	1.0	False	0.593	0							True	True	False
6OI4	1.76	X-ray	F	14	26S proteasome non-ATPase regulatory subunit 1	Q99460	950	not_annotated	sifts	True	True	PTR	950		342	1.0	False	0.38	0							True	True	False
6UYS	1.59	X-ray	D	29	Protein PML	P29590		unmapped	unmapped	False		SEP	17		235	1.0	False	0.748	0							True	True	False
6UYT	1.662	X-ray	B	29	Protein PML	P29590	562	not_annotated	sifts	True	True	SEP	17		266	1.0	False	0.805	0							True	True	False
6UYU	1.66	X-ray	B	29	Protein PML	P29590		unmapped	unmapped	False		SEP	17		268	1.0	False	0.872	0							True	True	False
6UYU	1.66	X-ray	D	29	Protein PML	P29590		unmapped	unmapped	False		SEP	17		274	1.0	False	0.836	0							True	True	False
6UYV	1.401	X-ray	B	29	Protein PML	P29590	560	not_annotated	sifts	True	True	SEP	15		254	1.0	False	0.85	0							True	True	False
6UYX	1.7	X-ray	D	17	phosphorylated DAXX			no_uniprot_data	unmapped	False		SEP	15		250	1.0	False	0.823	0							False	True	False
6UYZ	1.4	X-ray	D	17	phosphorylated DAXX			no_uniprot_data	unmapped	False		SEP	15		251	1.0	False	0.81	0							False	True	False
6WM1	1.8	X-ray	B	5	ACE-PTR-02K-ASN-PRA			no_uniprot_data	unmapped	False		PTR	2		344	1.0	False	0.362	0							False	True	False
6WM1	1.8	X-ray	D	5	ACE-PTR-02K-ASN-PRA			no_uniprot_data	unmapped	False		PTR	2		344	1.0	False	0.308	0							False	True	False
6WO2	2.0	X-ray	C	5	ACE-PTR-02K-ASN-U67			no_uniprot_data	unmapped	False		PTR	2		348	1.0	False	0.329	0							False	True	False
6WO2	2.0	X-ray	D	5	ACE-PTR-02K-ASN-U67			no_uniprot_data	unmapped	False		PTR	2		353	1.0	False	0.275	0							False	True	False
6Y3V	1.499	X-ray	P	12	c-Jun peptide	P05412	267	not_annotated	author_numbering	True		SEP	267		330	1.0	False	0.442	0							True	True	False
7AA7	1.45	X-ray	P	11	pS12/pS18 SCOC LIR	Q9UIL1	98	mapping_conflict	sifts_conflict	False	True	SEP	12		261	1.0	False	0.518	0							True	True	False
7AA7	1.45	X-ray	Q	11	pS12/pS18 SCOC LIR	Q9UIL1	98	mapping_conflict	sifts_conflict	False	True	SEP	12		266	1.0	False	0.513	0							True	True	False
7MX1	1.64	X-ray	C	6	ACE-PRO-LEU-ALA-SER-TPO			no_uniprot_data	unmapped	False		TPO	5		271	1.0	False	0.309	0							False	True	False
7MX1	1.64	X-ray	E	6	ACE-PRO-LEU-ALA-SER-TPO			no_uniprot_data	unmapped	False		TPO	5		270	1.0	False	0.309	0							False	True	False
7R8W	1.9	X-ray	B	5	JAK2 pY813 phosphopeptide			no_uniprot_data	unmapped	False		PTR	5		359	1.0	False	0.257	0							False	True	False
7RZJ	1.8	X-ray	E	9	MLL cleavage product N320 phosphopeptide	Q03164	750	not_annotated	sifts	True	True	SEP	4		227	1.0	False	0.686	0							True	True	False
7SIY	1.48	X-ray	Z	7	Peptide from Tyrosine-protein kinase ZAP-70	P43403	292	experimental	sifts	True	True	PTR	7		376	1.0	False	0.243	0							True	True	False
7Z1K	1.55	X-ray	B	16	SER-TYR-SER-PRO-THR-SEP	P24928		unmapped	unmapped	False		SEP	4		256	1.0	False	0.588	0							True	True	False
7ZMU	1.6	X-ray	B	7	non-natural peptide 2			no_uniprot_data	unmapped	False		SEP	1		259	1.0	False	0.336	0							False	True	False
8D7N	1.66	X-ray	C	12	Period circadian protein homolog 2 peptide	O15055	662	experimental	author_numbering	True		SEP	662		261	1.0	False	0.204	0							True	True	False
8D7N	1.66	X-ray	C	12	Period circadian protein homolog 2 peptide	O15055	668	not_annotated	author_numbering	True		SEP	668		267	1.0	False	0.478	0							True	True	False
8D7N	1.66	X-ray	D	12	Period circadian protein homolog 2 peptide	O15055	662	experimental	author_numbering	True		SEP	662		259	1.0	False	0.301	0							True	True	False
8D7N	1.66	X-ray	D	12	Period circadian protein homolog 2 peptide	O15055	668	not_annotated	author_numbering	True		SEP	668		263	1.0	False	0.54	0							True	True	False
8D7O	1.65	X-ray	C	16	Period circadian protein homolog 2 peptide	O15055	662	experimental	author_numbering	True		SEP	662		253	1.0	False	0.186	0							True	True	False
8D7O	1.65	X-ray	C	16	Period circadian protein homolog 2 peptide	O15055	668	not_annotated	author_numbering	True		SEP	668		263	1.0	False	0.504	0							True	True	False
8D7O	1.65	X-ray	D	16	Period circadian protein homolog 2 peptide	O15055	662	experimental	author_numbering	True		SEP	662		254	1.0	False	0.168	0							True	True	False
8D7O	1.65	X-ray	D	16	Period circadian protein homolog 2 peptide	O15055	668	not_annotated	author_numbering	True		SEP	668		260	1.0	False	0.447	0							True	True	False
8SDQ	1.85	X-ray	B	15	Histone H4	P62805	2	experimental	sifts	True	True	SEP	1		257	1.0	False	0.695	0							True	True	False
8UK5	1.4	X-ray	B	14	Histone H4S1(ph)K5ac	P62805	2	experimental	sifts	True	True	SEP	1		253	1.0	False	0.779	0							True	True	False
8VQ4	1.9	X-ray	A	298	Cyclin-dependent kinase 2	P24941	160	experimental	sifts	True	True	TPO	160		268	1.0	False	1.0	0							True	False	True
8WFP	1.99	X-ray	C	7	DD-1			no_uniprot_data	unmapped	False		TPO	6		270	1.0	False	0.313	0							False	True	False
8WFP	1.99	X-ray	D	7	DD-1			no_uniprot_data	unmapped	False		TPO	6		266	1.0	False	0.309	0							False	True	False
9D34	1.42	X-ray	C	13	TNFAIP3-interacting protein 1	Q15025	123	not_annotated	author_numbering	True		SEP	123		267	1.0	False	1.0	0							True	True	False
9SA9	1.6	X-ray	C	7	Macrocycle 2			no_uniprot_data	unmapped	False		SEP	1		261	1.0	False	0.367	0							False	True	False
9SA9	1.6	X-ray	D	7	Macrocycle 2			no_uniprot_data	unmapped	False		SEP	1		247	1.0	False	0.42	0							False	True	False
9SAB	1.5	X-ray	F	7	Macrocycle 4			no_uniprot_data	unmapped	False		SEP	1		250	1.0	False	0.363	0							False	True	False
9SAB	1.5	X-ray	G	7	Macrocycle 4			no_uniprot_data	unmapped	False		SEP	1		247	1.0	False	0.412	0							False	True	False
9T9W	1.162	X-ray	C	12	NF-kappa-B inhibitor alpha	P25963	32	experimental	author_numbering	True		SEP	32		233	1.0	False	0.292	0							True	True	False
